title,release_date
A列車で行こう4 EVOLUTION,1994-12-03
TAMA,1994-12-03
クライムクラッカーズ,1994-12-03
リッジレーサー,1994-12-03
極上パロディウスだ! DELUXE PACK,1994-12-03
熱血親子,1994-12-03
麻雀ステーションMAZIN〜麻神〜,1994-12-03
麻雀悟空 天竺,1994-12-03
ツインビー対戦ぱずるだま,1994-12-09
喜国雅彦印 笑う婦警さん パチスロハンター,1994-12-09
KING'S FIELD,1994-12-16
モータートゥーン・グランプリ,1994-12-16
ジオキューブ,1994-12-22
ツインゴッデス,1994-12-22
宝魔ハンター ライム Special Collection Vol.1,1994-12-22
実況パワフルプロ野球'95,1994-12-22
柿木将棋,1994-12-22
闘神伝,1995-01-01
コズミックレース,1995-01-20
MYST,1995-01-27
SPACE GRIFFON VF-9,1995-01-27
キリーク・ザ・ブラッド,1995-01-27
サイバースレッド,1995-01-27
雷電プロジェクト,1995-01-27
ジグソーワールド,1995-02-03
アイドル雀士 スーチーパイ Limited,1995-03-24
上海 万里の長城,1995-03-24
スターブレードα,1995-03-31
ヴィクトリーゾーン,1995-03-31
宇宙生物フロポン君P!,1995-03-31
球転界,1995-03-31
鉄拳,1995-03-31
パチ夫くん パチンコランド大冒険,1995-04-14
金沢将棋'95,1995-04-21
ぐっすんおよよ,1995-04-28
ガンナーズ ヘブン,1995-04-28
ジャンピングフラッシュ! アロハ男爵ファンキー大作戦の巻,1995-04-28
ミスランド まちがい探しゲーム,1995-04-28
ザッツ・ポン! エンターテイメント雀荘,1995-05-12
へべれけスてーショんポポイっと,1995-05-26
ニチブツマージャン 女子高名人戦,1995-05-26
悟空伝説 MAGIC BEAST WARRIORS,1995-05-26
ゲームの達人,1995-06-09
ユニバーサル・バーチャパチスロ 〜必勝攻略法〜,1995-06-16
ファルカタ 〜アストラン・パードマの紋章〜,1995-06-23
機動戦士ガンダム,1995-06-23
競馬最勝の法則'95,1995-06-23
アクアノートの休日,1995-06-30
アークザラッド,1995-06-30
エースコンバット,1995-06-30
くるりんPA!,1995-07-07
動画でパズルだ!プップクプー,1995-07-07
麻雀巌流島,1995-07-07
実況パワフルプロ野球'95開幕版,1995-07-14
Jリーグ 実況ウイニングイレブン,1995-07-21
KING'S FIELD II,1995-07-21
サイバーウォー,1995-07-21
ドラゴンボールZ Ultimate Battle 22,1995-07-28
ナイトストライカー,1995-07-28
フィロソマ,1995-07-28
3×3EYES 〜吸精公主〜,1995-08-11
グランド・ストローク ADVANCED TENNIS GAME,1995-08-11
ストリートファイター リアルバトル オン フィルム,1995-08-11
学校のコワイうわさ 花子さんが来た!!,1995-08-11
ZERO DIVIDE,1995-08-25
ツァイトガイスト,1995-08-25
BOXER'S ROAD,1995-09-08
おーちゃんのお絵かきロジック（英語版） パズラー監修・本家本元,1995-09-08
永世名人,1995-09-08
信長の野望・覇王伝,1995-09-15
宝魔ハンター ライム Special Collection vol.2,1995-09-15
METAL JACKET,1995-09-22
Vテニス,1995-09-22
エグゼクター,1995-09-22
レイマン,1995-09-22
EMITバリューパック vol.1時の迷子、vol.2命がけの旅、vol.3私にさよならを,1995-09-29
Jリーグサッカー プライムゴールEX,1995-09-29
キング オブ ボウリング,1995-09-29
ハーミィホッパーヘッド 〜スクラップパニック〜,1995-09-29
ユニバーサル機完全解析 パチスロシミュレーター,1995-09-29
三國志IV,1995-09-29
出たなツインビーヤッホー! DELUXE PACK,1995-09-29
対局将棋 極,1995-09-29
闘魂烈伝 新日本プロレスリング,1995-09-29
The 鬼退治 目指せ! 二代目桃太郎,1995-10-13
ときめきメモリアル〜forever with you〜,1995-10-13
ウィザードリィVII ガーディアの宝珠,1995-10-13
ゲームの鉄人 THE 上海,1995-10-13
トータルエクリプス ターボ,1995-10-13
ハイパーフォーメーションサッカー,1995-10-13
サンダーストーム & ロードブラスター,1995-10-20
豪血寺一族2 〜ちょっとだけ最強伝説〜,1995-10-20
ダークシード,1995-10-27
卒業II 〜Neo Generation〜,1995-10-27
戦国サイバー 藤丸地獄変,1995-10-27
ただいま惑星開拓中!,1995-11-03
ビヨンド ザ ビヨンド 〜遥かなるカナーンへ〜,1995-11-03
井出洋介の麻雀家族,1995-11-03
海底大戦争,1995-11-10
負けるな!魔剣道2,1995-11-10
サラブレッドブリーダーIIプラス,1995-11-17
ナイトヘッド - ザ・ラビリンス -,1995-11-17
戦略将棋,1995-11-17
A.IV.EVOLUTION GLOBAL,1995-11-22
AI将棋,1995-11-22
DOUBLE HEADER 燃えろ!!プロ野球'95,1995-11-22
オフワールド・インターセプター エクストリーム,1995-11-22
ストライカー ワールドカッププレミアムステージ,1995-11-22
ナムコミュージアム VOL.1,1995-11-22
ブルー・シカゴ・ブルース J.B.HAROLD,1995-11-22
Break Thru!,1995-12-01
Dの食卓 コンプリートグラフィックス,1995-12-01
パーフェクトゴルフ,1995-12-01
リヴァーシオン,1995-12-01
戦闘国家 AIR LAND BATTLE,1995-12-01
リッジレーサーレボリューション,1995-12-03
オセロワールドII 夢と未知への挑戦,1995-12-08
カルネージハート,1995-12-08
スノーマン,1995-12-08
ミラクルワールド 不思議の国のIQ迷路,1995-12-08
将棋 女流名人位戦,1995-12-08
GUNBIRD ガンバード,1995-12-15
クラシックロード,1995-12-15
ストリートファイターII ムービー,1995-12-15
幻想水滸伝,1995-12-15
爆笑!! オール吉本クイズ王決定戦DX,1995-12-15
祇園花,1995-12-15
鉄道王'96 いくぜ億万長者!!,1995-12-15
NBAパワーダンカーズ,1995-12-22
PDウルトラマンインベーダー,1995-12-22
ちびまる子ちゃん まる子絵日記ワールド,1995-12-22
ザ・ファイヤーメン2 ピート & ダニー,1995-12-22
ストリートファイターZERO,1995-12-22
メタモル・パニック DOKIDOKI妖魔バスターズ,1995-12-22
土器王紀,1995-12-22
忍空,1995-12-22
東京ダンジョン,1995-12-22
でろ〜んでろでろ,1995-12-29
ウィザーズハーモニー,1995-12-29
ウイニングポストEX,1995-12-29
エコエコアザラク,1995-12-29
キリーク・ザ・ブラッド2 Reason in Madness（英語版）,1995-12-29
テーマパーク,1995-12-29
ニチブツアーケードクラシックス,1995-12-29
ホーンドアウル,1995-12-29
四柱推命ピタグラフ,1995-12-29
超兄貴 〜究極無敵銀河最強男〜,1995-12-29
通天閣,1995-12-29
闘神伝2,1995-12-29
ナムコマージャン スパローガーデン,1996-01-01
くまのプー太郎 空はピンクだ!全員集合!!(それダメっす),1996-01-13
アジャイル ウォーリアー,1996-01-13
ハイオクタン,1996-01-13
マジカルドロップ,1996-01-13
ロボピット,1996-01-13
厄 友情談疑,1996-01-13
競馬最勝の法則'96VOL1,1996-01-13
闘牌伝 アカギ,1996-01-13
フローティングランナー,1996-01-19
ポリスノーツ,1996-01-19
占都物語その1,1996-01-19
松方弘樹のワールドフィッシング,1996-01-19
DESCENT,1996-01-26
グリルロジック,1996-01-26
サイドワインダー,1996-01-26
シュタールフェーダー,1996-01-26
ライフスケイプ 生命40億年はるかな旅,1996-01-26
レッスルマニア・ジ・アーケードゲーム,1996-01-26
水滸演武,1996-01-26
第4次スーパーロボット大戦S,1996-01-26
アルナムの牙 獣族十二神徒伝説,1996-02-02
古典詰碁集 四神の巻,1996-02-02
DEATH MASK,1996-02-09
デストラクション・ダービー,1996-02-09
ナムコミュージアム VOL.2,1996-02-09
ポリスノーツ プライベートコレクション,1996-02-09
サイベリア,1996-02-16
スナッチャー,1996-02-16
チャンピオンレスラー実況ライブ,1996-02-16
ドラえもん のび太と復活の星,1996-02-16
ハードロックキャブ,1996-02-16
パペットズー・ピロミィ,1996-02-16
ロードランナー レジェンドリターンズ,1996-02-16
ヴィークル・キャヴァリアー,1996-02-16
昇龍三国演義,1996-02-16
PGA TOUR'96,1996-02-23
アメリカ横断ウルトラクイズ,1996-02-23
ウエルカムハウス,1996-02-23
ハイパークレイジークライマー,1996-02-23
ブロキッズ,1996-02-23
全日本GT選手権改,1996-02-23
太閤立志伝II,1996-02-23
トワイライトシンドローム探索編,1996-03-01
ノバストーム,1996-03-01
レボリューションX,1996-03-01
ワールドカップゴルフ,1996-03-01
ヴォルケンクラッツァー,1996-03-01
進め!対戦ぱずるだま,1996-03-01
CG昔話 じいさん2度びっくり,1996-03-08
SANKYO FEVER実践シミュレーション,1996-03-08
ゲックス,1996-03-08
ロジックパズルレインボータウン,1996-03-08
卒業R 〜Graduation Real〜,1996-03-08
美少女戦士セーラームーンSuperS 真・主役争奪戦,1996-03-08
ゾーク・ワン,1996-03-15
ファイヤープロレスリング96,1996-03-15
ブラッドファクトリー,1996-03-15
ワールドサッカー ウイニングイレブン,1996-03-15
DX人生ゲーム,1996-03-22
がんばれゴエモン〜宇宙海賊アコギング〜,1996-03-22
アテナの家庭盤 ファミリーゲームズ,1996-03-22
ウイニングポスト2,1996-03-22
エアーマネジメント'96,1996-03-22
チョロQ,1996-03-22
ハイパーファイナルマッチテニス,1996-03-22
バイオハザード,1996-03-22
メルティランサー 〜銀河少女警察2086〜,1996-03-22
ロードラッシュ,1996-03-22
ワイプアウト,1996-03-22
ヴァンパイア,1996-03-22
天地を喰らうII 赤壁の戦い,1996-03-22
宇宙豪商伝 爆裂商人,1996-03-22
NuPa〜ぬうぱ〜,1996-03-29
TIZ -Tokyo Insect Zoo-,1996-03-29
あすか120%スペシャルBURNING Fest,1996-03-29
アンジェリークスペシャル,1996-03-29
キリングゾーン,1996-03-29
グラディウス DELUXE PACK,1996-03-29
テトリスX,1996-03-29
パズルボブル2,1996-03-29
三國志英傑伝,1996-03-29
信長の野望・天翔記,1996-03-29
大戦略 プレイヤーズスピリット,1996-03-29
機動戦士ガンダムVer.2,1996-03-29
鉄拳2,1996-03-29
SLAM DRAGON,1996-04-12
デッドヒートロード,1996-04-12
プレイスタジアム,1996-04-12
ポテスタス,1996-04-12
リング オブ サイアス,1996-04-12
DOOM,1996-04-19
めざせ!戦球王,1996-04-19
アドヴァンスト ヴァリアブル・ジオ,1996-04-19
オーバードライビンDX,1996-04-19
Jリーグバーチャルスタジアム96,1996-04-26
The・心理ゲーム,1996-04-26
ときめきメモリアル プライベートコレクション,1996-04-26
アイレムアーケードクラシックス,1996-04-26
ギャラクシアン3,1996-04-26
シヴィライゼーション新世界七大文明,1996-04-26
ジャンピングフラッシュ2,1996-04-26
ジョニー・バズーカ,1996-04-26
ダブルドラゴン,1996-04-26
パチパチサーガ,1996-04-26
ロックマンX3,1996-04-26
信長疾風記,1996-04-26
太陽のしっぽ,1996-04-26
アンスタック,1996-05-03
キャプテン翼J ゲットインザトゥモロゥ,1996-05-03
ギャラクシーファイト ユニバーサル・ウォーリアーズ,1996-05-03
サラブレッド達の栄冠,1996-05-03
パンドラプロジェクト,1996-05-03
首都高バトル DRIFT KING 土屋圭市&坂東正明,1996-05-03
ウルフファング空牙2001,1996-05-10
バディムス,1996-05-10
花札グラフィティー 恋々物語,1996-05-10
DEFCON5,1996-05-17
NBAJAM T.E,1996-05-17
サーキットビート,1996-05-17
ESPN ストリートゲームス,1996-05-24
サンダーホーク2,1996-05-24
デザエモンプラス,1996-05-24
モータートゥーン・グランプリ2,1996-05-24
矢追純一極秘プロジェクト『UFOを追え』,1996-05-24
Extreme Power,1996-05-31
あいどるプロモーション〜すずきゆみえ〜,1996-05-31
エイリアン トリロジー,1996-05-31
エキスパート,1996-05-31
キュイーン,1996-05-31
ダンジョンクリエイター,1996-05-31
ドラゴンボールZ 偉大なるドラゴンボール伝説,1996-05-31
ブロックくずし デデンの逆襲,1996-05-31
鉄球 TRUE PINBALL,1996-05-31
ぼのぐらし これで完璧でぃす,1996-06-07
ヴィクトリースパイク,1996-06-07
NBA LIVE96,1996-06-14
モータルコンバット3,1996-06-14
痛快!スロットシューティング,1996-06-14
～麻雀戦術～ 安藤満プロの亜空間殺法,1996-06-14
EPSシリーズVOL.1 森川友紀子,1996-06-21
EPSシリーズVOL.2 仲間由紀恵,1996-06-21
EPSシリーズVOL.3 角田智美,1996-06-21
EPSシリーズVOL.4 山本ともあ,1996-06-21
EPSシリーズVOL.5 水谷純子,1996-06-21
KING'S FIELD III,1996-06-21
シーバス・フィッシング,1996-06-21
ナムコミュージアム VOL.3,1996-06-21
メールプラーナ,1996-06-21
対決!るみーず!メルヘンランド,1996-06-21
新フォーチュンクエスト 食卓の騎士たち,1996-06-21
栄光のフェアウェイ,1996-06-21
極 大道棋,1996-06-21
SDガンダム OVER GALAXIAN,1996-06-28
ザ・キング・オブ・ファイターズ'95,1996-06-28
ハイパーオリンピック イン アトランタ,1996-06-28
レースドライビングa GO GO,1996-06-28
井出洋介名人の新実戦麻雀,1996-06-28
卒業 クロスワールド,1996-06-28
蟲の居所,1996-06-28
SANKYO FEVERダウンタウン劇場,1996-07-05
TOTAL NBA'96,1996-07-05
タイムギャル&忍者ハヤテ,1996-07-05
ディスクワールド,1996-07-05
ネオ・プラネット,1996-07-05
雨月奇譚,1996-07-05
ゴータ2,1996-07-12
ポポロクロイス物語,1996-07-12
マスターズ 新・遙かなるオーガスタ,1996-07-12
THE OPEN GOLF,1996-07-19
actua SOCCER,1996-07-19
アクアノートの休日メモリーズオブサマー1996,1996-07-19
ストライカーズ1945,1996-07-19
トワイライトシンドローム究明編,1996-07-19
リトルビッグアドベンチャー,1996-07-19
学校であった怖い話S,1996-07-19
本格麻雀 徹萬SPECIAL,1996-07-19
NOëL NOT DiGITAL,1996-07-26
エンジェル グラフィティ,1996-07-26
キング オブ スタリオン,1996-07-26
クロックワークス（英語版）,1996-07-26
ショックウェーブ,1996-07-26
ワールドスタジアムEX,1996-07-26
刻命館,1996-07-26
新型くるりんPA!,1996-07-26
時空探偵DD 幻のローレライ,1996-07-26
オーバーブラッド,1996-08-02
トバルNo.1,1996-08-02
モータルコンバット2,1996-08-02
レイクマスターズ,1996-08-02
信長の野望 リターンズ,1996-08-02
Cyber Speed,1996-08-09
Fighting Illusion K-1グランプリ,1996-08-09
ストリートファイターZERO2,1996-08-09
スラムジャム96 M.J K.A.J,1996-08-09
七つの秘館,1996-08-09
クリーチャーショック,1996-08-23
スタジオP,1996-08-23
トーナメント・リーダー,1996-08-23
ポエド,1996-08-23
出世麻雀 大接待,1996-08-23
戦乱,1996-08-23
提督の決断II,1996-08-23
COOL BOARDERS,1996-08-30
CRW/カウンターレボリューション・ウォー,1996-08-30
にゃんとワンダフル,1996-08-30
るぷぷキューブ ルプ★さらだ,1996-08-30
アーサーとアスタロトの謎魔界村,1996-08-30
イエロー・ブリック・ロード,1996-08-30
サムライスピリッツ 斬紅郎無双剣,1996-08-30
ソニックウィングス スペシャル,1996-08-30
ハイパーラリー,1996-08-30
プロ麻雀 極PLUS,1996-08-30
北斗の拳,1996-08-30
小島武夫 麻雀帝王,1996-08-30
東亜プランシューティングバトル,1996-08-30
蛭子能収大穴競艇,1996-08-30
謎王,1996-08-30
鋼鉄霊城 スティールダム,1996-08-30
風雲悟空忍伝,1996-08-30
ウイングコマンダー3,1996-09-06
スマッシュコート,1996-09-06
テトリスプラス,1996-09-06
トンズラくん,1996-09-06
Big Hurt ベースボール,1996-09-13
アイルトンセナカートデュエル,1996-09-13
ジグソーアイランド,1996-09-13
スーパーカジノスペシャル,1996-09-13
バーチャル・プロレスリング,1996-09-13
ライズオブザロボット2,1996-09-13
天地無用!登校無用,1996-09-13
必殺パチンコステーション,1996-09-13
月下の棋士〜王竜戦〜,1996-09-13
究極の倉庫番,1996-09-13
英語の鉄人センター試験トライアル,1996-09-13
釣りバカ日誌,1996-09-13
魔法少女ファンシーCoCo,1996-09-13
POSIT ぽじっと,1996-09-20
にとうしんでん,1996-09-20
アイドル雀士 スーチーパイII Limited,1996-09-20
パチンコ大好き,1996-09-20
ヴィクトリーゾーン2,1996-09-20
女神異聞録ペルソナ,1996-09-20
幻影闘技 SHADOW STRUGGLE,1996-09-20
おーちゃんのお絵かきロジック2,1996-09-27
ときめきメモリアル 対戦ぱずるだま,1996-09-27
インタナショナルMOTOーX,1996-09-27
ウェディングピーチ ドキドキお色直し,1996-09-27
ギャロップレーサー,1996-09-27
シルエット☆ストーリィズ,1996-09-27
ターフウィンド96 武豊競走馬育成ゲーム,1996-09-27
パワーレンジャーピンボール,1996-09-27
マッハGo Go Go,1996-09-27
リターン・トゥ・ゾーク,1996-09-27
伝説のオウガバトル,1996-09-27
女子高生の放課後・・ぷくんパ,1996-09-27
東京SHADOW,1996-09-27
炎の15種目アトランタオリンピック,1996-09-27
王宮の秘宝 テンション,1996-09-27
黒ノ十三,1996-09-27
Air Assault,1996-10-04
C1-CIRCUIT,1996-10-04
FINALIST,1996-10-04
あれ!も これ?も 桃太郎,1996-10-04
くるくるトゥインクル おねがいおほしさま,1996-10-04
すらいムしよう!,1996-10-04
アサルト リグス,1996-10-04
アンジェリークスペシャルプレミアムBOX,1996-10-04
ウイニングポスト2 プログラム96,1996-10-04
カオスコントロール,1996-10-04
クリティコム ザ・クリティカルコンバット,1996-10-04
クレイジー イワン,1996-10-04
サイキックフォース,1996-10-04
スペクトラルタワー,1996-10-04
ローンソルジャー,1996-10-04
水滸伝・天命の誓い,1996-10-04
ヒロイン・ドリーム,1996-10-10
フィッシュアイズ,1996-10-10
リーディングジョッキー ハイブリッド,1996-10-10
結婚 Marriage,1996-10-10
続ぐっすんおよよ,1996-10-10
THE DEEP失われた深海,1996-10-18
キングオブパーラー,1996-10-18
ショックウェーブ オペレーション・ジャンプゲート,1996-10-18
ストーンウォーカーズ,1996-10-18
パチンコドリーム,1996-10-18
ブレインテッド13,1996-10-18
メガチュード2096,1996-10-18
首領蜂,1996-10-18
DEATH WING,1996-10-25
THEわれめDEポン,1996-10-25
eexy life EAST END×YURI,1996-10-25
アポなしギャルズ おりんぽす,1996-10-25
オウバードフォース,1996-10-25
シェルショック,1996-10-25
スターグラディエイター,1996-10-25
ビルクラッシュ,1996-10-25
ピンボールファンタジーズDX,1996-10-25
ボトムオフザナインス メジャーリーグヒーローズ,1996-10-25
ヴァンダルハーツ〜失われた古代文明〜,1996-10-25
爆れつハンターまあじゃんすぺしゃる,1996-10-25
童夢の野望 〜F1 GP NIPPONの挑戦〜,1996-10-25
LULU,1996-11-01
NIGHTRUTH 闇の扉,1996-11-01
アークザラッドII,1996-11-01
クーリースカンク（英語版）,1996-11-01
ザ・タワー ボーナスエディション,1996-11-01
ジョッキーゼロ,1996-11-01
セクシーパロディウス,1996-11-01
チェスマスター,1996-11-01
デジクロ デジタルナンバーク,1996-11-01
バーミン・キッズ,1996-11-01
競馬最勝の法則'96VOL2,1996-11-01
3Dレミングス,1996-11-08
それいけ×ココロジー,1996-11-08
アローン イン ザ ダーク2,1996-11-08
オリンピックサッカー,1996-11-08
テクモスーパーボール,1996-11-08
ナムコミュージアム VOL.4,1996-11-08
ワイプアウトXL,1996-11-08
Twisted Metal,1996-11-15
はるかぜ戦隊Vフォース,1996-11-15
ぷよぷよ通 決定盤,1996-11-15
タイムコマンドー,1996-11-15
ベルトロガー9,1996-11-15
怪獣戦記,1996-11-15
拳聖キング・オブ・ボクシング,1996-11-15
Jリーグ 実況ウイニングイレブン97,1996-11-22
ぐっすんぱらだいす,1996-11-22
エターナルメロディ,1996-11-22
コブラ・ザ・シューティング,1996-11-22
ズープ,1996-11-22
タクラマカン 敦煌傳竒,1996-11-22
フィスト,1996-11-22
ボイスパラダイス エクセラ,1996-11-22
東方珍遊記 はーふりんぐ・はーつ,1996-11-22
NBA パワーダンカーズ2,1996-11-29
Panzer General,1996-11-29
TFX,1996-11-29
V-Tennis 2,1996-11-29
るろうに剣心 -明治剣客浪漫譚- 維新激闘編,1996-11-29
エア・グレイブ,1996-11-29
シミュレーションズー,1996-11-29
スーパーフットボールチャンプ,1996-11-29
タイムボカンシリーズ ボカンと一発!ドロンボー,1996-11-29
デザーテッド アイランド 新・無人島物語,1996-11-29
探偵 神宮寺三郎 未完のルポ,1996-11-29
皇龍三國演義,1996-11-29
金田一少年の事件簿 悲報島 新たなる惨劇,1996-11-29
麻雀大会2スペシャル,1996-11-29
レイジレーサー,1996-12-03
DEPTH,1996-12-06
DX億万長者ゲーム,1996-12-06
ToPoLo,1996-12-06
らんま1/2バトルルネッサンス,1996-12-06
エクストラブライト,1996-12-06
オラクルの宝石,1996-12-06
ガボールスクリーン,1996-12-06
キッドクラウンのクレイジーチェイス2,1996-12-06
クラッシュ・バンディクー,1996-12-06
ステークスウィナーGI完全制覇への道,1996-12-06
スーパーパズルファイターIIX,1996-12-06
パラッパラッパー,1996-12-06
ピットボール,1996-12-06
ファーストクイーン4,1996-12-06
ブルーフォレスト物語 風の封印,1996-12-06
里見の謎,1996-12-06
Formula 1,1996-12-13
PRIMAL RAGE,1996-12-13
ぐーちょDEパーク テーマパークものがたり,1996-12-13
ガイアシード,1996-12-13
クロックタワー2,1996-12-13
スピードキング,1996-12-13
ゼイラムゾーン,1996-12-13
ダイハードトリロジー,1996-12-13
ダライアス外伝,1996-12-13
トゥルー・ラブストーリー,1996-12-13
ハードボール5,1996-12-13
ヘブンズゲート,1996-12-13
ペブルビーチの波濤 PLUS,1996-12-13
ロックマン8 メタルヒーローズ,1996-12-17
3Dシューティングツクール,1996-12-20
DX日本特急旅行ゲーム,1996-12-20
NOT TREASURE HUNTER,1996-12-20
ZXE-D,1996-12-20
emu〜君を伝えて〜,1996-12-20
ありす in Cyberland,1996-12-20
くるくるぱにっく,1996-12-20
ウエルカムハウス2,1996-12-20
ウルトラマンゼアス,1996-12-20
ガレオス,1996-12-20
シムシティ2000,1996-12-20
ソウルエッジ,1996-12-20
ライトニングレジェンド,1996-12-20
ロジック麻雀 創龍,1996-12-20
ワイルドアームズ,1996-12-20
実況おしゃべりパロディウス,1996-12-20
新SD戦国伝 機動武者大戦,1996-12-20
新日本プロレス 闘魂烈伝2,1996-12-20
永世名人2,1996-12-20
首都高バトル外伝,1996-12-20
魔法少女プリティサミー Part1,1996-12-20
BLOODY BRIDE いまどきのバンパイア,1996-12-27
きゅー爆っく,1996-12-27
グリッドランナー,1996-12-27
スター・ウォーズ レベルアサルトII,1996-12-27
バーチャルギャロップ 騎手道,1996-12-27
ブラック ドーン,1996-12-27
マイティヒット,1996-12-27
大航海時代II,1996-12-27
対局囲碁 GO2 プロフェッショナル,1996-12-27
新スーパーロボット大戦,1996-12-27
闘神伝3,1996-12-27
黄昏のオード ‐ODE TO THE SUNSET ERA‐,1996-12-27
BASTARD!! -虚ろなる神々の器-,1996-12-28
NHLパワープレイ'96,1997-01-10
RACINGROOVY,1997-01-10
ぷるるん! With シェイプUPガール,1997-01-10
もうぢや,1997-01-10
ゲームの達人2,1997-01-10
サンプラス エクストリームテニス,1997-01-10
シティーブラボー!,1997-01-10
ストリートレーサーエクストラ,1997-01-10
スポット ゴーズトゥーハリウッド,1997-01-10
リアルバウト餓狼伝説,1997-01-10
ルパン三世 カリオストロの城 -再会-,1997-01-10
レイストーム,1997-01-10
ロードランナー エクストラ,1997-01-10
一発逆転 ギャンブルキング伝説,1997-01-10
CIVIZARD 魔術の系譜,1997-01-17
F-1 GRAND PRIX 1996 チーム運営シミュレーション,1997-01-17
HAUNTEDじゃんくしょん,1997-01-17
トリプルプレイベースボール,1997-01-17
レイ・トレーサー,1997-01-17
上海 Great Moments,1997-01-17
公開されなかった手記,1997-01-17
同級生麻雀,1997-01-17
ゲゲゲの鬼太郎,1997-01-24
プリンセスメーカー 夢みる妖精,1997-01-24
峠MAX 最速ドリフトマスター,1997-01-24
恐怖新聞,1997-01-24
I.Q インテリジェントキューブ,1997-01-31
アイアンマン/XOマノワー,1997-01-31
スターウォーズ ダークフォース,1997-01-31
バーニング ロード,1997-01-31
ファイナルファンタジーVII,1997-01-31
プロロジック麻雀 牌神,1997-01-31
メタフリスト,1997-01-31
西陣パチンコ天国Vol.1,1997-01-31
ドラゴンナイト4,1997-02-07
厄痛〜呪いのゲーム〜,1997-02-07
TOP GUN FIRE AT WILL,1997-02-14
トゥームレイダース,1997-02-14
ハームフルパーク,1997-02-14
バットマンフォーエヴァー・ジ・アーケードゲーム,1997-02-14
マジックカーペット,1997-02-14
三國志V,1997-02-14
三國志孔明伝,1997-02-14
NBA JAM エクストリーム,1997-02-21
WING OVER,1997-02-21
WWF イン ユア ハウス,1997-02-21
ガンシップ,1997-02-21
スターファイター3000,1997-02-21
チョロQ2,1997-02-21
デストラクション・ダービー2,1997-02-21
ドラえもん2 SOS!おとぎの国,1997-02-21
ナージュリーブル 螺旋の相剋,1997-02-21
天下制覇,1997-02-21
宝魔ハンターライムwithペイントメーカー,1997-02-21
忍者じゃじゃ丸くん 鬼斬忍法帖,1997-02-21
激烈パチンカーズ,1997-02-21
3Dベースボール ザ メジャー,1997-02-28
AZITO,1997-02-28
NBA LIVE97,1997-02-28
ふしぎの国のアンジェリーク,1997-02-28
クーロンズゲート,1997-02-28
スペースジャム,1997-02-28
ソビエトストライク,1997-02-28
ダービージョッキーR,1997-02-28
ナムコミュージアム VOL.5,1997-02-28
ハイパー3Dピンボール,1997-02-28
マクロス デジタルミッション VF-X,1997-02-28
マジカルホッパーズ,1997-02-28
ラスベガスドリーム2,1997-02-28
ラブゲームス わいわいテニス,1997-02-28
ワームス,1997-02-28
三國無双,1997-02-28
全日本GT選手権 MAX Rev.,1997-02-28
海腹川背・旬,1997-02-28
鈍色の攻防 32人の戦車長,1997-02-28
ヘンリーエクスプローラーズ,1997-03-07
RESCUE 24 Hours,1997-03-14
おどおどおっでぃ,1997-03-14
ウルティマアンダーワールド,1997-03-14
スーパーパンコレクション,1997-03-14
パチスロ完全攻略ユニバーサル公式ガイド Vol.1,1997-03-14
ビッグチャレンジゴルフ,1997-03-14
フィッシング甲子園2,1997-03-14
ブシドーブレード,1997-03-14
リフレインラブ 〜あなたに逢いたい〜,1997-03-14
魔法少女プリティサミー Part2,1997-03-14
DEEP SEA 海底宮パンタラッサの謎,1997-03-20
PGA TOUR'97,1997-03-20
SDガンダム GCENTURY,1997-03-20
エリア51,1997-03-20
クイーンズロード,1997-03-20
スーパーロボットシューティング,1997-03-20
ロックマン バトル&チェイス,1997-03-20
三國志リターンズ,1997-03-20
悪魔城ドラキュラX 月下の夜想曲,1997-03-20
ファイナルファンタジーIV,1997-03-21
ときめきメモリアル SELECTION藤崎詩織,1997-03-27
ブリーディングスタッド 牧場で逢いましょう,1997-03-27
BOYS BE…,1997-03-28
アンドレッティレーシング97,1997-03-28
クロス・ロマンス,1997-03-28
ザ・コンビニ あの町を独占せよ,1997-03-28
セイバーマリオネットJ BATTLE SABERS,1997-03-28
ゼビウス3D/G+,1997-03-28
ドキドキプリティリーグ,1997-03-28
提督の決断III,1997-03-28
新スーパーロボット大戦スペシャルディスク,1997-03-28
浪速の商人〜振ってナンボのサイコロ人生〜,1997-03-28
覚悟のススメ,1997-03-28
Street Games '97,1997-04-11
actua GOLF,1997-04-11
アランドラ,1997-04-11
アンジェリークスペシャル2,1997-04-11
ゲーム日本史 革命児 織田信長,1997-04-11
ザ・グレイトバトルVI,1997-04-11
スタンバイ Say You!,1997-04-11
ダークハンター 上 異次元学園,1997-04-11
ディスラプター,1997-04-11
パワーステークス,1997-04-11
プレイスタジアム2,1997-04-11
戦闘国家 改 インプルーブド,1997-04-11
新 テーマパーク,1997-04-11
爆れつハンターそれぞれの想い,1997-04-11
競馬最勝の法則'97VOL1,1997-04-11
雷電DX,1997-04-11
HASHIRIYA,1997-04-18
えこのKIDS,1997-04-18
オリンピア山佐バーチャパチスロ2,1997-04-18
クォヴァディス イベルカーツ戦役,1997-04-18
フェーダ2 ホワイト=サージ ザ・プラトゥーン,1997-04-18
ベルデセルバ戦記,1997-04-18
ボイスアイドルコレクション,1997-04-18
マックスレーサー,1997-04-18
大冒険デラックス 遥かなる海,1997-04-18
PAL 神犬伝説,1997-04-25
Parlorプロ,1997-04-25
TILK 〜青い海から来た少女〜,1997-04-25
イワトビペンギン ROCKY×HOPPER,1997-04-25
エルフィンパラダイス,1997-04-25
ガメラ2000,1997-04-25
キャロムショット ザ・3Dビリヤード,1997-04-25
ザ・クロウ,1997-04-25
ダカール'97,1997-04-25
トバル2,1997-04-25
ファイターズインパクト,1997-04-25
ファンタステップ,1997-04-25
ランニング・ハイ,1997-04-25
水木しげるの妖怪武闘伝,1997-04-25
秘・宝・王 もうお前とは口きかん,1997-04-25
聖痕のジョカ 光と闇の聖王女,1997-04-25
首都高バトルR,1997-04-25
GUNDAM 0079,1997-05-02
ザ・心理ゲーム2,1997-05-02
ジ アンソルブド,1997-05-02
フェイド・トゥ・ブラック,1997-05-02
フォーミュラ・サーカス,1997-05-02
ライアット・スターズ,1997-05-02
あかずの間,1997-05-09
あすか120%エクセレントBURNING Fest,1997-05-09
ステークスウィナー2最強馬伝説,1997-05-09
ナノテック ウォリアー,1997-05-09
ネオリュード,1997-05-09
シムタウン,1997-05-16
地獄先生ぬ〜べ〜,1997-05-16
甲子園5,1997-05-16
BLAM! マシーンヘッド,1997-05-23
DEFEAT LIGHTNING,1997-05-23
INDY500,1997-05-23
RUNABOUT,1997-05-23
がんばれ森川君2号,1997-05-23
スパイダー（英語版）,1997-05-23
マリーのアトリエ ザールブルグの錬金術士,1997-05-23
DEKA四駆,1997-05-30
NHL PowerRink '97,1997-05-30
エースコンバット2,1997-05-30
エーベルージュ,1997-05-30
グリッツ ザ ピラミッドアドベンチャー,1997-05-30
ケイン・ザ・バンパイア,1997-05-30
シュレディンガーの猫,1997-05-30
ダブルイーグル,1997-05-30
ダークハンター 下 妖魔の森,1997-05-30
信長秘録 下天の夢,1997-05-30
日本プロ麻雀連盟公認 道場破り,1997-05-30
秦始皇帝,1997-05-30
ワールドサッカーウイニングイレブン97,1997-06-05
BOUNTY SWORD FIRST,1997-06-06
クァンタムゲート I,1997-06-06
大海信長伝 下天2,1997-06-06
ポイッターズポイント,1997-06-12
アライドジェネラル,1997-06-13
ファイロ&クロード,1997-06-13
メタルエンジェル3,1997-06-13
ときめきメモリアル 対戦とっかえだま,1997-06-19
BABY UNIVERSE,1997-06-20
FIFAサッカー97,1997-06-20
SOLD OUT,1997-06-20
ガンダム・ザ・バトルマスター,1997-06-20
ザルツブルグの魔女,1997-06-20
ゼロヨンチャンプDooZyJ,1997-06-20
デジカルリーグ,1997-06-20
パズルアリーナ 闘神伝,1997-06-20
ファイナルファンタジータクティクス,1997-06-20
QUIZなないろDREAMS 虹色町の奇跡,1997-06-27
TOTAL NBA '97,1997-06-27
ZERO DIVIDE2,1997-06-27
インパクトレーシング,1997-06-27
ストレスレス レッスン れすれす,1997-06-27
タイムクライシス ガンコン同梱版,1997-06-27
ネクストキング 恋の千年王国,1997-06-27
フォーメーションサッカー97,1997-06-27
プロレス戦国伝 週刊プロレス監修,1997-06-27
真説サムライスピリッツ武士道烈伝,1997-06-27
BODY HAZARD,1997-07-03
EOS Edge of Skihigh,1997-07-03
エンジェル・ブレード,1997-07-03
オーバードライビンII,1997-07-03
マッドストーカー フルメタルフォース,1997-07-03
沙羅曼蛇 DELUXE PACK PLUS,1997-07-03
ザ・キング・オブ・ファイターズ'96,1997-07-04
QUEST FOR FAME,1997-07-10
ときめきメモリアル ドラマVol.1 虹色の青春,1997-07-10
アーマードコア,1997-07-10
西暦1999 ファラオの復活,1997-07-10
サガ フロンティア,1997-07-11
RALLY CROSS,1997-07-17
みんなのGOLF,1997-07-17
キャットザリパー 13人目の探偵,1997-07-17
クロックタワー ザ・ファースト・フィアー,1997-07-17
ストリートファイターEX plus α,1997-07-17
ダービースタリオン,1997-07-17
バウンダリーゲート,1997-07-17
バーチャル飛龍の拳,1997-07-17
プルーフクラブ,1997-07-17
怪物パラダイス,1997-07-17
攻殻機動隊 GHOST IN THE SHELL,1997-07-17
超人学園ゴウカイザー,1997-07-17
雷弩機兵ガイブレイブ,1997-07-17
ボンビンアイランド,1997-07-18
Carnage Heart EZ,1997-07-24
DX人生ゲームII,1997-07-24
NHL97,1997-07-24
OUTLIVE Be Eliminate Yesterday,1997-07-24
こちら葛飾区亀有公園前派出所,1997-07-24
チージィー,1997-07-24
マイホーム ドリーム,1997-07-24
モンスターファーム,1997-07-24
未踏峰への挑戦 アルプス編,1997-07-24
西陣パチンコ天国 VOl.2,1997-07-24
超光速グランドール,1997-07-24
Baseball Navigator,1997-07-31
X-COM 未知なる侵略者,1997-07-31
はじめの一歩,1997-07-31
アークザラッド・モンスターゲーム with カジノゲーム,1997-07-31
スペースインベーダー,1997-07-31
トレジャーギア,1997-07-31
ハードブロウ,1997-07-31
パチスロ完全攻略ユニバーサル公式ガイド2,1997-07-31
マスターオブモンスターズ,1997-07-31
ラングリッサー1&2,1997-07-31
レシプロヒート5000,1997-07-31
ヴァーチャルボウリング,1997-07-31
初恋ばれんたいん,1997-07-31
機動戦士ガンダム PERFECT ONE YEAR WAR,1997-07-31
激突!四駆バトル（英語版）,1997-07-31
神聖伝メガシード 復活編,1997-07-31
ロックマンX4,1997-08-01
FIGHTING NETWORK RINGS,1997-08-07
JetMoto,1997-08-07
アルカノイド・リターンズ,1997-08-07
エルフを狩るモノたち-完全版,1997-08-07
ガンバレット,1997-08-07
スーパーブラックバスX,1997-08-07
パンツァーバンディット,1997-08-07
メタルスラッグ,1997-08-07
ライフスケープ2 ボディバイオニクス,1997-08-07
倉庫番ベーシック,1997-08-07
南方珀堂登場,1997-08-07
同級生2,1997-08-07
美少女花札紀行 みちのく秘湯恋物語,1997-08-07
X2（英語版）,1997-08-21
ぱすてるみゅーず,1997-08-21
スターボーダーズ,1997-08-21
ドラゴンボール FINAL BOUT,1997-08-21
ロボ・ピット2,1997-08-21
Twisted Metal EX,1997-08-28
エルフを狩るモノたち-花札編,1997-08-28
クールボーダーズ2,1997-08-28
グラディウス外伝,1997-08-28
ナスカーレーシング,1997-08-28
プリルラ アーケードギアーズ,1997-08-28
メックウォリア2,1997-08-28
実況パワフルプロ野球'97開幕版,1997-08-28
悠久幻想曲,1997-08-28
新戦記ヴァンゲイル,1997-08-28
栄光のセント・アンドリュース,1997-08-28
K-1 リベンジ ファイティングイリュージョン,1997-09-11
ウキウキ釣り天国 人魚伝説の謎,1997-09-11
ブレス オブ ファイアIII,1997-09-11
三國志4 with パワーアップキット,1997-09-11
信長の野望天翔記 with パワーアップキット,1997-09-11
熱砂の惑星,1997-09-11
風のノータム,1997-09-11
くるみミラクル,1997-09-15
BREAK POINT,1997-09-18
B線上のアリス,1997-09-18
My Dream 〜オンエアが待てなくて,1997-09-18
ウィズ（英語版）,1997-09-18
オールスター麻雀,1997-09-18
ダークシードII,1997-09-18
バトルバグス,1997-09-18
FRONT MISSION 2,1997-09-25
J's RACIN',1997-09-25
Porsche Challenge,1997-09-25
あやかし忍伝くの一番,1997-09-25
サウンドノベルツクール2,1997-09-25
シーバス・フィッシング2,1997-09-25
スターワインダー,1997-09-25
タクティクスオウガ,1997-09-25
トリプルプレー98,1997-09-25
バイオハザード ディレクターズカット,1997-09-25
パロウォーズ,1997-09-25
フリートークスタジオ マリの気ままなおしゃべり,1997-09-25
マーヴル・スーパーヒーローズ,1997-09-25
リンダキューブ アゲイン,1997-09-25
天空のエスカフローネ,1997-09-25
火竜娘 柳判官編・高悠環編,1997-09-25
鉄道王2 世界征服の野望,1997-09-25
ウイニングポスト2ファイナル97,1997-10-02
オーバードライビン スカイラインメモリアル,1997-10-02
サイキックフォース パズル大戦,1997-10-02
パチスロ完全攻略 クランキープロ,1997-10-02
ファイナルドゥーム,1997-10-02
ファイナルファンタジーVII インターナショナル,1997-10-02
ボイスファンタジア失われたボイスパワー,1997-10-02
ラグナキュール,1997-10-02
大航海時代外伝,1997-10-02
アイマックス将棋2,1997-10-09
クオンパ,1997-10-09
スペクトラルフォース,1997-10-09
パワーステークス Grade1,1997-10-09
ムーンライトシンドローム,1997-10-09
情熱 熱血アスリーツ,1997-10-09
黒の剣,1997-10-09
moon,1997-10-16
イバラード,1997-10-16
ウィザーズハーモニー2,1997-10-16
卒業VACATION,1997-10-16
競馬最勝の法則'97VOL2,1997-10-16
どきどきシャッターチャンス★〜恋のパズルを組み立てて〜,1997-10-23
ストリートファイターコレクション,1997-10-23
デッドリースカイ,1997-10-23
プロジェクト ガイアレイ,1997-10-23
プロレス戦国伝〜HYPER TAG MATCH〜,1997-10-23
マリオ武者野の超将棋塾,1997-10-23
ワールド・ネバーランド 〜オルルド王国物語〜,1997-10-23
Parlorプロ2,1997-10-30
こみゅにてぃぽむ,1997-10-30
スタースィープ,1997-10-30
トリパズ,1997-10-30
ナムコミュージアムアンコール,1997-10-30
マジカルドロップ3よくばり特大号,1997-10-30
装甲騎兵ボトムズ外伝,1997-10-30
10101〜“WILL”The Starship〜,1997-11-06
BLOODY ROAR,1997-11-06
U.S.ネイビーファイターズ,1997-11-06
カルコロ!おちものシューティング,1997-11-06
グランストリーム伝紀,1997-11-06
パズルボブル3DX,1997-11-06
聖刻1092 操兵伝,1997-11-06
BATTLE FORMATION,1997-11-13
アザーライフ・アザードリームス,1997-11-13
トラ!トラ!トラ!,1997-11-13
ホームドクター,1997-11-13
子育てクイズ マイエンジェル,1997-11-13
まじかるで〜と ドキドキ告白大作戦,1997-11-20
アイルトンセナカートデュエル2,1997-11-20
アインハンダー,1997-11-20
ギャロップレーサー2,1997-11-20
コナミアンティークスMSXコレクション Vol.1,1997-11-20
ザ・マスターズ・ファイター,1997-11-20
ソウルマスター,1997-11-20
ネオリュード2,1997-11-20
パワードール2,1997-11-20
マッドパニックコースター,1997-11-20
ミニ四駆 爆走兄弟レッツ&ゴー!! WGPハイパーヒート,1997-11-20
リーサルエンフォーサーズ DELUXE PACK,1997-11-20
伸縮対戦 It's a のに〜!,1997-11-20
DARE DEVIL DERBY 3D,1997-11-27
GADGET 〜Past as Future〜,1997-11-27
GUNTU WESTERN 鉄の記憶,1997-11-27
HYBRID,1997-11-27
R?MJ,1997-11-27
RPGツクール3,1997-11-27
ぷよぷよSUN 決定盤,1997-11-27
アサンシア 魔杖の呪縛,1997-11-27
ウォークラフト2:ダーク・サーガ,1997-11-27
クライムクラッカーズ2,1997-11-27
ザ・心理ゲーム3,1997-11-27
ツタンカーメンの謎 アンク,1997-11-27
ドラゴンビート レジェンドオブピンボール,1997-11-27
ハッピーホテル,1997-11-27
バーガーバーガー,1997-11-27
ファーランドストーリー 四つの封印,1997-11-27
ミッドナイトラン ロードファイター2,1997-11-27
信長の野望・将星録,1997-11-27
加藤一二三九段 将棋倶楽部,1997-11-27
実戦パチスロ必勝法!5,1997-11-27
A5 A列車で行こう5,1997-12-04
アーマードコア プロジェクトファンタズマ,1997-12-04
エージェント・アームストロング -秘密司令大作戦-,1997-12-04
クリティカルブロウ,1997-12-04
サイドバイサイドスペシャル,1997-12-04
ダムダム・ストンプランド,1997-12-04
ミントン警部の捜査ファイル 道化師殺人事件,1997-12-04
メルティランサー Re-inforce,1997-12-04
ロスト・ワールド/ジュラシック・パーク,1997-12-04
森田将棋,1997-12-04
ABE a GOGO,1997-12-11
Jリーグ実況ウィニングイレブン 3,1997-12-11
キングオブプロデューサー,1997-12-11
セロファーンズ,1997-12-11
トゥルー・ラブストーリー 〜Remember My Heart〜,1997-12-11
マリア 君たちが生まれた理由,1997-12-11
坂本竜馬・維新開国,1997-12-11
幻世虚構・精霊機導弾,1997-12-11
機動戦士Ζガンダム,1997-12-11
維新の嵐,1997-12-11
釣道 海釣り編,1997-12-11
闘姫伝承 ANGEL EYES,1997-12-11
風のクロノア door to phantomile,1997-12-11
ロックマンDASH 鋼の冒険心,1997-12-12
FRONT MISSION ALTERNATIVE,1997-12-18
るろうに剣心 -明治剣客浪漫譚- 十勇士陰謀編,1997-12-18
わくわくダービー,1997-12-18
クラッシュ・バンディクー2 コルテックスの逆襲!,1997-12-18
クロック!パウパウアイランド,1997-12-18
サイドワインダー2,1997-12-18
サイバーエッグ バトルチャンピオン,1997-12-18
ザ・コンビニ2,1997-12-18
ハイパーオリンピック イン ナガノ,1997-12-18
パネルクイズ アタック25,1997-12-18
フォトジェニック,1997-12-18
モトレーサー,1997-12-18
ロマックス LOMAX,1997-12-18
名車列伝Greatest70'S,1997-12-18
学校をつくろう!!,1997-12-18
対局囲碁 平成棋院,1997-12-18
竜機伝承,1997-12-18
蒼空の翼,1997-12-18
電車でGO!,1997-12-18
グランツーリスモ,1997-12-23
チョコボの不思議なダンジョン,1997-12-23
テイルズ オブ デスティニー,1997-12-23
リヴン THE SEQUEL TO MYST,1997-12-23
桃太郎電鉄7,1997-12-23
AI将棋2,1997-12-25
Formula Grand Prix 1997 チーム運営シミュレーション2,1997-12-25
SANKYO FEVER実践シミュレーション2,1997-12-25
アルナムの翼 焼塵の空の彼方へ,1997-12-25
オレっ!トンバ,1997-12-25
サイバーボッツ,1997-12-25
サムライスピリッツ天草降臨スペシャル,1997-12-25
ザップ!スノーボーディングトリックス'98,1997-12-25
ブルーブレイカー 笑顔の約束,1997-12-25
プリズナー・オブ・アイス,1997-12-25
必殺パチンコステーション 2,1997-12-25
蒼穹紅蓮隊 黄武出撃,1997-12-25
スーパーライブスタジアム,1998-01-01
マイクロマシーンズ,1998-01-01
BATTLE MASTER,1998-01-08
V-RALLY,1998-01-08
グルーヴ地獄V,1998-01-08
サテライティービー,1998-01-08
ドミノくんをとめないで。,1998-01-08
モノポリー,1998-01-08
リアルロボッツファイナルアタック,1998-01-08
Formula 1 97,1998-01-15
OPTION チューニングカーバトル,1998-01-15
メタルフィスト,1998-01-15
ロストチルドレン,1998-01-15
大運動会オルタナティヴ,1998-01-15
コナミアンティークスMSXコレクション Vol.2,1998-01-22
ザ・スターボウリングDX,1998-01-22
ザ・マッチゴルフ,1998-01-22
トゥームレイダー2,1998-01-22
プレイステーションコミック コブラ・ザ・サイコガン Vol.1,1998-01-22
プレイステーションコミック コブラ・ザ・サイコガン Vol.2,1998-01-22
信長の野望・全国版,1998-01-22
Blaze & Blade 〜Eternal Quest〜,1998-01-29
NBAパワーダンカーズ3,1998-01-29
NOON,1998-01-29
コンプリートサッカー オンサイド,1998-01-29
スノーブレイク,1998-01-29
スペクトラルタワー2,1998-01-29
バイオハザード2,1998-01-29
バストアムーブ,1998-01-29
バックガイナー 覚醒編,1998-01-29
バックルアップ!,1998-01-29
ビーバス&バットヘッド ヴァーチャル・アホ症候群,1998-01-29
ボンバーマンワールド,1998-01-29
忠臣蔵 検証赤穂事件,1998-01-29
R-TYPES,1998-02-05
エクサレギウス,1998-02-05
ユニバーサルナッツ,1998-02-05
提督の決断III withパワーアップキット,1998-02-05
X.RACING,1998-02-11
ゼノギアス,1998-02-11
テナントウォーズ,1998-02-11
バッシングビート,1998-02-11
愛しあう事しかできない,1998-02-11
EGG,1998-02-19
ウルトラマン Fighting Evolution,1998-02-19
クーリエ・クライシス,1998-02-19
チョロQ3,1998-02-19
ドルイド 闇への追跡者,1998-02-19
ファンタスティック・フォー,1998-02-19
プリズムコート,1998-02-19
星で発見!!たまごっち,1998-02-19
G・O・D pure,1998-02-26
NOëL 〜La neige〜,1998-02-26
Neo ATLAS,1998-02-26
The Hive Wars,1998-02-26
X-MEN VS. STREET FIGHTER EX EDITION,1998-02-26
「ぶたゲー」でいいんじゃない?,1998-02-26
イワトビペンギン ROCKY×HOPPER2 探偵物語,1998-02-26
ウィザードリィ リルガミンサーガ,1998-02-26
ウイニングポスト3,1998-02-26
ジャングルパーク,1998-02-26
チョロQジェット,1998-02-26
ツアーパーティー 卒業旅行に行こう,1998-02-26
ナイトメア・クリーチャーズ,1998-02-26
ネクタリス,1998-02-26
パチンコホール 新装大開店,1998-02-26
プロジェクトV6,1998-02-26
ミサの魔法物語,1998-02-26
天仙娘々劇場版,1998-02-26
最終電車,1998-02-26
毛利元就 誓いの三矢,1998-02-26
立体忍者活劇 天誅,1998-02-26
雀じゃん恋しましょ,1998-02-26
信長の野望・戦国群雄伝,1998-03-07
湾岸トライアル,1998-03-07
0からの麻雀 麻雀幼稚園,1998-03-12
Lost Sword 〜失われた聖剣〜,1998-03-12
ZERO PILOT,1998-03-12
ずっといっしょ,1998-03-12
ひざの上の同居人,1998-03-12
ガンダム・ザ・バトルマスター2,1998-03-12
クロックタワーゴーストヘッド,1998-03-12
サウンドキューブ,1998-03-12
ザ・コンビニスペシャル,1998-03-12
タイガーシャーク,1998-03-12
タイムボカンシリーズ ボカンですよ,1998-03-12
デッド オア アライブ,1998-03-12
パチスロ完全解析,1998-03-12
ファイナルラウンド,1998-03-12
ブシドーブレード弐,1998-03-12
ロボトロンX,1998-03-12
組立バトル くっつけっと,1998-03-12
音楽ツクールかなでーる2,1998-03-12
GUNばれ!ゲーム天国,1998-03-19
みつめてナイト,1998-03-19
みどりのマキバオー 黒い稲妻 白い奇跡,1998-03-19
イメージファイト & Xマルチプライ アーケードギアーズ,1998-03-19
コナミアンティークスMSXコレクション Vol.3,1998-03-19
ゼルドナーシルト スペシャル,1998-03-19
テニスアリーナ,1998-03-19
ナスカー98,1998-03-19
ファイナルファンタジーV,1998-03-19
プリズム・ランド・ストーリー,1998-03-19
ヘクセン,1998-03-19
ボールブレイザー,1998-03-19
マジカル頭脳パワー!! PARTY SELECTION,1998-03-19
将棋最強2,1998-03-19
英雄伝説III 白き魔女 -もうひとつの英雄たちの物語-,1998-03-19
電流イライラ棒リターンズ,1998-03-19
Iceman / Digital Play Stage,1998-03-26
…いる!,1998-03-26
ときめきメモリアル ドラマVol.2 彩のラブソング,1998-03-26
サムライスピリッツ剣客指南パック,1998-03-26
トランスフォーマー ビーストウォーズ,1998-03-26
ファイアーウーマン纏組,1998-03-26
ブロークン ヘリックス,1998-03-26
レブス,1998-03-26
吉村将棋,1998-03-26
大阪湾岸バトル,1998-03-26
実機パチスロ徹底攻略 山佐コレクション,1998-03-26
悠久幻想曲 2nd Album,1998-03-26
新日本プロレス闘魂烈伝3,1998-03-26
東京23区制服WARS,1998-03-26
柿木将棋2,1998-03-26
牌神2,1998-03-26
続 初恋物語 〜修学旅行〜,1998-03-26
金田一少年の事件簿2 地獄遊園殺人事件,1998-03-26
鉄拳3,1998-03-26
項劉記,1998-03-26
パラサイト・イヴ,1998-03-29
ENIGMA,1998-04-02
NBA LIVE98,1998-04-02
UNO,1998-04-02
わくわくボウリング,1998-04-02
クラシックロード 優駿2,1998-04-02
ツインビーRPG,1998-04-02
テストドライブ4（英語版）,1998-04-02
ブリガンダイン幻想大陸戦記,1998-04-02
プレイステーションコミック キャロル・ザ・ダークエンジェル,1998-04-02
メビウスリンク3D,1998-04-02
モータルコンバットトリロジー,1998-04-02
ワンダー3 アーケードギアーズ,1998-04-02
修羅の門,1998-04-02
卒業III 〜Wedding Bell〜,1998-04-02
水滸伝・天導一〇八星,1998-04-02
装甲騎兵ボトムズ ウド・クメン編,1998-04-02
闘神伝カードクエスト,1998-04-02
電波少年的ゲーム,1998-04-02
Gダライアス,1998-04-09
スーチーパイアドベンチャードキドキ・ナイトメア,1998-04-09
パワーステークス2,1998-04-09
個人教授,1998-04-09
麻雀倶楽部,1998-04-09
コマンド&コンカーコンプリート,1998-04-16
サイドポケット3 3Dポリゴンビリヤード,1998-04-16
テイルコンチェルト,1998-04-16
ブレイヴ・プローヴ,1998-04-16
プレイスタジアム3,1998-04-16
ボンバーマンウォーズ,1998-04-16
新世紀エヴァンゲリオン 鋼鉄のガールフレンド,1998-04-16
かっとびチューン,1998-04-23
もってけたまごwithがんばれ!かものはし,1998-04-23
アンシャントロマン,1998-04-23
クレイマン・クレイマン,1998-04-23
ゲームで青春,1998-04-23
サラブレッドブリーダー世界制覇編,1998-04-23
ジュンクラシックC.C&ロペ倶楽部,1998-04-23
ストレートビクトリー 〜星野一義への挑戦〜,1998-04-23
可変走攻ガンバイク,1998-04-23
天使同盟,1998-04-23
探偵 神宮寺三郎 夢の終わりに,1998-04-23
激走グランドレーシング,1998-04-23
超魔神英雄伝ワタル アナザーステップ,1998-04-23
バトルラウンドUSA,1998-04-29
フォックスジャンクション,1998-04-29
ワールドスタジアム2,1998-04-29
競馬エイト'98春夏,1998-04-29
プロ野球熱闘ぱずるスタジアム,1998-05-07
ワールドリーグサッカー,1998-05-07
元祖ファミリーマージャン,1998-05-07
宇宙のランデヴー RAMA,1998-05-07
FIFA ロード トゥ ワールドカップ98,1998-05-14
GUILTY GEAR,1998-05-14
カウボーイビバップ,1998-05-14
ドッチDEボール!,1998-05-14
実況アメリカンベースボール,1998-05-14
STOLEN SONG,1998-05-21
オリンピア高砂バーチャパチスロ3,1998-05-21
グレイトラグビー実況'98ワールドカップへの道,1998-05-21
サンダーフォースV パーフェクトシステム,1998-05-21
ダイナマイトボクシング,1998-05-21
ミラクルジャンパーズ,1998-05-21
撞球ビリヤードマスター,1998-05-21
本格囲碁,1998-05-21
炎の料理人 クッキングファイター好,1998-05-21
LUNAR シルバースターストーリー,1998-05-28
SANKYO FEVER実践シミュレーション3,1998-05-28
キッチンぱにっく,1998-05-28
ザ・キング・オブ・ファイターズ'97,1998-05-28
ダウンヒル・スノー,1998-05-28
パラノイアスケープ,1998-05-28
パーフェクトゴルフ2,1998-05-28
フロッガー,1998-05-28
ワールドサッカー実況ウイニングイレブン3 ワールドカップ フランス'98,1998-05-28
双界儀,1998-05-28
銀河英雄伝説,1998-05-28
K.Oザ・ライブ・ボクシング,1998-06-04
Tから始まる物語,1998-06-04
YAKATA,1998-06-04
クライシスシティ,1998-06-04
ダイナマイトサッカー98,1998-06-04
ナムコアンソロジー1,1998-06-04
フォーメーションサッカー98,1998-06-04
マリーのアトリエPLUS 〜ザールブルグの錬金術士〜,1998-06-04
あっナンジャリン,1998-06-11
どきどきON AIR,1998-06-11
エーベルージュ スペシャル,1998-06-11
キングオブパーラー2,1998-06-11
ダークメサイア,1998-06-11
バスフィッシャーマン,1998-06-11
ポケットファイター,1998-06-11
村越正海の爆釣日本列島,1998-06-11
98甲子園,1998-06-18
JGTC オールジャパングランドツーリングカー チャンピオンシップ,1998-06-18
XI,1998-06-18
すたあ☆もんじゃ,1998-06-18
アナザー・メモリーズ,1998-06-18
クライシスビート,1998-06-18
コンビネーションプロサッカー～Jリーグの監督になって世界をめざせ！～,1998-06-18
チェックメイト,1998-06-18
テーマホスピタル,1998-06-18
トカ ツーリングカーチャンピオンシップ,1998-06-18
ヒロインドリーム2,1998-06-18
東京魔人學園剣風帖,1998-06-18
Parlorプロ3,1998-06-25
SHADOW TOWER,1998-06-25
はいぱぁセキュリティーズ2,1998-06-25
まわってムーチョ!,1998-06-25
コロニーウォーズ,1998-06-25
スレイヤーズ ろいやる,1998-06-25
スーパーアドベンチャーロックマン,1998-06-25
ダブルキャスト,1998-06-25
チョロQマリン Qボート,1998-06-25
ハローキティのキューブでキュート,1998-06-25
バッグガイナー 飛翔編,1998-06-25
プチカラット,1998-06-25
プロレス戦国伝2～格闘絵巻～,1998-06-25
ヘラクレスの大冒険,1998-06-25
マスモンKIDS,1998-06-25
リアルバウト餓狼伝説スペシャル ドミネイテッドマインド,1998-06-25
実戦パチスロ必勝法!サミーレヴォリューション,1998-06-25
惑星攻機隊 りとるキャッツ,1998-06-25
爆走デコトラ伝説,1998-06-25
精霊召喚 〜プリンセス オブ ダークネス〜,1998-06-25
英雄伝説 I・II,1998-06-25
落ちゲーやろうぜ! 電撃コンストラクション,1998-06-25
銀河お嬢様伝説ユナ ファイナルエディション,1998-06-25
ソルディバイド,1998-07-02
トワイライトシンドロームSP,1998-07-02
バーチャル競艇'98,1998-07-02
三國志Vwithパワーアップキット,1998-07-02
大幽霊屋敷 〜浜村淳の実話怪談〜,1998-07-02
帰ってきたパチ夫くん〜DREAM COLLECTION〜,1998-07-02
b.l.u.e. Legend of water,1998-07-09
アルカナ戦記ルド,1998-07-09
ディアブロ,1998-07-09
ポイッターズポイント2〜SODOMの陰謀〜,1998-07-09
ラブ・セラピー,1998-07-09
レイクマスターズ2,1998-07-09
RapidRacer,1998-07-16
Shake Kids,1998-07-16
ときめきの放課後 ねっクイズしよ,1998-07-16
ウルトラマンティガ&ダイナ 新たなる二つの光,1998-07-16
ジングルキャッツ,1998-07-16
ピキーニャ! エクセレンテ,1998-07-16
ブレイヴフェンサー 武蔵伝,1998-07-16
夜想曲,1998-07-16
花火,1998-07-16
蒼天の白き神の座 GREAT PEAK,1998-07-16
SKI AIR MIX,1998-07-23
みさきアグレッシヴ!,1998-07-23
オーバーブラッド2,1998-07-23
シルエットミラージュ リプログラムドホープ,1998-07-23
ブルーブレイカーバースト微笑を貴方と,1998-07-23
全日本プロレス女王伝説,1998-07-23
季節を抱きしめて,1998-07-23
実況パワフルプロ野球'98開幕版,1998-07-23
影牢 〜刻命館 真章〜,1998-07-23
新世紀エヴァンゲリオン エヴァと愉快な仲間たち,1998-07-23
遊☆戯☆王 モンスターカプセルブリード&バトル,1998-07-23
3D格闘ツクール,1998-07-30
Epica Stella,1998-07-30
お嬢様特急,1998-07-30
ゆうわくオフィス恋愛課,1998-07-30
アンジェリーク デュエット,1998-07-30
キャロムショット2,1998-07-30
スターオーシャン セカンドストーリー,1998-07-30
ハローチャーリー!!,1998-07-30
ハードボイルド,1998-07-30
バウンティソード ダブルエッジ,1998-07-30
ファイヤーパニック 〜マックのレスキュー大作戦〜,1998-07-30
ブリーディングスタッド2,1998-07-30
卒業M〜生徒会長の華麗なる陰謀〜,1998-07-30
夢☆色いろ,1998-07-30
爆走兄弟レッツ&ゴー!!エターナルウイングス,1998-07-30
私立ジャスティス学園,1998-07-30
秘密結社Q,1998-07-30
3×3EYES〜転輪王幻夢〜,1998-08-06
ALIVE,1998-08-06
JetMoto'98,1998-08-06
NOëL 〜La neige〜 Special,1998-08-06
SDガンダム GGENERATION,1998-08-06
あのこどこのこ,1998-08-06
ウキウキ釣り天国〜川物語〜,1998-08-06
ガンバァール,1998-08-06
ザ・ドラッグストア マツモトキヨシでお買いもの!,1998-08-06
トラップガンナー,1998-08-06
トランスポートタイクーン3D,1998-08-06
ドラゴンシーズ 最終進化形態,1998-08-06
バイオハザード2 デュアルショックVer.,1998-08-06
バイオハザードディレクターズカット デュアルショックVer.,1998-08-06
パズルボブル4,1998-08-06
パチスロ完全攻略ユニバーサル公式ガイド3,1998-08-06
ファミリーボウリング,1998-08-06
ボンバーマン ファンタジーレース,1998-08-06
メリーメント・キャリング・キャラバン,1998-08-06
ラストレポート,1998-08-06
ワールドプロテニス'98,1998-08-06
倉庫番ベーシック2,1998-08-06
鋼仁戦記 GO-JIN SENKI,1998-08-06
陸釣王,1998-08-06
エコーナイト,1998-08-13
エルフを狩るモノたち2,1998-08-13
クレイマン・クレイマン2,1998-08-13
ドリーム・ジェネレーション 〜恋か? 仕事か!?…〜,1998-08-13
プリンセスメーカー ポケット大作戦,1998-08-13
快速天使,1998-08-13
花と龍,1998-08-13
アバラバーン,1998-08-20
実戦パチスロ徹底 SPEED.CR金閣寺3,1998-08-20
川のぬし釣り 秘境を求めて,1998-08-20
必殺パチスロステーション,1998-08-20
Dancing Blade かってに桃天使!,1998-08-27
にじいろトゥインクル ぐるぐる大作戦,1998-08-27
アストロノーカ,1998-08-27
カプコンジェネレーション第1集,1998-08-27
キングオブボウリング2,1998-08-27
グランド・セフト・オート,1998-08-27
ザ・キング・オブ・ファイターズ京,1998-08-27
パーラーステーション,1998-08-27
ルシファード,1998-08-27
時空探偵DD2 叛逆のアプサラル,1998-08-27
英雄伝説IV 朱紅い雫,1998-08-27
銃夢,1998-08-27
Mystic Mind 〜揺れる想い〜,1998-09-03
ナビット,1998-09-03
メタルギアソリッド,1998-09-03
毎日猫曜日,1998-09-03
風の丘公園にて,1998-09-03
Robots Video ALCHEMY,1998-09-09
Jaja馬カルテット,1998-09-10
きまぐれマイベイビィ 娘のスゴロク成長記,1998-09-10
どきどきポヤッチオ,1998-09-10
まじかるめでぃかる,1998-09-10
カクテル・ハーモニー,1998-09-10
スピンテイル,1998-09-10
デビュー21,1998-09-10
ドルフィンズドリーム,1998-09-10
ブルーブレイカーバースト笑顔の明日に,1998-09-10
封神演義,1998-09-10
怒首領蜂,1998-09-10
SPAWN THE ETERNAL,1998-09-17
U.P.P.,1998-09-17
ガブル,1998-09-17
キャプテンコマンドー,1998-09-17
シミュレーションRPGツクール,1998-09-17
ビシバシスペシャル,1998-09-17
峠MAX2,1998-09-17
御神楽少女探偵団,1998-09-17
慶応遊撃隊外伝 蘭末ちゃんの大江戸すごろく,1998-09-17
蒼き狼と白き牝鹿・元朝秘史,1998-09-17
Blaze & Blade Busters,1998-09-23
DX億万長者ゲーム2,1998-09-23
Knight & Baby,1998-09-23
いただきストリート ゴージャスキング,1998-09-23
つんつん組 すうじでぷにぷに,1998-09-23
アドヴァンストV.G.2,1998-09-23
エキサイティングバス,1998-09-23
エンドセクター,1998-09-23
オーバードライビン3,1998-09-23
カプコンジェネレーション第2集,1998-09-23
ザ・ゲームメーカー 売れ売れ100万本げっとだぜ!,1998-09-23
スターウォーズ マスターズ オブ テラス・カシ,1998-09-23
スターライトスクランブル 恋愛候補生,1998-09-23
センチメンタルジャーニー,1998-09-23
デストレーガ,1998-09-23
ドキドキプリティリーグ熱血乙女青春記,1998-09-23
ナムコアンソロジー2,1998-09-23
パイロットになろう!,1998-09-23
フィフス・エレメント,1998-09-23
ラリー・デ・アフリカ,1998-09-23
三國志II,1998-09-23
上海 真的武勇,1998-09-23
本格将棋「将棋王」,1998-09-23
織田信長伝,1998-09-23
ウイニングポスト3 プログラム98,1998-10-01
エフィカス この想いを君に…,1998-10-01
ガーディアンリコール 〜守護獣召喚〜,1998-10-01
ビートマニア,1998-10-01
仮面ライダー,1998-10-01
最強の囲碁,1998-10-01
アルバレアの乙女,1998-10-08
サイレントメビウス CASE:TITANIC,1998-10-08
三國志VI,1998-10-08
実況アメリカンベースボール2,1998-10-08
本格プロ麻雀真徹萬,1998-10-08
AZITO2,1998-10-15
MTB DIRT CROSS,1998-10-15
ひみつ戦隊メタモルV DX,1998-10-15
カプコンジェネレーション第3集,1998-10-15
ギャングウェイ・モンスターズ,1998-10-15
グラニュー島大冒険,1998-10-15
サンパギータ,1998-10-15
スペクトラルフォース2,1998-10-15
トランプしようよ!,1998-10-15
中島みゆき「なみろむ」,1998-10-15
四川風激辛麻雀,1998-10-15
LSD,1998-10-22
ROX -ロックス-,1998-10-22
SIMPLE1500シリーズ Vol.1 THE 麻雀,1998-10-22
SIMPLE1500シリーズ Vol.2 THE 将棋,1998-10-22
SIMPLE1500シリーズ Vol.3 THE 五目ならべ,1998-10-22
SIMPLE1500シリーズ Vol.4 THE リバーシ,1998-10-22
ぽっぷんぽっぷ,1998-10-22
オウバードフォースアフター,1998-10-22
ストライカーズ1945 II,1998-10-22
ストリートボーダーズ,1998-10-22
スレイヤーズわんだほ〜,1998-10-22
デザエモンKids!,1998-10-22
デジタルフィギュア イイナ,1998-10-22
バーチャパチスロオリンピアスペシャル,1998-10-22
星の丘学園物語 学園祭,1998-10-22
森高千里サファリ東京,1998-10-22
火星物語,1998-10-22
競馬エイト'98秋冬,1998-10-22
だんじょん商店会,1998-10-29
アフレイド・ギア,1998-10-29
グレイトヒッツ,1998-10-29
ジオメトリーデュエル,1998-10-29
レガイア伝説,1998-10-29
五竜陣+エレクトロ,1998-10-29
全スーパーロボット大戦 電視大百科,1998-10-29
御意見無用2,1998-10-29
必殺パチンコステーション モンスターハウススペシャル,1998-10-29
海のOH!YAH!,1998-10-29
雷弩機兵ガイブレイブII,1998-10-29
FIFA WORLDCUP98 フランス98総集編,1998-11-05
ザ・心理ゲームIV〜いつも心に星空を〜,1998-11-05
ゼウス カルネージハートセカンド,1998-11-05
ドカポン!怒りの鉄剣,1998-11-05
ファミレスへようこそ!,1998-11-05
マネーアイドルエクスチェンジャー,1998-11-05
モンスターシード,1998-11-05
ラッキールーク,1998-11-05
ヴァンパイア セイヴァー EXエディション,1998-11-05
初恋ばれんたいん スペシャル,1998-11-05
猫なカ・ン・ケ・イ,1998-11-05
Parlorプロ4,1998-11-12
アナザー・マインド,1998-11-12
カプコンジェネレーション第4集,1998-11-12
スマッシュコート2,1998-11-12
パワーリーグ,1998-11-12
メジャーリーグベースボール トリプルプレイ99,1998-11-12
ワールドサッカー実況ウイニングイレブン3 ファイナルヴァージョン,1998-11-12
ヴィジランテ8,1998-11-12
徹底解析必勝パチスロ道場山佐&パイオニア,1998-11-12
本格花札,1998-11-12
破壊王 KING of CRUSHER,1998-11-12
ADVAN Racing,1998-11-19
G-POLICE,1998-11-19
R-TYPE Δ,1998-11-19
SIMPLE1500シリーズ Vol.5 THE 囲碁,1998-11-19
SIMPLE1500シリーズ Vol.6 THE 花札,1998-11-19
SIMPLE1500シリーズ Vol.7 THE カード,1998-11-19
SIMPLE1500シリーズ Vol.8 THE ソリティア,1998-11-19
つんつん組2 もじもじぱっくん,1998-11-19
ジャガーノート 戦慄の扉,1998-11-19
ボールディランド,1998-11-19
七星闘神ガイファード,1998-11-19
名探偵コナン,1998-11-19
武戯,1998-11-19
童夢の野望2,1998-11-19
1on1,1998-11-26
D2マンガ ゴルゴ13 (1) カーライルの野望,1998-11-26
D2マンガ ゴルゴ13 (2) 見えない軍隊,1998-11-26
D2マンガ ルパン三世,1998-11-26
K-1ファイティングイリュージョン98,1998-11-26
TOYS DREAM,1998-11-26
serial experiments lain,1998-11-26
みつめてナイトR 大冒険編,1998-11-26
わくわくバレー,1998-11-26
ウィザーズハーモニー R,1998-11-26
エクソダスギルティー,1998-11-26
キティ・ザ・クール!,1998-11-26
クールボーダーズ3,1998-11-26
ファーストKiss☆物語,1998-11-26
ポポローグ,1998-11-26
ミスランド2,1998-11-26
ユーラシアエクスプレス殺人事件,1998-11-26
リベログランデ,1998-11-26
好奇心は猫を殺すか,1998-11-26
雪割りの花,1998-11-26
ビートマニア APPEND 3rdMIX mini,1998-11-27
Dance! Dance! Dance!,1998-12-03
Jリーグ実況ウイニングイレブン98-99,1998-12-03
R4-RIDGE RACER TYPE4-,1998-12-03
かまいたちの夜 特別編,1998-12-03
カプコンジェネレーション第5集,1998-12-03
ゴジラ:トレーディングバトル,1998-12-03
ザ・ファミレス,1998-12-03
スペースインベーダー2000,1998-12-03
ハードエッジ,1998-12-03
久遠の絆,1998-12-03
大戦略 マスターコンバット,1998-12-03
最強 東大将棋,1998-12-03
玉繭物語,1998-12-03
進め!海賊,1998-12-03
TSUMU,1998-12-10
さくま式人生ゲーム,1998-12-10
ジグザグボール,1998-12-10
スーパーロボット大戦F,1998-12-10
ピットフォール3D,1998-12-10
プロ麻雀 極PLUS 2,1998-12-10
ボンバーマン,1998-12-10
ワンダートレック,1998-12-10
学校をつくろう!!2,1998-12-10
悠久幻想曲 アンサンブル,1998-12-10
花札・リアル3D,1998-12-10
Fighting Eyes,1998-12-17
SPAWN THE ULTIMATE,1998-12-17
THE プロ麻雀免許皆伝,1998-12-17
たのしい麻雀,1998-12-17
もんすたあ★レース,1998-12-17
アクチャー アイスホッケー,1998-12-17
エアガイツ,1998-12-17
エリーのアトリエ ザールブルグの錬金術士2,1998-12-17
クラッシュ・バンディクー3 ブッとび!世界一周,1998-12-17
サウザンドアームズ,1998-12-17
ザ・ファミレス 史上最強のメニュー,1998-12-17
テーマ アクアリウム,1998-12-17
ハローキティ ホワイトプレゼント,1998-12-17
マール王国の人形姫,1998-12-17
ルナティックドーン3,1998-12-17
幻想水滸伝II,1998-12-17
必殺パチンコステーション3 原始人がいっぱい,1998-12-17
新世代ロボット戦記ブレイブサーガ,1998-12-17
梅沢由香里の対局囲碁 平成棋院2,1998-12-17
機動戦士ガンダム 逆襲のシャア,1998-12-17
蒸気機関車運転シミュレーション SLで行こう,1998-12-17
西陣パチンコ天国 Vol.3,1998-12-17
認定王岡田敏の詰め将棋教室,1998-12-17
雀牌遊戯'99たぬきの皮算用,1998-12-17
100万円クイズハンター,1998-12-23
EVE The Lost One,1998-12-23
I.Q FINAL,1998-12-23
がんばれゴエモン〜来るなら恋! 綾繁一家の黒い影〜,1998-12-23
サイレントメビウス 幻影の堕天使,1998-12-23
シヴィライゼーション2,1998-12-23
ストリートファイターZERO3,1998-12-23
タワードリーム2,1998-12-23
チョコボの不思議なダンジョン2,1998-12-23
テイルズ オブ ファンタジア,1998-12-23
ビートマニアアペンド 3rdMIX,1998-12-23
プレイステーションコミック 2999年のゲーム・キッズ,1998-12-23
ミザーナフォールズ,1998-12-23
ルシファー・リング,1998-12-23
ロードモナーク 新・ガイア王国記,1998-12-23
実況パワフルプロ野球'98決定版,1998-12-23
桃太郎伝説,1998-12-23
電車だいすきプラレールがいっぱい,1998-12-23
ザ・ネクスト・テトリス,1999-01-07
頭文字D,1999-01-07
DEEP FREEZE（英語版）,1999-01-14
できるゲームセンター,1999-01-14
サーカディア,1999-01-14
シネマ英会話 天国に行けないパパ,1999-01-14
バスランディング,1999-01-14
バックギャモン,1999-01-14
バトルアスリーテス 大運動会 GTO,1999-01-14
プレイで覚える英単語でるでる1700,1999-01-14
封神領域エルツヴァーユ,1999-01-14
それ行けフライフィッシング,1999-01-21
スノボキッズプラス,1999-01-21
トゥルーラブストーリー2,1999-01-21
バトル昆虫伝,1999-01-21
プリンセスメーカー GO!GO!プリンセス,1999-01-21
快刀乱麻 雅,1999-01-21
IS internal section,1999-01-28
つんつん組3 カンジベーダー,1999-01-28
エクサフォーム,1999-01-28
クリックメディック,1999-01-28
グーグートロプス,1999-01-28
ゲームソフトをつくろう,1999-01-28
スーパーヒーロー作戦,1999-01-28
デジモンワールド,1999-01-28
デューク ニューケム トータル メルトダウン,1999-01-28
パチスロ帝王ビッグウェーブピカ五郎,1999-01-28
パーラープロ5,1999-01-28
ブラッディロア2,1999-01-28
ラングリッサーIV & V FINAL EDITION,1999-01-28
リフレインラブ2,1999-01-28
北電子バーチャパチスロ,1999-01-28
街 〜運命の交差点〜,1999-01-28
釣道 渓流・湖編,1999-01-28
アンジェリーク天空の鎮魂歌,1999-02-04
アーマード・コア マスターオブアリーナ,1999-02-04
サイバー大戦略 出撃！はるか隊,1999-02-04
トリッキースライダース,1999-02-04
ポケットムームー,1999-02-04
天下統一,1999-02-04
学園戦隊ソルブラスト,1999-02-04
宇宙戦艦ヤマト 遥かなる星イスカンダル,1999-02-04
真髄碁仙人,1999-02-04
祇園花2　〜金沢文子編〜,1999-02-04
空母戦記,1999-02-04
維新の嵐 幕末志士伝,1999-02-04
魔女っ子大作戦,1999-02-04
Piとメール,1999-02-11
もっと!にゃんとワンダフル2,1999-02-11
よしもと麻雀倶楽部DX,1999-02-11
キョロちゃんのプリクラ大作戦,1999-02-11
パーラープロ6,1999-02-11
ファイナルファンタジーVIII,1999-02-11
ぴくぴく仙太郎パズルでごはん,1999-02-18
オプション チューニングカーバトル2,1999-02-18
サイコメトラーEIJI,1999-02-18
シネマ英会話 インターセプター,1999-02-18
プレイステーションコミック コブラ ギャラクシーナイツ,1999-02-18
マービーベイビーストーリー,1999-02-18
信長の野望・武将風雲録,1999-02-18
超戦闘球技 ヴァンボーグ,1999-02-18
魔法使いになる方法,1999-02-18
FAVORITE DEAR,1999-02-25
くのいち捕物帖,1999-02-25
ぱずるまにあ,1999-02-25
めぐり愛して,1999-02-25
ウェルトオブ・イストリア,1999-02-25
エーベルージュ2,1999-02-25
オアシスロード,1999-02-25
コンバットチョロQ,1999-02-25
チンギスハーン・蒼き狼と白き牝鹿IV,1999-02-25
デバイスレイン,1999-02-25
ドリームサーカス,1999-02-25
ポップンミュージック,1999-02-25
マジカルドロップ3+ワンダホー!,1999-02-25
マーヴル・スーパーヒーローズ VS. ストリートファイター EXエディション,1999-02-25
モンスターファーム2,1999-02-25
ルフトヴァッフェ,1999-02-25
ワールド・ネバーランド2 〜プルト共和国物語〜,1999-02-25
幕末浪漫 月華の剣士,1999-02-25
後夜祭,1999-02-25
立体忍者活劇 天誅 忍凱旋,1999-02-25
19時03分 上野発夜光列車,1999-03-04
Sonata,1999-03-04
アームド・ファイター,1999-03-04
エアレース チャンピオンシップ,1999-03-04
サイレントヒル,1999-03-04
トゥームレイダーIII,1999-03-04
ペプシマン,1999-03-04
ヴァンピール 吸血鬼伝説,1999-03-04
悠久幻想曲 ensemble2,1999-03-04
猫侍,1999-03-04
ATHENA 〜Awakening from the ordinary life〜,1999-03-11
GIジョッキー,1999-03-11
NOëL 3 mission on the line,1999-03-11
PuffyのP.S. I Love You,1999-03-11
X GAMES プロボーダー,1999-03-11
どきどきON AIR2,1999-03-11
キャプテン・ラヴ,1999-03-11
グローバルフォース 新・戦闘国家,1999-03-11
コリンマクレー ザ・ラリー,1999-03-11
セプテントリオン,1999-03-11
トミカタウンをつくろう!,1999-03-11
ファイナルファンタジーVI,1999-03-11
フィッシャーズロード,1999-03-11
今夜も千両箱!!,1999-03-11
奏（騒）楽都市OSAKA,1999-03-11
家にポチがやってきた,1999-03-11
小さな巨人 ミクロマン,1999-03-11
必殺パチンコステーション4 ヒーローたちの挑戦,1999-03-11
水族館プロジェクト 〜フィッシュハンターへの道〜,1999-03-11
火魅子伝 〜恋解〜,1999-03-11
発車オーライ!ガタンゴトン,1999-03-11
Dancing Blade かってに桃天使II 〜Tears of Eden〜,1999-03-18
Dr.スランプ,1999-03-18
めざせ!名門野球部,1999-03-18
わくぷよダンジョン決定盤,1999-03-18
ウンジャマ・ラミー,1999-03-18
ギャロップレーサー3,1999-03-18
シネマ英会話 嵐が丘,1999-03-18
チョコボレーシング 〜幻界へのロード〜,1999-03-18
バブルガンキッド,1999-03-18
パチスロマスター,1999-03-18
マジカルテトリスチャレンジfeaturingミッキー,1999-03-18
ミスティックアーク まぼろし劇場,1999-03-18
ミリオンクラシック,1999-03-18
新世紀GPXサイバーフォーミュラ 〜新たなる挑戦者〜,1999-03-18
永世名人3,1999-03-18
装甲騎兵ボトムズ ライトニングスラッシュ,1999-03-18
電車でGO!2,1999-03-18
ONE,1999-03-25
To Heart,1999-03-25
ぱずるまにあ2,1999-03-25
エアーズ,1999-03-25
ザ・キング・オブ・ファイターズ'98 DREAM MATCH NEVER ENDS,1999-03-25
テストドライブ5,1999-03-25
バスライズ,1999-03-25
パーラープロ7 パチンコ実機シミュレーションゲーム,1999-03-25
ライジング ザン ザ・サムライガンマン,1999-03-25
子育てクイズ もっとマイエンジェル,1999-03-25
弟切草 蘇生編,1999-03-25
手ほどき麻雀 入門編,1999-03-25
村越正海の爆釣シーバス・フィッシング,1999-03-25
榎本加奈子のボケ診断ゲーム,1999-03-25
R(アール) - Rock'n Riders,1999-04-01
ときめきメモリアル ドラマVol.3 旅立ちの詩,1999-04-01
エラン,1999-04-01
クラシック・ロード2,1999-04-01
サガ フロンティア2,1999-04-01
スパイロ・ザ・ドラゴン,1999-04-01
バーチャル競艇'99,1999-04-01
リーディングジョッキー'99,1999-04-01
信長の野望将星録 with パワーアップキット,1999-04-01
倉庫番難問指南,1999-04-01
封神演義 愛蔵版,1999-04-01
撞球remixビリヤードマルチプル,1999-04-01
競馬エイト'99春夏,1999-04-01
輝く季節へ,1999-04-01
0からの将棋 将棋幼稚園 あゆみ組,1999-04-08
TIGER WOODS 99 PGA TOUR GOLF,1999-04-08
VIRUS - THE BATTLE FIELD -,1999-04-08
おみせde店主,1999-04-08
ことぶきグランプリ〜めざせ原チャリキング〜,1999-04-08
テストドライブ オフロード2,1999-04-08
デビルサマナー ソウルハッカーズ,1999-04-08
ワールドスタジアム3,1999-04-08
全日本プロレス 王者の魂,1999-04-08
勇者王ガオガイガー,1999-04-08
大阪ナニワ摩天楼,1999-04-08
実戦パチスロ必勝法!サミーレヴォリューション2,1999-04-08
必殺パチンコステーション クラシック 復活!懐かしの名機たち,1999-04-08
闇吹く夏 帝都物語ふたたび,1999-04-08
Dance Dance Revolution,1999-04-10
ひっとばっく,1999-04-15
スーパーロボット大戦F完結編,1999-04-15
ナース物語,1999-04-15
バストアムーブ2 ダンス天国MIX,1999-04-15
魔女たちの眠り -復活祭-,1999-04-15
GLAY COMPLETE WORKS,1999-04-16
SIMPLE1500シリーズ Vol.10 THE ビリヤード,1999-04-22
SIMPLE1500シリーズ Vol.9 THE チェス,1999-04-22
オメガブースト,1999-04-22
サイバーオーグ,1999-04-22
シネマ英会話 ボーイズ・ライフ,1999-04-22
バス釣りに行こう!,1999-04-22
太陽のお告げ,1999-04-22
悠久のエデン,1999-04-22
東京魔人學園剣風帖朧綺譚,1999-04-22
NBA LIVE99,1999-04-28
アイルトン・セナ カートデュエルスペシャル,1999-04-28
コットン・オリジナル,1999-04-28
ファーランドサーガ 時の道標,1999-04-28
将棋最強プロに学ぶ,1999-04-28
新時代劇アクション羅刹の剣,1999-04-28
有限会社地球防衛隊,1999-04-28
麻雀やろうぜ,1999-04-28
カルドセプト エキスパンション,1999-05-01
A列車で行こうZめざせ大陸横断,1999-05-04
ドラゴンマネー,1999-05-04
ノベルズ〜ゲームセンターあらしR〜,1999-05-04
ポケットダンジョン,1999-05-04
モトレーサー2,1999-05-04
ロジック麻雀創龍 三人打ち,1999-05-04
コナミ80'sアーケードギャラリー,1999-05-13
プロ麻雀 「兵」2,1999-05-13
たまごDEパズル,1999-05-20
どすこい伝説,1999-05-20
マリオネットカンパニー,1999-05-20
倫敦精霊探偵団,1999-05-20
撃王〜紫炎龍〜,1999-05-20
胸騒ぎの予感 八神ひろきのGame-Taste,1999-05-20
金沢将棋 月,1999-05-20
70年代風ロボットアニメ ゲッP-X,1999-05-27
KulaQuest,1999-05-27
LUNAR2 エターナルブルー,1999-05-27
SuperLite1500シリーズ おえかきパズル,1999-05-27
SuperLite1500シリーズ ナンクロ,1999-05-27
SuperLite1500シリーズ 数独,1999-05-27
あすか120%FINAL BURNING Fest,1999-05-27
ちびキャラゲーム銀河英雄伝説,1999-05-27
エースコンバット3,1999-05-27
シネマ英会話 ゾンビ,1999-05-27
ビートマニア アペンド GOTTAMIX,1999-05-27
プレイステーションコミック BUZZER BEATER（前編）,1999-05-27
プレイステーションコミック BUZZER BEATER（後編）,1999-05-27
モンスターコンプリワールド,1999-05-27
"本格派DE1,300円 キャデラック",1999-05-27
"本格派DE1,300円 加藤一二三九段 将棋倶楽部",1999-05-27
"本格派DE1,300円 麻雀倶楽部",1999-05-27
超時空要塞マクロス 愛・おぼえていますか,1999-05-27
NBA パワーダンカーズ4,1999-06-03
せがれいじり,1999-06-03
ちっぽけラルフの大冒険,1999-06-03
ガンゲージ,1999-06-03
ジェイルブレイカー,1999-06-03
パチスロ アルゼ王国,1999-06-03
元祖ファミリーマージャン2,1999-06-03
最強の将棋,1999-06-03
麻雀悟空 天竺 99,1999-06-03
Parlor!PRO Jr.,1999-06-10
スーパーロボット大戦コンプリートボックス,1999-06-10
ポピュラス ザ・ビギニング,1999-06-10
レーシングラグーン,1999-06-10
ロードオブモンスターズ,1999-06-10
必殺パチンコステーション5 デラマイッタ&いれてなんぼ,1999-06-10
99甲子園,1999-06-17
SPRIGGAN - LUNAR VERSE -,1999-06-17
オーバードライビン4,1999-06-17
ミスティックドラグーン,1999-06-17
メディーバル 甦ったガロメアの勇者,1999-06-17
メルティランサー THE 3rd. PLANET,1999-06-17
俺の屍を越えてゆけ,1999-06-17
UFO -A day in the life-,1999-06-24
こみゅにてぃぽむ〜想い出を抱きしめて,1999-06-24
とんでもクライシス!,1999-06-24
グランディア,1999-06-24
サルゲッチュ,1999-06-24
ジャージーデビルの大冒険,1999-06-24
ツインズストーリー,1999-06-24
パカパカパッション,1999-06-24
パチスロ完全攻略アルゼ公式ガイド4,1999-06-24
パチスロ帝王mini〜Dr.A7〜,1999-06-24
ファイヤープロレスリングG,1999-06-24
ペルソナ2 罪,1999-06-24
メタルギアソリッド INTEGRAL,1999-06-24
ラブラブトロッコ 〜二人の恋のメロディ〜,1999-06-24
恋愛講座 REAL AGE,1999-06-24
私立ジャスティス学園熱血青春日記2,1999-06-24
餓狼伝説 WILD AMBITION,1999-06-24
PERFECT PERFORMER -THE YELLOW MONKEY-,1999-07-01
SuperLite1500シリーズ アステロイド,1999-07-01
SuperLite1500シリーズ ザ・カーリング,1999-07-01
アクアノートの休日2,1999-07-01
アルカノイドR2000,1999-07-01
スレイヤーズ ろいやる2,1999-07-01
ディノクライシス,1999-07-01
ブレードメーカー,1999-07-01
ミラノのアルバイトこれくしょん,1999-07-01
レストランドリーム,1999-07-01
必殺パチンコステーション6 がきデカ&ジャマイカ,1999-07-01
稲川淳二 恐怖の屋敷,1999-07-01
聖少女艦隊バージンフリート,1999-07-01
黒い瞳のノア〜Cielgris Fantasm〜,1999-07-01
プレイで覚える英単語でるでる1700 センター試験レベル対応,1999-07-02
Acid,1999-07-08
DX社長ゲーム,1999-07-08
ぱーむたうん,1999-07-08
ポケットファミリー〜しあわせ家族計画,1999-07-08
ヴァンダルハーツ2 〜天上の門〜,1999-07-08
ふぃんがあ ふらっしんぐ,1999-07-15
スタートリング・オデッセイ1,1999-07-15
バーガーバーガー2,1999-07-15
ブックオブウォーターマークス,1999-07-15
マイティヒットスペシャル,1999-07-15
聖剣伝説 レジェンド オブ マナ,1999-07-15
GERMS 狙われた街,1999-07-22
SIMPLE1500シリーズ Vol.11 THE ピンボール -3D-,1999-07-22
SIMPLE1500シリーズ Vol.13 THE レース,1999-07-22
SuperLite1500シリーズ あのこどこのこ エンドレスシーズン,1999-07-22
SuperLite1500シリーズ テナントウオーズα,1999-07-22
SuperLite1500シリーズVol.10 ピンボール,1999-07-22
SuperLite1500シリーズVol.8 麻雀2,1999-07-22
どこでもいっしょ,1999-07-22
クイズ キャラおけドン!,1999-07-22
シネマ英会話 愛の果てに,1999-07-22
トロンにコブン,1999-07-22
バルディッシュ クロムフォードの住人たち,1999-07-22
リモートコントロールダンディ,1999-07-22
実況パワフルプロ野球'99開幕版,1999-07-22
海のぬし釣り - 宝島に向かって -,1999-07-22
激走トマランナー,1999-07-22
プレイで覚える中学英単語でるでる1200,1999-07-23
みんなのGOLF2,1999-07-29
ギターフリークス,1999-07-29
グリントグリッター,1999-07-29
シミュレーションプロ野球'99,1999-07-29
ストリートスクーターズ,1999-07-29
プレイスタジアム4,1999-07-29
ポップンタンクス!,1999-07-29
ラクガキショータイム,1999-07-29
ルームメイト〜井上涼子〜,1999-07-29
三洋パチンコパラダイス,1999-07-29
重装機兵ヴァルケン2,1999-07-29
Cybernetic EMPIRE,1999-08-05
ECHO NIGHT #2 〜眠りの支配者〜,1999-08-05
Lの季節,1999-08-05
MDK,1999-08-05
MEREMANOID 〜マーメノイド〜,1999-08-05
めざせ!エアラインパイロット,1999-08-05
アニメチックストーリーゲーム (1) カードキャプターさくら,1999-08-05
チョロQワンダフォー!,1999-08-05
トランプしようよ！,1999-08-05
パネキット,1999-08-05
ピノッチアのみる夢,1999-08-05
マリア2 受胎告知の謎,1999-08-05
ロックマン,1999-08-05
奇跡のマヤ占い,1999-08-05
探偵神宮寺三郎 Early Collection,1999-08-05
栄冠は君に4,1999-08-05
装甲機動隊L・A・P・D,1999-08-05
金田一少年の事件簿3 青龍伝説殺人事件,1999-08-05
SDガンダム GGENERATION-ZERO,1999-08-12
SIMPLE1500シリーズ Vol.12 THE クイズ,1999-08-12
サイフォン・フィルター,1999-08-12
ポケットチューナー,1999-08-12
リアルロボット戦線,1999-08-12
闘神伝 昴,1999-08-12
ミスタープロスペクター ほりあてくん,1999-08-19
太閤立志伝III,1999-08-19
Dance Dance Revolution 2ndReMIX,1999-08-26
FIFA 99 ヨーロッパリーグ・サッカー,1999-08-26
SuperLite 1500 リバーシ2,1999-08-26
SuperLite1500シリーズ アンゴルモア,1999-08-26
SuperLite1500シリーズ パンゲア,1999-08-26
SuperLite1500シリーズ マーク矢崎の西洋占星術,1999-08-26
いつか重なりあう未来へ サユリ編,1999-08-26
いつか重なりあう未来へ シロウ編,1999-08-26
エイブ99,1999-08-26
ガレリアンズ,1999-08-26
スペクトラルフォース 愛しき邪悪,1999-08-26
スーパーバスフィッシング,1999-08-26
パチスロ帝王2,1999-08-26
ロード・オブ・フィスト,1999-08-26
ワールドツアーコンダクター 〜世界夢紀行〜,1999-08-26
東京惑星プラネトキオ,1999-08-26
西陣パチンコ天国EX,1999-08-26
FRONT MISSION3,1999-09-02
Little Lovers SHE SO GAME,1999-09-02
クロックアドベンチャー,1999-09-02
ジェレミーマクグラススーパークロス98,1999-09-02
ネオアトラス2,1999-09-02
バーチャパチスロV〜山佐・北電子・オリンピア〜,1999-09-02
ビシバシスペシャル2,1999-09-02
フォーセイケン,1999-09-02
マイガーデン,1999-09-02
マクロス VF-X2,1999-09-02
ロックマン2 Dr.ワイリーの謎,1999-09-02
ワイルドアームズ 2ndイグニッション,1999-09-02
ワールドサッカー実況ウイニングイレブン4,1999-09-02
STAR IXIOM,1999-09-09
ゲッターロボ大決戦!,1999-09-09
ストレイシープ ポーとメリーの大冒険,1999-09-09
ビートマニア アペンド 4thMIX,1999-09-09
フォーミュラ・ニッポン'99,1999-09-09
信長の野望・烈風伝,1999-09-09
俺の料理,1999-09-09
田中寅彦のウル寅流将棋 居飛車穴熊編,1999-09-09
デジタルグライダー エアマン,1999-09-14
プルムイ プルムイ,1999-09-14
ポップンミュージック2,1999-09-14
レイクマスターズPRO,1999-09-14
ロックマン3 Dr.ワイリーの最期!?,1999-09-14
君の気持ち、僕のこころ,1999-09-14
ドラゴンクエストキャラクターズ トルネコの大冒険2 不思議のダンジョン,1999-09-15
ウイニングポスト4,1999-09-18
AI将棋2 デラックス,1999-09-22
BOYS BE…2nd Season,1999-09-22
Goo! Goo! SOUNDY,1999-09-22
PAQA,1999-09-22
Superlite1500シリーズ カード2,1999-09-22
Superlite1500シリーズ マーク矢崎の四柱推命,1999-09-22
アポカリプス,1999-09-22
バイオハザード3 LAST ESCAPE,1999-09-22
フィッシュオン!バス,1999-09-22
必殺パチンコステーション ぷち 〜ナナシーってなに??〜,1999-09-22
村越正海の爆釣日本列島〜つりコン対応版〜,1999-09-22
森田思考搭載シリーズ 森田和郎のリバーシ,1999-09-22
森田思考搭載シリーズ 森田和郎の将棋道場,1999-09-22
FIGHTING ILLUSION V K-1 GRAND PRIX '99,1999-09-30
SIMPLE1500シリーズ Vol.17 THE バイクレース,1999-09-30
エキサイティングバス2,1999-09-30
クイズだらけの人生ゲーム,1999-09-30
クリックまんが オペラ座の怪人,1999-09-30
クリックまんが ダイナミックロボット大戦1 出撃脅威のロボット軍団,1999-09-30
クリックまんが 銀河英雄伝説1,1999-09-30
ダービースタリオン99,1999-09-30
ピクシーガーデン,1999-09-30
メモリーズオフ,1999-09-30
モナコグランプリ レーシングシミュレーション2,1999-09-30
ヨシモトムチッ子大決戦 〜南の島のゴロンゴ島〜,1999-09-30
必殺パチンコステーションnow これが一番!! 真ピカイチ天国,1999-09-30
装甲騎兵ボトムズ 鋼鉄の軍勢,1999-09-30
超発明BOYカニパン,1999-09-30
PET PET PET,1999-10-07
SIMPLE1500シリーズ Vol.15 THE パチンコ,1999-10-07
じぱんぐ島,1999-10-07
わんダービークルズ ドギーボーン大作戦,1999-10-07
サイキックフォース2,1999-10-07
シルバー事件,1999-10-07
ジルオール,1999-10-07
ゼウスII カルネージハート,1999-10-07
ラーメン橋,1999-10-07
三國志VI with パワーアップキット,1999-10-07
俺のヨット,1999-10-07
夕闇通り探検隊,1999-10-07
宇宙機動ヴァンアーク,1999-10-07
続・御神楽少女探偵団 〜完結編〜,1999-10-07
ジョジョの奇妙な冒険,1999-10-14
デュープリズム,1999-10-14
ブライティス,1999-10-14
ロビット・モン・ジャ,1999-10-14
ロボット×ロボット,1999-10-14
悠久幻想曲 保存版 Perpetual Collection,1999-10-14
Formula One 99,1999-10-21
かえるの絵本 〜なくした記憶を求めて〜,1999-10-21
クイズ キャラおけドン!2,1999-10-21
クロス探偵物語,1999-10-21
バーチャパチスロEX,1999-10-21
プラネットライカ,1999-10-21
ポケ単,1999-10-21
マジカルドロップF,1999-10-21
ライトファンタジー外伝 ニャニャンがニャン,1999-10-21
森の王国,1999-10-21
競馬最勝の法則'99秋冬,1999-10-21
BAROQUE 歪んだ妄想,1999-10-28
DARK TALES FROM THE LOST SOUL,1999-10-28
SuperLite1500シリーズ 将棋2,1999-10-28
SuperLite1500シリーズ 花札2,1999-10-28
アークザラッドIII,1999-10-28
ウィザードリィ ニューエイジ・オブ・リルガミン,1999-10-28
クリックまんが クリックのひ,1999-10-28
サイレントボマー,1999-10-28
トンバ!ザ・ワイルドアドベンチャー,1999-10-28
ハーレムビート,1999-10-28
バグズライフ,1999-10-28
プリズマティカリゼーション,1999-10-28
プロ野球シミュレーション ダグアウト‘99,1999-10-28
プロ麻雀 極 天元戦編,1999-10-28
ポケラー,1999-10-28
モンスターコレクション〜仮面の魔道士〜,1999-10-28
ロックマン4 新たなる野望!!,1999-10-28
伝説獣の穴,1999-10-28
実戦パチスロ必勝法! シングル 〜イプシロンR〜,1999-10-28
実戦パチスロ必勝法! シングル 〜仮面ライダー&ギャロップ〜,1999-10-28
実戦パチスロ必勝法! シングル 〜仮面ライダーV3〜,1999-10-28
必殺パチスロステーション2 爆登!常識破りの2タイプ,1999-10-28
漂流記,1999-10-28
SIMPLE1500シリーズ Vol.14 THE ブロックくずし,1999-11-01
SIMPLE1500シリーズ Vol.16 THE パチスロ,1999-11-01
SIMPLE1500シリーズ Vol.20 THE パズル,1999-11-01
Parlor!PRO Jr. Vol.2,1999-11-02
WILD BOATER,1999-11-02
クロノ・トリガー,1999-11-02
サブマリンハンター 鯱,1999-11-02
パックマンワールド 20thアニバーサリー,1999-11-02
ブレイクバレー,1999-11-02
一撃 鋼の人,1999-11-02
女流雀士に挑戦 私達に挑戦してね,1999-11-02
FEVER SANKYO公式パチンコシミュレーション,1999-11-11
MARVEL VS. CAPCOM CLASH OF SUPER HEROES EX EDITION,1999-11-11
「Pet in TV」 with my dear Dog,1999-11-11
サイドバイサイドスペシャル2000,1999-11-11
ザ・占い〜恋愛星座占い〜,1999-11-11
ブリーディングスタッド99,1999-11-11
プリズナー,1999-11-11
光の島,1999-11-11
実戦パチスロ必勝法! シングル 〜シーマスターX〜,1999-11-11
立体忍者活劇 天誅 忍百選,1999-11-11
西遊記,1999-11-11
MAX SURFING 2000,1999-11-18
SIMPLE1500シリーズ Vol.18 THE ボーリング,1999-11-18
SIMPLE1500シリーズ Vol.19 THE すごろく,1999-11-18
fun!fun! Pingu〜ようこそ! 南極へ〜,1999-11-18
えんがちょ!,1999-11-18
アランドラ2 魔進化の謎,1999-11-18
クリックまんが銀河英雄伝説2,1999-11-18
クロノ・クロス,1999-11-18
ザ・占い2〜毎日のタロット占い〜,1999-11-18
デジタルミュージアム ヒロ・ヤマガタ,1999-11-18
パンドラMAXシリーズVOL.1 ドラゴンナイツグロリアス,1999-11-18
プラネット・ドブ,1999-11-18
ランナバウト2,1999-11-18
三洋パチンコパラダイス 2,1999-11-18
最強 東大将棋2,1999-11-18
AI麻雀2000,1999-11-25
Dance Dance Revolution 2ndReMIX アペンドクラブバージョン Vol.1,1999-11-25
Parlor!PRO Jr. Vol.3,1999-11-25
ときめきメモリアル2,1999-11-25
クレイマン ガンホッケー,1999-11-25
グローランサー,1999-11-25
チャルメラ,1999-11-25
トゥルー・ラブストーリー ファンディスク,1999-11-25
ハイスクール・オブ・ブリッツ,1999-11-25
パチスロ アルゼ王国2,1999-11-25
パチンコ実機シミュレーション パチってちょんまげ,1999-11-25
ホワイトダイアモンド,1999-11-25
メダロットR,1999-11-25
リトルプリンセス マール王国の人形姫2,1999-11-25
リングライズ,1999-11-25
ロックマン5 ブルースの罠!?,1999-11-25
必殺パチンコステーション7 CRチューミーハウスXL・CRバトルヒーローV・ファインプレイ,1999-11-25
探偵 神宮寺三郎 灯火が消えぬ間に,1999-11-25
新生トイレの花子さん SuperLite1500シリーズ,1999-11-25
真・魔装機神 PANZER WARFARE,1999-11-25
着信メロディーだもん,1999-11-25
純情で可憐メイマイ騎士団 スペクトラルフォース聖少女外伝,1999-11-25
週刊Gallop ブラッドマスター,1999-11-25
DX人生ゲームIII,1999-12-02
どこでもいっしょ ポケットステーションもいっしょ,1999-12-02
オールスターテニス99,1999-12-02
ククロセアトロ～悠久の瞳～,1999-12-02
ターザン,1999-12-02
ドラゴンヴァラー,1999-12-02
ニチブツコレクション2000 おとなの遊び,1999-12-02
パチスロ帝王3 シーマスターX・イプシロンR・ワイワイパルサー2,1999-12-02
マイホームドリーム2,1999-12-02
ルナティックドーン オデッセイ,1999-12-02
レジェンド オブ ドラグーン,1999-12-02
井出洋介の麻雀教室,1999-12-02
大航海時代IV PORTO ESTADO,1999-12-02
実況Jリーグ1999 パーフェクトストライカー,1999-12-02
第2次スーパーロボット大戦,1999-12-02
ACTION BASS,1999-12-09
HEIWA パチンコグラフィティ Vol.1,1999-12-09
HEIWA パチンコグラフィティ Vol.2,1999-12-09
Parlor! PRO 8 パチンコ実機シミュレーションゲーム,1999-12-09
SIMPLE1500シリーズ Vol.22 THE プロレス,1999-12-09
SIMPLE1500シリーズ Vol.23 THE ゲートボール,1999-12-09
SIMPLE1500シリーズ Vol.24 THE ガンシューティング,1999-12-09
STAR WARS エピソード1 〜ファントム・メナス〜,1999-12-09
てれび紙芝居Vol.1,1999-12-09
ダンシングステージ フィーチャリング T.K.D,1999-12-09
バンパイアハンターD,1999-12-09
ビブリボン,1999-12-09
ビーストウォーズメタルス 激突!ガンガンバトル,1999-12-09
ランドメーカー,1999-12-09
ル・コンチェルト ピアニシモ,1999-12-09
ル・コンチェルト フォルテシモ,1999-12-09
ロックマン6 史上最大の戦い!!,1999-12-09
蒼魔灯,1999-12-09
遊☆戯☆王 真デュエルモンスターズ 封印されし記憶,1999-12-09
電車でGO! プロフェッショナル仕様,1999-12-09
SPACEMOSA,1999-12-10
グランツーリスモ2,1999-12-11
GUNPEY,1999-12-16
LOVE & DESTROY,1999-12-16
ぷよぷよ〜ん カーくんといっしょ,1999-12-16
ぽけかの〜宝条院静香〜,1999-12-16
ぽけかの〜愛田由美〜,1999-12-16
ぽけかの〜植野史緒〜,1999-12-16
アートカミオン 芸術伝,1999-12-16
クラッシュ・バンディクー レーシング,1999-12-16
クリックまんが ダイナミックロボット大戦2 恐怖!悪魔族復活,1999-12-16
クーデルカ,1999-12-16
ゲートキーパーズ,1999-12-16
ザ・ネクスト・テトリス・デラックス,1999-12-16
ネオリュード 刻まれた紋章,1999-12-16
パラサイト・イヴ2,1999-12-16
モンスターパニッシュ,1999-12-16
必殺パチスロステーションSP 山佐★ベストチョイス,1999-12-16
桃太郎電鉄V,1999-12-16
森田思考搭載シリーズ 森田和郎のチェス,1999-12-16
森田思考搭載シリーズ 森田和郎の五目並べと連珠,1999-12-16
森田思考搭載シリーズ 森田和郎の花札,1999-12-16
爆走デコトラ伝説2 男人生夢一路,1999-12-16
牧場物語 ハーベストムーン,1999-12-16
筋肉番付 Vol.1 俺が最強の男だ！,1999-12-16
蒸気機関車運転シミュレーション SLで行こう2,1999-12-16
超磁力戦士ミクロマン ジェネレーション2000,1999-12-16
Dance Dance Revolution 2ndReMIX アペンドクラブバージョン Vol.2,1999-12-22
GLOCAL HEXCITE,1999-12-22
Jリーグサッカー実況サバイバルリーグ,1999-12-22
PANZER FRONT,1999-12-22
Parlor!PRO Jr. Vol.4,1999-12-22
TALL ∞,1999-12-22
XI JUMBO,1999-12-22
ぼくは航空管制官,1999-12-22
みちのく秘湯恋物語 Kai,1999-12-22
カウントダウンヴァンパイヤーズ,1999-12-22
ザ・心理ゲーム5,1999-12-22
ストリートファイターEX2 PLUS,1999-12-22
スペクトラルブレイド,1999-12-22
チョコボコレクション,1999-12-22
チョコボスタリオン,1999-12-22
デジモンワールド デジタルカードバトル,1999-12-22
ナイナイの迷探偵,1999-12-22
バトルすごろく ハンター SuperLite1500シリーズ,1999-12-22
ラブゲームス わいわいテニス2,1999-12-22
ヴァルキリープロファイル,1999-12-22
剣客異聞録 甦りし蒼紅の刃 サムライスピリッツ,1999-12-22
必殺パチンコステーションnow2 やったぜ一発ツモツモ,1999-12-22
悠久幻想曲3 Perpetual Blue,1999-12-22
日本プロ麻雀連盟公認 道場破り2,1999-12-22
第3次スーパーロボット大戦,1999-12-22
鬼眼城,1999-12-22
実況パワフルプロ野球'99決定版,1999-12-25
牧場経営的ボードゲーム うまぽりぃ,1999-12-25
DIRT CHAMP モトクロスNo.1,2000-01-06
サモンナイト,2000-01-06
シーバス 1-2-3 DESTINY! 運命を変える者!,2000-01-06
スーパーロボット大戦EX,2000-01-06
リボルト,2000-01-06
ロビン・ロイドの冒険,2000-01-06
HEIWA Parlor!PRO ルパン三世Special,2000-01-13
Tactical Armor Custom ガサラキ,2000-01-13
ハイパーバリュー2800 花札,2000-01-13
ハイパーバリュー2800 麻雀,2000-01-13
ポケットじまん,2000-01-13
今夜も千両箱!!2000,2000-01-13
峠MAXG,2000-01-13
BEAT PLANET MUSIC,2000-01-20
パンドラMAXシリーズVOL.2 死者の呼ぶ館,2000-01-20
マル安シリーズ1 海腹川背・旬 〜セカンドエディション〜,2000-01-20
レスキューショット ブービーぼー,2000-01-20
CHAOS BREAK,2000-01-27
NBA パワーダンカーズ5,2000-01-27
SuperLite1500シリーズ おえかきパズル2,2000-01-27
SuperLite1500シリーズ クロスワード,2000-01-27
SuperLite1500シリーズ ナンクロ2,2000-01-27
SuperLite1500シリーズ 数独2,2000-01-27
That's QT,2000-01-27
V-RALLY CHAMPIONSHIP EDITION 2,2000-01-27
こねこもいっしょ〜どこでもいっしょ追加ディスク〜,2000-01-27
カードキャプターさくら クロウカードマジック,2000-01-27
チェイス・ザ・エクスプレス,2000-01-27
バイオハザード ガンサバイバー,2000-01-27
パチスロ帝王4 おいちょカバX・マジカルポップス・レキオ30,2000-01-27
フィッシュアイズII,2000-01-27
ポポロクロイス物語II,2000-01-27
幻想のアルテミス,2000-01-27
着信メロディだもん Volume2,2000-01-27
超謎王,2000-01-27
電車でGO!名古屋鉄道編,2000-01-27
FISHINGFREAKS BassRise plus,2000-02-03
HEIWA Parlor!PRO WESTERNスペシャル,2000-02-03
WIP30UT ワイプアウト3,2000-02-03
アディのおくりもの,2000-02-03
キャイーンのたのしメール,2000-02-03
クレイジークライマー2000,2000-02-03
ジェットでGO!,2000-02-03
ジーワン ジョッキー 2000,2000-02-03
スーパーブラックバスX2,2000-02-03
ブロック崩し2,2000-02-03
実戦パチスロ必勝法! シングル 〜カンフーレディー〜,2000-02-03
実戦パチスロ必勝法! シングル 〜コングダム〜,2000-02-03
必殺パチンコステーションnow3 妖怪演芸,2000-02-03
麻雀でポン!花札でコイ! アワーグラデュエーション,2000-02-03
007 トゥモロー・ネバー・ダイ,2000-02-10
20世紀ストライカー烈伝,2000-02-10
WILDROID9,2000-02-10
ノイエス,2000-02-10
ベイグラントストーリー,2000-02-10
ポップンミュージック3 アペンドディスク,2000-02-10
必殺パチンコステーションぷち2 〜アレジンってグレート!?〜,2000-02-10
機動戦士ガンダム ギレンの野望 ジオンの系譜,2000-02-10
AZITO3,2000-02-17
おやじの時間 ねーちゃん、花札で勝負や!,2000-02-17
おやじの時間 ねーちゃん、釣りいくで!,2000-02-17
おやじの時間 ねーちゃん、麻雀で勝負や!,2000-02-17
ウキウキ釣り天国 〜魚神伝説を追え〜,2000-02-17
ギャロップレーサー2000,2000-02-17
ザ・ビストロ,2000-02-17
スペースインベーダーX,2000-02-17
バーチャパチスロVI〜北電子・オリンピア〜,2000-02-17
実戦パチスロ必勝法! シングル 〜スーパースターダスト2〜,2000-02-17
格ゲー野郎 Fighting Game Creator,2000-02-17
森田思考搭載シリーズ 森田和郎の麻雀,2000-02-17
DANGAN〜弾丸〜,2000-02-24
KAIKANフレーズ堕天使降臨,2000-02-24
NBA LIVE 2000,2000-02-24
ParlorプロJr.5,2000-02-24
SIMPLE1500シリーズ Vol.26 THE テニス,2000-02-24
SIMPLE1500シリーズ Vol.27 THE スノーボード,2000-02-24
うたうたウー,2000-02-24
ガンドレス,2000-02-24
ギターフリークスアペンド 2ndミックス,2000-02-24
ゲイルガンナー,2000-02-24
ストライダー飛竜1&2,2000-02-24
ヴィジランテ8〜セカンドバトル〜,2000-02-24
建設機械シミュレーター KENKIいっぱい,2000-02-24
戦略師団トラトラトラ!陸戦編,2000-02-24
"本格派DE 1,300円 アクションパズル プリズムランド",2000-02-24
"本格派DE 1,300円 ワン・ツー・スマッシュ たのしいテニス",2000-02-24
着信メロディだもん volume3,2000-02-24
華蘭虎龍学園どきどき編,2000-02-24
麻雀鳥頭紀行,2000-02-24
プレイで覚えるシリーズ世界史キーワードでるでる1800,2000-02-29
プレイで覚えるシリーズ日本史キーワードでるでる1800,2000-02-29
SuperLite1500シリーズ ザ・ゲームメーカー,2000-03-02
ビートマニアアペンド 5thMIX,2000-03-02
スラッシャーSK8,2000-03-04
パーフェクトフィッシング(バス釣り),2000-03-04
パーフェクトフィッシング(磯釣り),2000-03-04
必殺パチスロステーション3 〜テトラリールへの挑戦〜,2000-03-04
聖戦士ダンバイン 聖戦士伝説,2000-03-04
COOL BOARDERS4,2000-03-09
Driver 潜入!カーチェイス大作戦,2000-03-09
リズムンフェイス,2000-03-09
三洋パチンコパラダイス3,2000-03-09
ParlorプロJr.6,2000-03-16
あいたくて… 〜your smiles in my heart〜,2000-03-16
スパイロ×スパークス トンでもツアーズ,2000-03-16
テーマパークワールド,2000-03-16
パズループ,2000-03-16
パチスロ帝王5 コングダム・スーパースターダスト2・フライングモモンガ,2000-03-16
メダロットR・パーツコレクション,2000-03-16
夏色剣術小町,2000-03-16
infinity,2000-03-23
ウイニングポスト4 プログラム2000,2000-03-23
ザ・キング・オブ・ファイターズ'99,2000-03-23
ザ・心理ゲーム6,2000-03-23
バスランディング2,2000-03-23
モンスターファーム バトルカード,2000-03-23
ワールドスタジアム4,2000-03-23
天までジャック オドロキマメノキ大登亡!,2000-03-23
決めろ!!ヒーロー学園 〜英雄に真実なし〜,2000-03-23
汽車でGO!,2000-03-23
真髄・碁仙人 弐號,2000-03-23
眠ル繭,2000-03-23
筋肉番付Vol.2 〜新たなる限界への挑戦!〜,2000-03-23
聖霊機ライブレード,2000-03-23
EVE ZERO,2000-03-30
FIFA 2000 ヨーロッパリーグ・サッカー,2000-03-30
K-1 王者になろう!,2000-03-30
NHL Blades of Steel 2000,2000-03-30
SIMPLE1500シリーズ Vol.25 THE 競馬,2000-03-30
SuperLite 1500シリーズ ザンファイン,2000-03-30
SuperLite 1500シリーズ ロードランナー2,2000-03-30
TONY HAWK'S PRO SKATER,2000-03-30
お見合いコマンドーバカップルにつっこみを,2000-03-30
アンジェリーク・ヒストリー,2000-03-30
ディスクダービー,2000-03-30
ヘイワパーラープロドルフィンリングスペシャル,2000-03-30
ヘキサムーン・ガーディアンズ,2000-03-30
ワーネバ・アイランド,2000-03-30
実況ゴルフマスター2000,2000-03-30
必殺パチンコステーション クラシック2,2000-03-30
必殺パチンコステーション8,2000-03-30
華蘭虎龍学園むねきゅん編,2000-03-30
TRL (The Rail Loaders),2000-04-06
まぼろし月夜,2000-04-06
チェス2000,2000-04-06
信長の野望烈風伝 with パワーアップキット,2000-04-06
右左,2000-04-06
絆という名のペンダント〜With TOYBOX〜,2000-04-06
遙かなる時空の中で,2000-04-06
ガイアマスター 〜神々のボードゲーム〜,2000-04-13
タイニーバレット,2000-04-13
デビルマン,2000-04-13
着信メロディだもん volume.4,2000-04-13
THE YELLOW MONKEY trancemissionVJ,2000-04-14
われら密林探検隊!!,2000-04-20
ウィザードリィ 〜DIMGUIL〜,2000-04-20
オーバキューン,2000-04-20
スノポケラー,2000-04-20
ダンシングステージ フィーチャリング ドリカム,2000-04-20
ポケラーDXピンク,2000-04-20
ポケラーDXブラック,2000-04-20
メカポケラー,2000-04-20
レイクライシス,2000-04-20
ロックマンDASH2,2000-04-20
対戦恋愛シミュレーション トリフェルズ魔法学園初等部,2000-04-20
華蘭虎龍学園ぴゅあらぶ編,2000-04-20
閉鎖病院,2000-04-20
MajorWave1500 200EC7 LATTICE,2000-04-27
SIMPLE1500シリーズ Vol.28 THE ダンジョンRPG,2000-04-27
SUPER PRICE 1500 ラリー・デ・ヨーロッパ,2000-04-27
〜アートカミオン〜 双六伝,2000-04-27
ドッチメチャ!,2000-04-27
パカパカパッション2,2000-04-27
パンドラMAXシリーズVOL.3 ラビッシュブレイズン,2000-04-27
フランベルジュの精霊,2000-04-27
ブレス オブ ファイアIV うつろわざるもの,2000-04-27
筋肉番付〜ROAD TO SASUKE,2000-04-27
雀じゃん恋しましょセパレート1 雀々しましょ,2000-04-27
雀じゃん恋しましょセパレート2 恋々しましょ,2000-04-27
FEVER2 〜SANKYO公式パチンコシミュレーション〜,2000-05-02
SIMPLE1500シリーズ Vol.30 THE バスケット〜1on1プラス〜,2000-05-02
value 1500 the 上海,2000-05-02
value 1500 the 紫禁城,2000-05-02
value 1500 the 龍龍,2000-05-02
さらば宇宙戦艦ヤマト 愛の戦士たち,2000-05-02
イカサマ麻雀,2000-05-02
ザ・ブルーマーリン,2000-05-02
バーチャル競艇2000,2000-05-02
ブレイブサーガ2,2000-05-02
北電子バーチャパチスロ2,2000-05-02
エラン・プラス,2000-05-11
オプションチューニングカーバトル スペックR,2000-05-11
コスモウォーリアー零,2000-05-18
バックギャモン2000,2000-05-18
ビクトリーボクシング,2000-05-18
ブリガンダイン グランドエディション,2000-05-18
プロ麻雀「兵」3,2000-05-18
マリオネットカンパニー2,2000-05-18
実名実況競馬ドリームクラシック,2000-05-18
磁石で飛んじゃう!? ピックスの大冒険,2000-05-18
Major Wave シリーズ ずっといっしょ,2000-05-25
Screen,2000-05-25
SuperLite 1500シリーズ CastorolHONDA SuperBike,2000-05-25
SuperLite 1500シリーズ Hooockey,2000-05-25
アクエリアンエイジ 〜東京ウォーズ〜,2000-05-25
スーパーロボット大戦α,2000-05-25
免許をとろう,2000-05-25
星界の紋章,2000-05-25
本格四人打プロ麻雀 麻雀王,2000-05-25
聖ルミナス女学院,2000-05-25
賭博黙示録カイジ,2000-05-25
ACONCAGUA,2000-06-01
Dance Dance Revolution 3rdMIX,2000-06-01
F1 2000,2000-06-01
コンビ麻雀 あわせうちWITHまぼろし月夜キャラクターズ,2000-06-01
パチってちょんまげ2〜京楽公認・タヌ吉2000&ジャングルP〜,2000-06-01
鈴ものがたり,2000-06-01
必殺パチンコステーション 9 牛若とレミはいい関係,2000-06-08
キラーバス,2000-06-15
ルングルング オズの魔法使い〜Another World〜,2000-06-15
四季おりおりのバス釣り,2000-06-15
PUNCH THE MONKEY!GAME EDITION,2000-06-22
ぎゅわんぶらあ自己中心派,2000-06-22
ぼくのなつやすみ,2000-06-22
エルダーゲート,2000-06-22
カラフルロジック,2000-06-22
サラリーマン金太郎 THE GAME,2000-06-22
ザ・心理ゲーム7,2000-06-22
パチスロ帝王6カンフーレディバンバンプレリュード,2000-06-22
大江戸風水因果律 花火2,2000-06-22
Jリーグ実況ウイニングイレブン2000,2000-06-29
Major Wave 1500シリーズ ラブゲーム わいわいテニス,2000-06-29
SuperLiteシリーズ お絵かきパズル3,2000-06-29
SuperLiteシリーズ クイズマスターイエロー,2000-06-29
SuperLiteシリーズ クイズマスターブルー,2000-06-29
SuperLiteシリーズ クイズマスターレッド,2000-06-29
SuperLiteシリーズ 数独 3,2000-06-29
ウータン,2000-06-29
スラップハッピーリズムバスターズ,2000-06-29
ビシバシスペシャル3,2000-06-29
ブレンドXブランド おでかけ合成RPG,2000-06-29
ペルソナ2 罰,2000-06-29
ポケットデジモンワールド,2000-06-29
マクロスプラス ゲームエディション,2000-06-29
ミスタードリラー,2000-06-29
仙界大戦〜TVアニメーション仙界伝封神演義より〜,2000-06-29
作曲するんだもん ダンスリミックス編,2000-06-29
小さな王国エルトリア,2000-06-29
機動戦士ガンダム ギレンの野望 ジオンの系譜 攻略指令書,2000-06-29
裏技麻雀〜これって天和ってやつかい〜,2000-06-29
プレイで覚える英熟語でるでる750,2000-07-05
RCでGO!,2000-07-06
Value1500 麻神,2000-07-06
むし太郎,2000-07-06
わいわい雀荘セット,2000-07-06
スタディ クエスト,2000-07-06
バーストリック / ウェイクボーディング,2000-07-06
ラグナキュール レジェンド,2000-07-06
必殺パチンコステーション now4俺は熱血冒険王だ!!,2000-07-06
鈴木爆発,2000-07-06
ファイナルファンタジーIX,2000-07-07
SIMPLE1500シリーズ Vol.29 THE つり,2000-07-13
SIMPLE1500シリーズ Vol.31 THE サウンドノベル,2000-07-13
〜東京魔人學園伝奇 人之章〜 東京魔人學園剣風帖繪巻,2000-07-13
アーモリンズ,2000-07-13
ガンバレ! ニッポン! オリンピック2000,2000-07-13
パーラープロJrコレクション,2000-07-13
ブラスターマスター,2000-07-13
モンキーマジック,2000-07-13
日本大相撲,2000-07-13
稲川淳二 真夜中のタクシー,2000-07-13
SuperLite 1500シリーズ メモリーズオフ,2000-07-19
The Tetris,2000-07-19
トゥームレイダー4：ラストレベレーション,2000-07-19
パチスロ アルゼ王国3,2000-07-19
実況パワフルプロ野球2000開幕版,2000-07-19
必殺パチンコステーション now5,2000-07-19
激突トマラルクTOMARUNNER VS L'Arc〜en〜Ciel,2000-07-19
BAROQUE▲SYNDROME,2000-07-27
City Bravo!〜ビジネス編〜,2000-07-27
ウイニング・ルアー,2000-07-27
ケータイ・エディ,2000-07-27
ザ・マエストロムジーク,2000-07-27
デジモンワールド2,2000-07-27
トワイライトシンドローム再会,2000-07-27
ハイパーバリュー2800ハイパーパチンコ,2000-07-27
ビートマニア BEST HITS,2000-07-27
ビートマニアFeaturing DREAMS COME TRUE,2000-07-27
ポップンミュージック アニメーションメロディ,2000-07-27
必殺パチスロステーション4 伝説作りの2タイプ,2000-07-27
砂のエンブレイス〜エディンの里のネーブル〜,2000-07-27
KENKIいっぱつ! クレーンマスターになろう!,2000-08-03
KENKIいっぱつ! ショベルマスターになろう!,2000-08-03
SDガンダム GGENERATION-F,2000-08-03
SIMPLE1500シリーズ Vol.32 THE ボクシング,2000-08-03
SIMPLE1500シリーズ Vol.33 THE 卓球,2000-08-03
SIMPLE1500シリーズ Vol.34 THE クイズ番組,2000-08-03
SIMPLE1500シリーズ Vol.35 THE シューティング,2000-08-03
エキサイティングプロレス,2000-08-03
マジカルダイスキッズ,2000-08-03
人魚の烙印,2000-08-03
0からの将棋 将棋幼稚園あゆみ組R,2000-08-10
HEIWA Parlor!PRO いなかっぺ大将スペシャル,2000-08-10
ストリートボーダーズ2,2000-08-10
テトリス with カードキャプターさくら エターナルハート,2000-08-10
バッシングビート2,2000-08-10
パチスロ帝王WアラベスクRホットロッドクィーン,2000-08-10
パンドラMAXシリーズVOL.4 Catch! 〜気持ちセンセーション〜,2000-08-10
ブラックジャック VS 松田純,2000-08-10
名探偵コナン 3人の名推理,2000-08-10
着信メロディだもん GOLD,2000-08-10
お水の花道,2000-08-17
INTERNATIONAL SOCCER EXCITE STAGE 2000,2000-08-24
SIMPLE1500シリーズ Vol.36 THE 恋愛シミュレーション〜夏色セレブレーション〜,2000-08-24
SIMPLE1500実用シリーズ Vol.02 家庭の風水,2000-08-24
SIMPLE1500実用シリーズ Vol.03 姓名判断,2000-08-24
SIMPLE1500実用シリーズ Vol.04 料理〜定番料理レシピ集〜,2000-08-24
SuperLite1500シリーズ BURN OUT,2000-08-24
ザ・占い3 毎日の方位占い,2000-08-24
ザ・占い4 はらぺこクマの開運カバラ占い,2000-08-24
デザエモンKids! スーパーライト1500,2000-08-24
フィッシング倶楽部ボートの釣り,2000-08-24
フィッシング倶楽部浜の釣り,2000-08-24
フィッシング倶楽部防波堤の釣り,2000-08-24
ワールドサッカー実況ウイニングイレブン2000 〜U-23メダルへの挑戦〜,2000-08-24
悠久組曲 All Star Project,2000-08-24
ドラゴンクエストVII エデンの戦士たち,2000-08-26
たれごろ -たれぱんだのいる日常-,2000-08-31
どこでもハムスター2（ちゅー）,2000-08-31
ハッピィサルベージ,2000-08-31
パチスロ帝王〜山佐Remix〜花月・シーマスターX・マジカルポップス・アストロライナー7,2000-08-31
value1500 騎手道,2000-09-07
バーチャパチスロ 7,2000-09-07
ビートマニアAPPENDGOTTAMIX2〜GoingGlobal〜,2000-09-07
リベログランデ2,2000-09-07
ル・コンチェルト フォルテシモ・ピアニシモ,2000-09-07
DINO CRISIS2,2000-09-13
SIMPLE1500シリーズ Vol.37 THE イラストパズル & スライドパズル,2000-09-14
SIMPLE1500シリーズ Vol.38 THE リアルレーシングTOYOTA,2000-09-14
SIMPLE1500実用シリーズ Vol.01 乗換案内〜2000年版〜,2000-09-14
おはスタ Dance Dance Revolution,2000-09-14
どつぼちゃん,2000-09-14
仮面ライダーV3,2000-09-14
必殺パチスロステーションSP2,2000-09-14
村越正海の爆釣日本列島2,2000-09-14
爆流,2000-09-14
MAX SURFING 2nd,2000-09-21
カートンくん,2000-09-21
キッズステーション おジャ魔女どれみ♯ MAHO堂ダンスカーニバル,2000-09-21
キッズステーション きかんしゃトーマスとなかまたち,2000-09-21
キッズステーション それいけ! アンパンマン,2000-09-21
キッズステーション ぼくらとあそぼう! ウルトラマンTV,2000-09-21
キッズステーション マジカルミュージックえいごでワン・ツー・スリー,2000-09-21
ザ・心理ゲーム8,2000-09-21
パワーショベルに乗ろう!!,2000-09-21
パーラープロコレクション,2000-09-21
ポップでキュートな心理テストalabama,2000-09-21
七田式右脳でアドベンチャー1,2000-09-21
七田式右脳でアドベンチャー2,2000-09-21
七田式右脳でアドベンチャー3,2000-09-21
七田式右脳でアドベンチャー4,2000-09-21
七田式右脳でアドベンチャー5,2000-09-21
七田式右脳でアドベンチャー6,2000-09-21
幻想水滸外伝Vol.1 ハルモニアの剣士,2000-09-21
続・御神楽少女探偵団〜完結編〜,2000-09-21
JELLYFISH The Healing Friend,2000-09-28
SuperLite1500シリーズ チキチキちきん,2000-09-28
ときめきメモリアル2 Substories Vol.1 Dancing Summer Vacation,2000-09-28
よしもと麻雀倶楽部DELUX 1500シリーズ,2000-09-28
キミにsteady,2000-09-28
クロス探偵物語1 前編,2000-09-28
クロス探偵物語1 後編,2000-09-28
パチンコ & パチスロ Parlor!PRO エクストラ,2000-09-28
ブレイドアーツ,2000-09-28
ベアルファレス,2000-09-28
ラブひな 愛は言葉の中に,2000-09-28
夢のつばさ,2000-09-28
宇宙戦艦ヤマト 英雄の軌跡,2000-09-28
沈黙の艦隊,2000-09-28
青の6号 Antarctica,2000-09-28
高機動幻想ガンパレード・マーチ,2000-09-28
麻雀幼稚園たまご組2 0からの麻雀,2000-09-28
FIGHTING ILLUSION K-1 GP 2000,2000-10-05
SIMPLE1500シリーズ Vol.21 THE 野球,2000-10-05
カムライ-神来-,2000-10-05
コリン・マクレー ザ・ラリー2,2000-10-05
タツノコファイト,2000-10-05
ニューパルサーR 山佐Digiガイド,2000-10-05
ハイパーラッシュ 山佐Digiガイド,2000-10-05
忍ノ六,2000-10-05
〜寿司屋だ源さん〜三洋パチンコパラダイス4,2000-10-12
パチスロ帝王7 メーカー推奨マニュアル1〜ビートザドラゴン2・ルパン三世・ホットロッドクィーン〜,2000-10-12
ポップンミュージック4アペンドディスク,2000-10-12
必殺パチンコステーション 豊丸スペシャル,2000-10-12
甲脚機甲師団バイン・パンツァー,2000-10-12
PANDORA MAX SERIES Vol.5ごちゃちる,2000-10-19
ガンホーブリゲイド,2000-10-19
ブレイブソード,2000-10-19
必殺パチンコステーション 10 EXジャック2000&スーパードラゴン,2000-10-19
MajorWave1500シリーズ 雷電DX,2000-10-26
SIMPLE1500シリーズ Vol.39 THE 麻雀2,2000-10-26
SIMPLE1500シリーズ Vol.40 THE 将棋2,2000-10-26
SIMPLE1500シリーズ Vol.41 THE リバーシ2,2000-10-26
SIMPLE1500シリーズ Vol.42 THE 囲碁2,2000-10-26
SIMPLE1500シリーズ Vol.43 THE 花札2,2000-10-26
SIMPLE1500シリーズ Vol.44 THE カード2,2000-10-26
SuperLite1500シリーズ クイックス 2000,2000-10-26
SuperLite1500シリーズ クレイジーバルーン2000,2000-10-26
SuperLite1500シリーズ スペースチェイサー2000,2000-10-26
ふしぎ刑事,2000-10-26
シドニー2000,2000-10-26
ダイナマイトサッカー2000,2000-10-26
ハンター×ハンター〜幻のグリードアイランド〜,2000-10-26
ポケットデジモンワールド ウインドバトルディスク,2000-10-26
リトルプリンセス+1 マール王国の人形姫2,2000-10-26
北斗の拳 世紀末救世主伝説,2000-10-26
学校をつくろう!!校長先生物語,2000-10-26
霊刻 -池田貴族心霊研究所-,2000-10-26
高2→将軍,2000-10-26
CHAMPIONSHIP BASS,2000-11-02
FEVER 3 SANKYO公式 パチンコシミュレーション,2000-11-02
TALL TWINS TOWER,2000-11-02
ケロケロキング,2000-11-02
電光石火 ミクロランナー〜マニアック博士の秘策〜,2000-11-02
RCリベンジ,2000-11-09
WTC〜ワールド・ツーリングカー・チャンピオンシップ〜,2000-11-09
くるくるキューブ MajorWave1500シリーズ,2000-11-09
スマッシュコート3,2000-11-09
M771 山佐Digiガイド,2000-11-16
OH NO!,2000-11-16
SIMPLE1500シリーズ Vol.45 THE ブロックくずし2,2000-11-16
SIMPLE1500シリーズ Vol.46 THE 麻雀落ちゲー 落雀,2000-11-16
SIMPLE1500シリーズ Vol.47 THE スケートボード,2000-11-16
SOLID LINK Dungeon Side,2000-11-16
SOLID LINK Tower Side,2000-11-16
天空のレストラン,2000-11-16
必殺パチスロステーション5 - インベーダー2000 -,2000-11-16
所さんの大富豪,2000-11-16
新生!! アレジン21必殺パチンコステーションnow6,2000-11-16
SLOT!PRO 〜大江戸桜吹雪2〜,2000-11-22
ZOIDS 帝国VS共和国 メカ生体の遺伝子,2000-11-22
ザ・マエストロムジーク アンコールディスク,2000-11-22
スーパーヒーロー作戦 ダイダルの野望,2000-11-22
ポップンミュージック ディズニーチューンズ,2000-11-22
Dance Dance Revolution Disney’SRave,2000-11-30
Jリーグ実況ウイニングイレブン2000 2nd,2000-11-30
Parlor!PROスペシャル CRハレンチ学園&CR闘魂,2000-11-30
R/Cスタントコプター,2000-11-30
SuperLite1500シリーズ おえかきパズル4,2000-11-30
SuperLite1500シリーズ クロスワード2,2000-11-30
SuperLite1500シリーズ ナンクロ3,2000-11-30
SuperLite1500シリーズ 数独4,2000-11-30
まーじゃんdeあそぼ,2000-11-30
カルドセプト エキスパンション・プラス,2000-11-30
ザ・占い5 〜神秘のルーン占い〜,2000-11-30
ザ・占い6 〜神秘の九星占星術〜,2000-11-30
テイルズ オブ エターニア,2000-11-30
ディオラムス,2000-11-30
パチスロ帝王 ビートザドラゴン2,2000-11-30
ラブひな2 〜言葉は粉雪のように〜,2000-11-30
ロックマンX5,2000-11-30
射鵰英雄傳,2000-11-30
機動警察パトレイバー 〜ゲームエディション〜,2000-11-30
立体忍者活劇 天誅弐,2000-11-30
RPGツクール4,2000-12-07
SIMPLE1500シリーズ Vol.48 THE パズル2,2000-12-07
SIMPLE1500シリーズ Vol.49 THE カジノ,2000-12-07
SIMPLE1500シリーズ Vol.50 THE ビリヤード2,2000-12-07
ここ掘れ!プッカ,2000-12-07
ギュッ!とつまって1980シリーズカートレース きめ手はドリフト!,2000-12-07
ギュッ!とつまって1980シリーズブロックくずし こわしてHelp!,2000-12-07
ギュッ!とつまって1980シリーズベースボール プロ並み草野球!,2000-12-07
ザ・マエストロムジーク メリークリスマス・アペンド,2000-12-07
フェイバリットディア 純白の預言者,2000-12-07
九龍城,2000-12-07
牧場物語 ハーベストムーン for ガール,2000-12-07
SIMPLE1500シリーズ Vol.52 THE プロレス2,2000-12-14
SIMPLE1500シリーズ Vol.53 THE ヘリコプター,2000-12-14
お仕事式人生ゲーム めざせ職業王,2000-12-14
わいわい3人打ち麻雀,2000-12-14
わいわいトランプ大戦,2000-12-14
キッズステーション ぐるぐるタウンはなまるくん,2000-12-14
キッズステーション ハローキティのおしゃべりタウン,2000-12-14
クラッシュ・バンディクー カーニバル,2000-12-14
ゴーゴー・アイランド,2000-12-14
ドラえもん3 魔界のダンジョン,2000-12-14
パチスロ アルゼ王国4,2000-12-14
パーコンシリーズ お茶の間バトル,2000-12-14
ブラックマトリクス クロス,2000-12-14
リーチ麻雀,2000-12-14
ATV：クアッドパワーレーシング,2000-12-21
DXモノポリー,2000-12-21
ぷよぷよBOX,2000-12-21
ガンバリィーナ,2000-12-21
ザ・心理ゲーム9,2000-12-21
ダンスダンスレボリューション ベストヒッツ,2000-12-21
デジモンワールド デジタルカードアリーナ,2000-12-21
ハムスター物語,2000-12-21
ビートマニア アペンドクラブミックス,2000-12-21
プレイで覚えるシリーズ6プレイで覚える漢字検定でるでる1100,2000-12-21
ボンバーマンランド,2000-12-21
仮面ライダークウガ,2000-12-21
実況パワフルプロ野球2000決定版,2000-12-21
幼稚園外伝 華麗なるカジノクラブDOUBLE DRAW,2000-12-21
改新! ダービーアナリスト,2000-12-21
梅花月 山佐Digiガイド,2000-12-21
筋肉番付VOL.3 〜最強のチャレンジャー誕生!〜,2000-12-21
HEIWA Parlor! PRO 不二子におまかせスペシャル,2000-12-28
SIMPLE1500シリーズ Vol.51 THE ジグソーパズル,2000-12-28
ぼくの水族館 アクアパラダイス,2000-12-28
ウィザードリィ エンパイア 古の王女,2000-12-28
パチスロ帝王 〜バトルナイト･アトランチスドーム〜,2000-12-28
ミズパックマン メイズマッドネス,2000-12-28
必殺パチンコステーションnow7 マジカルサーカス,2000-12-28
エアロダイブ,2001-01-11
"普及版1,500円シリーズ LOVE★パラ 〜ラブリー東京パラパラ娘〜",2001-01-11
SIMPLE1500実用シリーズ Vol.05 薬の事典 〜ピルブック2001年版〜,2001-01-18
SIMPLE1500実用シリーズ Vol.06 カクテルのレシピ,2001-01-18
カラフルロジック2,2001-01-18
ダービージョッキー2001,2001-01-18
ヒストリー オブ 北電子,2001-01-18
山佐Digiガイド・ファウスト,2001-01-18
風雨来記,2001-01-18
SIMPLE1500シリーズ Vol.54 THE バレーボール,2001-01-25
ULTIMATE FIGHTING CHAMPIONSHIP,2001-01-25
てんたま,2001-01-25
エキサイティングバス3,2001-01-25
エキサイティングプロレス2,2001-01-25
ハムナプトラ 〜失われた砂漠の都〜,2001-01-25
ベースボールシミュレーション IDプロ野球,2001-01-25
メタルスラッグX,2001-01-25
私立鳳凰学園1年純愛組,2001-01-25
鮑黎明監修 風水入門,2001-01-25
SIMPLE1500シリーズ Vol.55 THE ダーツ,2001-02-01
三國志VII,2001-02-01
麻雀占い フォルトゥーナ 月の女神たち,2001-02-01
PANZER FRONT bis.,2001-02-08
Value1500 おーちゃんのお絵かきロジック3,2001-02-15
アイシア,2001-02-22
エンエンエンジェル,2001-02-22
デイブ・ミラ フリースタイルBMX,2001-02-22
ハムスターのお出かけ,2001-02-22
ボカンGoGoGo,2001-02-22
ボルフォス,2001-02-22
ポケットデジモンワールド クール & ネイチャー バトルディスク,2001-02-22
三國志III,2001-02-22
SDガンダム英雄伝 大決戦!! 騎士VS武者,2001-03-01
くるくるまるまる,2001-03-01
パチスロ帝王 〜アイスストーリー〜,2001-03-01
プレイで覚えるシリーズ7プレイで覚えるTOEIC TEST語句でるでる1700,2001-03-01
ロジックプロ・アドベンチャー,2001-03-01
天空のレストラン ハロープロジェクトヴァージョン,2001-03-01
FEVER4 SANKYO公式パチンコシミュレーション,2001-03-08
TONY HAWK'S PRO SKATER 2,2001-03-08
シスタープリンセス,2001-03-08
音楽ツクール3,2001-03-08
Dance Dance Revolution 4thMIX,2001-03-15
From TV animation ONE PIECE グランドバトル!,2001-03-15
ときめきメモリアル2 対戦ぱずるだま,2001-03-15
ぶっつぶし,2001-03-15
ゼラちゃんパズル ぴたっとペア,2001-03-15
必殺パチンコステーションnow8 じゃりン子チエ,2001-03-15
無敵王トライゼノン,2001-03-15
PANDORA MAX SERIES Vol.6 ONI零 〜復活〜,2001-03-22
SIMPLE1500シリーズ Vol.56 THE スナイパー,2001-03-22
SIMPLE1500シリーズ Vol.57 THE 迷路,2001-03-22
SuperLite1500シリーズ 上海 DYNASTY,2001-03-22
ザ・心理ゲーム10,2001-03-22
パズニック,2001-03-22
モンスターファームジャンプ,2001-03-22
幻想水滸外伝Vol.2 クリスタルバレーの決闘,2001-03-22
K-1ワールドグランプリ2001開幕版 by エクシング,2001-03-29
SLOT! PRO2 〜爆裂大相撲・紅&紫〜,2001-03-29
THE HEIWA お天気スタジオ,2001-03-29
beatmania: THE SOUND OF TOKYO -produced by KONISHI yasuharu-,2001-03-29
がんばれゴエモン〜大江戸大回転〜,2001-03-29
ときめきメモリアル2 Substories Vol.2 Leaping School Festival,2001-03-29
スーパーロボット大戦α外伝,2001-03-29
センチメンタルグラフティ,2001-03-29
センチメンタルグラフティ 〜約束〜,2001-03-29
仙界通録正史 〜TVアニメーション仙界伝封神演義より〜,2001-03-29
逮捕しちゃうぞ,2001-03-29
X-MENミュータントアカデミー,2001-04-12
Forget me not -パレット-,2001-04-26
GEAR戦士電童,2001-04-26
KONOHANA,2001-04-26
SIMPLE1500シリーズ Vol.58 THE すもう,2001-04-26
SIMPLE1500シリーズ Vol.59 THE 推理 〜IT探偵：18の事件簿〜,2001-04-26
SIMPLE1500シリーズ Vol.60 THE テーブルホッケー,2001-04-26
おえかきパズル5 SuperLite 1500 シリーズ,2001-04-26
ふりむけば隣に,2001-04-26
みんなの漢字教室 挑戦!!漢字検定,2001-04-26
キッズステーション ひとりでできるもん!,2001-04-26
スパイダーマン,2001-04-26
スロッターマニア 激熱沖スロ!シオサイスペシャル,2001-04-26
タイムクライシス プロジェクトタイタン,2001-04-26
テクノビービー,2001-04-26
ハッピーダイエット,2001-04-26
パチスロ帝王 メーカー推奨マニュアル3 アイムエンジェル 〜ホワイト2 & ブルー2〜,2001-04-26
私立鳳凰学園2年純情組,2001-04-26
SDガンダム GGENERATION-F.I.F,2001-05-02
SIMPLE1500シリーズ Vol.61 THE クイズ2,2001-05-02
SIMPLE1500実用シリーズ Vol.07 楽しく学ぶ運転免許,2001-05-02
バーチャル競艇21,2001-05-02
サラリーマン接待麻雀,2001-05-10
スーパーブラックバスX2 & ザ・ブルーマーリン,2001-05-10
ワールドスタジアム5,2001-05-10
三洋パチンコパラダイス5 〜ウキウキ大漁旗〜,2001-05-10
クレオパトラ フォーチュン,2001-05-17
デジモンテイマーズ ポケットクルモン,2001-05-17
実戦 パチスロ必勝法! DISC UP,2001-05-17
SuperLite 1500シリーズ クロスワード3,2001-05-24
SuperLite 1500シリーズ ナンクロ4,2001-05-24
SuperLite 1500シリーズ 数独 5,2001-05-24
SuperLite 1500シリーズ 魔紀行,2001-05-24
iモードもいっしょ 〜どこでもいっしょ追加ディスク〜,2001-05-24
どこでもいっしょ デラックスパック,2001-05-24
エミーリア,2001-05-24
キッズステーション やんちゃるモンちゃ,2001-05-24
スタートリングアドベンチャーズ 空想3×大冒険,2001-05-24
ティアリングサーガ ユトナ英雄戦記,2001-05-24
バウンティハンターサラ ホーリーマウンテンの帝王,2001-05-24
パチスロ完全攻略 〜高砂スーパープロジェクト〜,2001-05-24
ファンタスティックフォーチュン,2001-05-24
山佐Digiワールド・テトラマスター,2001-05-24
悪魔城年代記 悪魔城ドラキュラ,2001-05-24
焼肉奉行,2001-05-24
SIMPLE1500シリーズ Vol.62 THE スキー,2001-05-31
SIMPLE1500シリーズ Vol.63 THE ガンシューティング2,2001-05-31
SuperLite Goldシリーズ みんなの麻雀,2001-05-31
サラリーマンチャンプ たたかうサラリーマン,2001-05-31
トゥームレイダー5：クロニクル,2001-05-31
パチスロ帝王 メーカー推奨マニュアル4 〜エキゾースト・大江戸桜吹雪2〜,2001-05-31
戦国夢幻,2001-05-31
真・女神転生,2001-05-31
Dance Dance Revolution EXTRA MIX,2001-06-07
SIMPLE1500シリーズ Vol.21 THE 野球 〜プロ野球実名版〜,2001-06-07
上海 〜昇竜再臨〜,2001-06-07
実況パワフルプロ野球2001,2001-06-07
AFRAID GEAR Another（アフレイドギア・アナザ）,2001-06-14
シープ,2001-06-14
夜想曲2,2001-06-14
Jリーグ実況ウイニングイレブン2001,2001-06-21
SuperLite GOLD シリーズ おてなみ拝見,2001-06-21
ワンピースマンション,2001-06-21
京都舞妓物語,2001-06-21
KID MIXセクション,2001-06-28
SuperLite1500シリーズ スリザーリンク,2001-06-28
改訂版マーク矢崎監修 四柱推命1500シリーズ,2001-06-28
改訂版マーク矢崎監修西洋占星術1500シリーズ,2001-06-28
松本零士999 〜Story of Galaxy Express 999〜,2001-06-28
SIMPLE1500シリーズ Vol.64 THE キックボクシング,2001-07-05
SIMPLE1500シリーズ Vol.65 THE ゴルフ,2001-07-05
SIMPLE1500シリーズ Vol.66 THE 回転 まわすんだ〜!!,2001-07-05
ウッディウッドペッカーのゴー!ゴー!レーシング,2001-07-12
カラフルロジック3 〜不思議な変形ロジック〜,2001-07-12
スーパープライスシリーズ『ビリヤード』,2001-07-12
スーパープライスシリーズ『牌牌』,2001-07-12
スーパープライスシリーズ『麻雀』,2001-07-12
ルナ・ウイング 〜時を越えた聖戦〜,2001-07-12
ナニワ金融道 〜青木雄二の世間胸算用〜,2001-07-19
GetBackers-奪還屋-,2001-07-26
SIMPLE1500実用シリーズ Vol.08 1時間でわかる株式投資,2001-07-26
SIMPLE1500実用シリーズ Vol.09 わたしスタイルのアロマセラピー,2001-07-26
キッズステーション も〜っと! おジャ魔女どれみ MAHO堂スマイルパーティ,2001-07-26
キッズステーション アンパンマン2 アンパンマンとだいぼうけん!,2001-07-26
キッズステーション デジモンパーク,2001-07-26
ゾイドバトルカードゲーム 〜西方大陸戦記〜,2001-07-26
チキチキマシン猛レース,2001-07-26
恋よほう,2001-07-26
From TV animation ONE PIECE とびだせ海賊団!,2001-08-02
サモンナイト2,2001-08-02
SIMPLE1500シリーズ Vol.67 THE サッカー 〜ダイナマイトサッカー1500〜,2001-08-09
SIMPLE1500シリーズ Vol.68 THE RCカー RCでGO!,2001-08-09
どこでもハムスター4 どきどきすごろく大冒険!,2001-08-09
パチスロ帝王 〜バニーガールSP〜,2001-08-09
妖怪花あそび,2001-08-09
逢魔が時,2001-08-09
SIMPLE1500シリーズ ハローキティVol.01 ボウリング,2001-08-30
SIMPLE1500シリーズ ハローキティVol.02 イラストパズル,2001-08-30
SIMPLE1500シリーズVol.69 THE パターゴルフ,2001-08-30
SIMPLE1500シリーズVol.70 THE ウォーシミュレーション,2001-08-30
SIMPLE1500シリーズVol.71 THE 恋愛シミュレーション2 ふれあい,2001-08-30
SIMPLE1500シリーズVol.72 THE ビーチバレー,2001-08-30
ときめきメモリアル2 Substories Vol.3 Memories Ringing On,2001-08-30
ぬくもりの中で,2001-08-30
パチスロ帝王 メーカー推奨マニュアル5 〜レースクイーン2・トムキャット〜,2001-08-30
パチンコ帝王 〜CRそれ打て浜ちゃん2・CRそれゆけ松ちゃんS〜,2001-08-30
みんなの飼育教室〜クワガタ編〜,2001-09-06
スーパー特撮大戦2001,2001-09-06
ブロックウオーズ,2001-09-06
Evergreen Avenue,2001-09-13
桃太郎まつり 〜石川六右衛門の巻〜,2001-09-13
豊丸倶楽部Vol.1 〜CRナナシー〜,2001-09-13
逢魔が時2,2001-09-13
Dance Dance Revolution 5th MIX,2001-09-20
FEVER5 SANKYO公式パチンコシミュレーション,2001-09-20
こもっち,2001-09-20
EVE The Fatal Attraction,2001-09-27
HUNTER×HUNTER 〜奪われたオーラストーン〜,2001-09-27
Memories Off 2nd,2001-09-27
SIMPLE1500シリーズVol.73 THE インベーダー 〜スペースインベーダー1500〜,2001-09-27
SIMPLE1500シリーズVol.74 THE ホラーミステリー 〜惨劇館 ケビン伯爵の復活〜,2001-09-27
フェイバリットディア - 円環の物語 -,2001-09-27
キッズステーション バーバパパ,2001-10-04
メモリアル☆シリーズ サンソフトVol.1,2001-10-04
ハローキティのおしゃべりABC,2001-10-11
西陣パチンコ徹底攻略 CR花満速報＆CRおばけらんど,2001-10-11
Castrol HONDA VTR SuperLite GOLDシリーズ,2001-10-25
SIMPLE1500シリーズ Vol.75 THE ダブルシューティング 〜レイストーム×レイクライシス〜,2001-10-25
SIMPLE1500シリーズ Vol.78 THE ゼロヨン,2001-10-25
SIMPLE1500シリーズ ハローキティ Vol.03 ブロックくずし,2001-10-25
SIMPLE1500シリーズ ハローキティ Vol.04 トランプ,2001-10-25
SIMPLE1500シリーズVol.76 THE ドッヂボール,2001-10-25
SIMPLE1500シリーズVol.77 THE 水泳,2001-10-25
SIMPLE1500実用シリーズ Vol.10 タロット占い,2001-10-25
SIMPLEキャラクター2000シリーズ Vol.1 機動戦士ガンダム THE 軍人将棋,2001-10-25
SIMPLEキャラクター2000シリーズ Vol.2 アフロ犬 THE パズル,2001-10-25
SIMPLEキャラクター2000シリーズ Vol.3 仮面ライダー THE バイクレース,2001-10-25
SuperLite GOLDシリーズ みんなの囲碁,2001-10-25
新装開店!!わんわん海物語 三洋パチンコパラダイスDX,2001-10-25
スロッターマニアcore 常夏の熱さ!オアシス,2001-11-08
キッズステーション くまのプーさん 森のなかまと1・2・3,2001-11-15
キッズステーション ミッキーとなかまたち かずあそびいろいろ,2001-11-15
パチスロ アルゼ王国5,2001-11-15
パチスロ帝王 メーカー推奨マニュアル6 〜宝船〜,2001-11-15
ヘリックス フィアエフェクト,2001-11-15
ドラゴンクエストIV 導かれし者たち,2001-11-22
ポップンミュージック5,2001-11-22
ミスタードリラーグレート,2001-11-22
DX人生ゲームIV,2001-11-29
NICE PRICEシリーズVol.1 日本プロ麻雀連盟公認 本格プロ麻雀,2001-11-29
NICE PRICEシリーズVol.2 本格将棋指南,2001-11-29
SIMPLEキャラクター2000シリーズ Vol.04 じゃりン子チエ THE 花札,2001-11-29
SuperLite 3in1シリーズ 数独集,2001-11-29
SuperLite GOLDシリーズ みんなのチェス,2001-11-29
ZANAC×ZANAC,2001-11-29
キッズステーション ウルトラマンコスモス 勇者の誓い,2001-11-29
キッズステーション クレヨンしんちゃん オラとおもいでつくるゾ!,2001-11-29
キッズステーション ドラえもん ひみつのよじげんポケット,2001-11-29
キッズステーション 美少女戦士セーラームーンワールド ちびうさとたのしいまいにち,2001-11-29
ハッピージョギングin Hawaii,2001-11-29
ロックマンX6,2001-11-29
世界最強銀星囲碁,2001-11-29
仮面ライダーアギト,2001-11-29
最強銀星将棋,2001-11-29
百獣戦隊ガオレンジャー,2001-11-29
ハリー・ポッターと賢者の石,2001-12-01
DX百人一首,2001-12-06
デジモンテイマーズ バトルエボリューション,2001-12-06
パチスロ完全攻略 〜高砂スーパープロジェクトVOL.2〜,2001-12-06
メモリアル☆シリーズ サンソフト Vol.2,2001-12-06
SIMPLE1500実用シリーズ Vol.11 家庭でできるツボ指圧,2001-12-13
SIMPLE1500実用シリーズ Vol.12 家庭の医学 〜診断事典〜,2001-12-13
キッズステーション ドキドキ☆のりもの大冒険,2001-12-13
キッズステーション ポンキッキーズ21,2001-12-13
シスタープリンセス ピュア・ストーリーズ,2001-12-13
ドキドキプリティリーグ Lovely Star,2001-12-13
マーメイドの季節,2001-12-13
今夜も千両箱!! 2001,2001-12-13
爆転シュート ベイブレード,2001-12-13
SIMPLE1500シリーズ Vol.79 THE 四川省,2001-12-20
SIMPLE1500シリーズ Vol.80 THE 陣取り 〜ヴォルフィード1500,2001-12-20
SIMPLE1500シリーズ Vol.81 THE 恋愛アドベンチャー 〜おかえりっ!〜,2001-12-20
SIMPLE1500シリーズ Vol.83 THE ウェイクボード,2001-12-20
SIMPLEキャラクター2000シリーズ Vol.05 ハイスクール!奇面組 THE テーブルホッケー,2001-12-20
SuperLite 3in1シリーズ クイズ集,2001-12-20
SuperLite 3in1シリーズ クロスワード集,2001-12-20
SuperLite 3in1シリーズ 釣りゲーム集,2001-12-20
クイズ$ミリオネア,2001-12-20
ゴエモン 新世代襲名!,2001-12-20
実況パワフルプロ野球2001決定版,2001-12-20
HEIWA Parlor! PRO ブンドリキングスペシャル,2001-12-27
ジェットコプターX,2001-12-27
メモリアル☆シリーズ サンソフト Vol.3,2001-12-27
犬夜叉,2001-12-27
飛んで!飛んで!ダイエット,2001-12-27
必殺パチンコステーションSP3,2002-01-01
スロッターマニア2 超熱30Φ!ハナハナ&キンバリー&ハイシオ,2002-01-17
NICE PRICEシリーズVol.3 花札&カードゲーム,2002-01-24
NICE PRICEシリーズVol.5 チェス&リバーシ,2002-01-24
SIMPLEキャラクター2000シリーズ Vol.06 ど根性ガエル THE 麻雀,2002-01-24
SuperLite 3in1シリーズ おえかきパズル集,2002-01-24
SuperLite 3in1シリーズ アーケードクラシック集,2002-01-24
スーパープライスシリーズ ブロック&スイッチ,2002-01-24
スーパープライスシリーズ リバーシ,2002-01-24
スーパープライスシリーズ 花札,2002-01-24
ファミリーダイヤモンド,2002-01-24
ファミリー囲碁スーパーストロング,2002-01-24
ファミリー将棋スーパーストロング,2002-01-24
東京魔人學園外法帖,2002-01-24
GROOVE ADVENTURE RAVE 〜悠久の絆〜,2002-01-31
NICE PRICEシリーズVol.4 ビリヤード・キング,2002-01-31
SIMPLE1500シリーズ Vol.84 THEイントロクイズ,2002-01-31
SIMPLE1500シリーズ vol.85 THE戦国武将,2002-01-31
beatmania 6thMIX + CORE REMIX,2002-01-31
ゆきんこばあにんぐ,2002-01-31
グルメアクションゲーム 満福!!鍋家族,2002-01-31
テイルズ オブ ファンダム Vol.1,2002-01-31
HOSHIGAMI 〜沈みゆく蒼き大地〜,2002-02-07
MARTIAL BEAT,2002-02-07
SuperLite 3in1シリーズ ナンクロ集,2002-02-07
キッズステーション くまのプーさん 森のきょうしつ,2002-02-07
キッズステーション くまのプーさん 森のともだち,2002-02-07
キッズステーション ミッキー&ミニーのマジカルキッチン,2002-02-07
必殺パチンコステーション now9 ダーティペア,2002-02-07
SIMPLE1500実用シリーズ Vol.13 心理ゲーム〜それいけ×ココロジー ココロのウソの摩訶不思議〜,2002-02-14
SIMPLE1500実用シリーズ Vol.14 暮らしのマナー〜冠婚葬祭編〜,2002-02-14
SLOT!PRO3 ジャグラースペシャル,2002-02-14
チョコレート♪キッス,2002-02-14
パチスロ帝王メーカー推奨マニュアル7 〜トリックモンスター2〜,2002-02-14
メモリアル☆シリーズ サンソフト Vol.4,2002-02-14
NICE PRICEシリーズVol.7 ワールドトーナメント ボウリング,2002-02-21
NICE PRICEシリーズvol.8 エレメンタルピンボール,2002-02-21
ZOIDS2 ヘリック共和国VSガイロス帝国,2002-02-21
どこまでも青く…,2002-02-21
Milky Season,2002-02-28
SHADOW AND SHADOW,2002-02-28
SIMPLE1500シリーズ Vol.82 THE 潜水艦,2002-02-28
SIMPLE1500シリーズ Vol.86 THE 鬼ごっこ,2002-02-28
SIMPLE1500シリーズ Vol.87 THE 競艇,2002-02-28
SLOT!PRO4 〜大漁スペシャル〜,2002-02-28
SuperLite GOLDシリーズ みんなのオセロ,2002-02-28
どこでもハムスター びっ!クリック探検隊,2002-02-28
テニスの王子様,2002-02-28
ハムスター倶楽部-i(愛),2002-02-28
HEIWA Parlor!PRO 綱取物語スペシャル,2002-03-07
SuperLite GOLDシリーズ みんなの将棋 上級編,2002-03-07
SuperLite GOLDシリーズ みんなの将棋 中級編,2002-03-07
SuperLite GOLDシリーズ みんなの将棋 初級編,2002-03-07
ぼくのチョロQ,2002-03-07
わたしのリカちゃん おてつだいをしよう,2002-03-07
NICE PRICEシリーズVol.6 クイズDEバトル,2002-03-14
モンスターズ・インク モンスター・アカデミー,2002-03-14
実況パワフルプロ野球2002春,2002-03-14
運動不足解消!パンチDEダイエット,2002-03-14
From TV animation ONE PIECE グランドバトル!2,2002-03-20
キッズステーション おジャ魔女どれみドッカ〜ン! MAHO堂えいごフェスティバル,2002-03-20
キッズステーション それいけ!アンパンマン3 すごろくアンパンマン,2002-03-20
ファミリーチェス,2002-03-20
ファミリー軍人将棋,2002-03-20
ミニモニ ダイスdeぴょん!,2002-03-20
王子さまLV1,2002-03-20
真・女神転生II,2002-03-20
LOVE GAME'S わいわいテニス プラス,2002-03-28
NICE PRICEシリーズVol.10 囲碁を打とう!,2002-03-28
NICE PRICEシリーズVol.9 パラダイス カジノ,2002-03-28
SIMPLE1500シリーズ Vol.88 THE ギャル麻雀,2002-03-28
SIMPLE1500シリーズ Vol.89 THE パワーショベル,2002-03-28
SIMPLE1500シリーズ Vol.90 THE 戦車,2002-03-28
SIMPLE1500シリーズ Vol.91 THE ギャンブラー,2002-03-28
SIMPLE1500シリーズ Vol.92 THE 登山RPG～銀嶺の覇者～,2002-03-28
SIMPLEキャラクター2000シリーズ Vol.07 一休さん THEクイズ,2002-03-28
すべてがFになる 〜THE PERFECT INSIDER〜,2002-03-28
スロッターマニア3 爆量放出! 海人&ファイアエレメント,2002-03-28
メモリアル☆シリーズ サンソフト Vol.5,2002-03-28
真・女神転生デビルチルドレン 黒の書・赤の書,2002-03-28
パカパカパッションスペシャル,2002-04-04
SIMPLE1500実用シリーズ vol.15 犬の飼い方〜世界の犬カタログ〜,2002-04-18
SIMPLE1500実用シリーズ vol.16 猫の飼い方〜世界の猫カタログ〜,2002-04-18
SIMPLE1500実用シリーズ vol.17 プラネタリウム,2002-04-18
あずまんがドンジャラ大王,2002-04-18
カプコン バーサス エス・エヌ・ケイ ミレニアムファイト 2000 PRO,2002-04-18
パチってちょんまげ3〜京楽公認・グラディエーター&玉ちゃん〜,2002-04-18
パチスロ帝王 〜浪花桜吹雪〜,2002-04-18
NICE PRICEシリーズ Vol.11 二角取りデラックス,2002-04-25
SIMPLE1500シリーズ vol.93 THE パズルボブル〜パズルボブル4〜,2002-04-25
クロノアビーチバレー 最強チーム決定戦!,2002-04-25
ブリードマスター,2002-04-25
ワールドサッカーウイニングイレブン2002,2002-04-25
名探偵コナン 最高の相棒,2002-04-25
山佐Digi セレクション,2002-04-25
お天気ころりん,2002-05-02
やきとり娘〜スゴ腕繁盛記〜,2002-05-09
キャプテン翼 〜新たなる伝説・序章〜,2002-05-16
ダイナマイトサッカー2002,2002-05-16
Major Waveシリーズ AI将棋セレクション,2002-05-23
Major Waveシリーズ アーケードヒッツ クレイジー・クライマー,2002-05-23
SIMPLE1500シリーズ Vol.94 THE カメラマン〜激写ボーイ おまけ付〜,2002-05-23
SIMPLE1500シリーズ Vol.95 THE 飛行機,2002-05-23
SIMPLE1500実用シリーズ Vol.18 漢字クイズ 〜漢字検定にチャレンジ〜,2002-05-23
新世紀GPXサイバーフォーミュラ 新たなる挑戦者 Collector's Edition,2002-05-23
ドラゴンクエストモンスターズ1・2 星降りの勇者と牧場の仲間たち,2002-05-30
パチスロ帝王 〜ゴルゴ13・ラスベガス〜,2002-05-30
ヒカルの碁 平安幻想異聞録,2002-05-30
アングラウォーカー,2002-06-06
シャーマンキング スピリットオブシャーマンズ,2002-06-06
SLOT!PRO5 浪花桜吹雪&島唄,2002-06-13
ワールド・グレイテスト・ヒッツ シリーズ Vol.1 PRO・PINBALL Big Race USA,2002-06-13
ワールド・グレイテスト・ヒッツ シリーズ Vol.2 Pipe Dreams 3D,2002-06-13
ワールド・グレイテスト・ヒッツ シリーズ Vol.3 Speedball 2100,2002-06-13
ワールド・グレイテスト・ヒッツ シリーズ Vol.4 レインボーシックス（英語版）,2002-06-13
ワールド・グレイテスト・ヒッツ シリーズ Vol.5 Tyco R/C,2002-06-13
MajorWaveシリーズ アーケードヒッツ ムーンクレスタ,2002-06-20
パチスロ帝王 〜島唄-30・ツイスト・南国物語-30〜,2002-06-20
SIMPLE1500シリーズ Vol.97 THE スカッシュ,2002-06-27
SIMPLEキャラクター2000シリーズ Vol.08 ガッチャマン THEシューティング,2002-06-27
SIMPLEキャラクター2000シリーズ Vol.09 釣りキチ三平 THE 釣り,2002-06-27
もっとトランプしようよ!〜iモードでグランプリ〜,2002-06-27
スロッターマニア4激熱妖光!シオラー&キングキャッスル&兜,2002-06-27
ポップンミュージック6,2002-06-27
デジモンワールド3 新たなる冒険の扉,2002-07-04
Water Summer,2002-07-18
キッズステーション LEGO (R) レゴ (R) のせかい,2002-07-18
キッズステーション ハローキティのおうちへおいでよ!,2002-07-18
キッズステーション 仮面ライダーヒーローズ,2002-07-18
MajorWaveシリーズ AI麻雀SELECTION,2002-07-25
MajorWaveシリーズ Frisky Tom,2002-07-25
SIMPLE1500シリーズ Vol.96 THE 野球2,2002-07-25
SuperLite 3in1シリーズ カードゲーム集,2002-07-25
コワイシャシン 〜心霊写真奇譚〜,2002-07-25
プルーのだいぼうけん from GROOVE ADVENTURE RAVE,2002-07-25
激闘!クラッシュギアTURBO,2002-07-25
爆烈サッカー,2002-07-25
競艇WARS マクル6,2002-07-25
マーメイドの季節 〜カーテンコール〜,2002-08-01
星のまほろば,2002-08-01
爆転シュート ベイブレード2002 ベイバトルトーナメント2,2002-08-01
超GALS!寿蘭すぺしゃる 〜イケメンゲッチューギャルズパーティー〜,2002-08-08
TV animation X〜運命の選択〜,2002-08-22
GROOVE ADVENTURE RAVE 〜未完の秘石〜,2002-08-29
SIMPLE1500シリーズ Vol.100 THE 宇宙飛行士,2002-08-29
SIMPLE1500シリーズ Vol.102 THE 電車運転手〜電車でGO! 名古屋鉄道編〜,2002-08-29
SIMPLE1500シリーズ Vol.99 THE 剣道〜剣の花道〜,2002-08-29
SIMPLEキャラクター2000シリーズVol.10 魁!!男塾 THE怒馳暴流（ドッチボール）,2002-08-29
SIMPLEキャラクター2000シリーズVol.11 名探偵コナン THEボードゲーム,2002-08-29
SuperLite 1500シリーズ ボンボート,2002-08-29
パチスロ帝王 〜デートラインペガサス〜,2002-08-29
最強銀星麻雀,2002-08-29
MAT HOFFMAN'S PRO BMX,2002-09-05
SIMPLE1500シリーズ Vol.98 THE フットサル,2002-09-05
ピノビィーの大冒険,2002-09-05
プーさんのみんなで森の大きょうそう!,2002-09-05
スロッターマニア外伝 超熱伝説! ゴールデンルーキー & ファイアーV & 琉王,2002-09-12
デジタルえほん Vol.1 いまどきの ももたろう,2002-09-12
デジタルえほん Vol.2 いまどきの かぐやひめ,2002-09-12
デジタルえほん Vol.3 いまどきの さるかに,2002-09-12
デジタルえほん Vol.4 いまどきの はなさかじいさん,2002-09-12
デジタルえほん Vol.5 いまどきの うらしまたろう,2002-09-12
マーシャルビート2,2002-09-12
TOM and JERRY in HOUSE TRAP,2002-09-19
ミニモニ。シャカっとタンバリン!だぴょん!,2002-09-19
ロマンスは剣の輝きII 〜銀の虹を探して〜,2002-09-19
SLOT! PRO6 ハイパージャグラーV,2002-09-26
SuperLite 3in1シリーズ ボードゲーム集,2002-09-26
キッズステーション ミニモニ。になるのだぴょん!,2002-09-26
スロッターマニア5 激打真髄! ハイパージャグラーV & キタチャンカントリー & ワンダーレビュー2,2002-09-26
テニスの王子様SWEAT & TEARS,2002-09-26
天使な小生意気,2002-09-26
ドラゴンドライブ タクティクスブレイク,2002-10-03
SIMPLEキャラクター2000シリーズ Vol.12 機動武闘伝Gガンダム THE バトル,2002-10-10
SIMPLEキャラクター2000シリーズ Vol.13 新機動戦記ガンダムW THE バトル,2002-10-10
SIMPLEキャラクター2000シリーズ Vol.14 なんてっ探偵アイドル THEジグソーパズル,2002-10-10
SIMPLEキャラクター2000シリーズ Vol.15 サイボーグ009 THEブロックくずし,2002-10-10
ナイトレイド,2002-10-10
ウィザードリィ エンパイア II 〜王女の遺産〜,2002-10-17
コロコロポストニン,2002-10-17
モバイル トモダチ,2002-10-17
第2回! クイズだらけの人生ゲーム,2002-10-17
SuperLite 1500シリーズ Battle QIX,2002-10-24
SuperLite 1500シリーズ KEEPER,2002-10-24
れでぃ☆めいど,2002-10-24
スロッターマニア6 爆裂再来! 海神（2タイプ）& ブルーラグーン,2002-10-24
最強銀星チェス,2002-10-24
最強銀星将棋2,2002-10-24
SPIDERMAN2 〜ENTER: ELECTRO〜,2002-10-31
ファイナルファンタジー,2002-10-31
ファイナルファンタジーII,2002-10-31
キッズステーション プラレール鉄道ものしり百科,2002-11-14
キッズステーション 動くトミカ図鑑,2002-11-14
SLOT!PRO7 花伝説,2002-11-21
ファミリー1500シリーズ 麻雀,2002-11-21
ファミリー囲碁2,2002-11-21
ファミリー将棋2,2002-11-21
メモリアル☆シリーズ サンソフト Vol.6,2002-11-21
ハリー・ポッターと秘密の部屋,2002-11-23
Dr.リンにきいてみて! 恋のハッピーフォーシーズン,2002-11-28
MajorWaveシリーズ アーケードヒッツ マジカルドロップ,2002-11-28
MajorWaveシリーズ アーケードヒッツ 雷電,2002-11-28
おジャ魔女どれみドッカ〜ン! にじいろパラダイス,2002-11-28
クイズ$ミリオネア わくわくパーティー,2002-11-28
ファンキーボクサーズ,2002-11-28
メイズヒーローズ 〜迷宮伝説〜,2002-11-28
仮面ライダー龍騎,2002-11-28
山佐Digiセレクション2,2002-11-28
帰ってきたサイボーグクロちゃん,2002-11-28
忍風戦隊ハリケンジャー,2002-11-28
DX人生ゲームV,2002-12-05
みんニャでゴーストハンター,2002-12-05
東京ミュウミュウ 登場新ミュウミュウ! 〜みんなでいっしょにご奉仕するにゃん〜,2002-12-05
犬夜叉〜戦国お伽合戦〜,2002-12-05
SAMURAI DEEPER KYO,2002-12-12
SuperLite 1500シリーズ ウィザーズハーモニー 復刻版,2002-12-12
こげぱん パンもゲームをやるらしい…,2002-12-12
ミニモニ。ステップぴょんぴょんぴょん♪,2002-12-12
虹色ドッジボール 乙女たちの青春,2002-12-12
アドリブ王子…と不愉快な仲間達!?,2002-12-19
キッズステーション おしゃべりおえかき きかんしゃトーマスとなかまたち,2002-12-19
キッズステーション おしゃべりおえかき それいけ! アンパンマン,2002-12-19
スロッターマニア7 激熱!シオサイ姫勢揃いDX+アパッチA,2002-12-19
ヒカルの碁〜院生頂上決戦〜,2002-12-19
幻想魔伝 最遊記 〜遥かなる西へ〜,2002-12-26
真・女神転生if...,2002-12-26
世界最強銀星囲碁2,2003-01-23
実況パワフルプロ野球プレミアム版,2003-01-23
陸上防衛隊まおちゃん,2003-01-23
Major Wave シリーズ わいわいボウリング,2003-01-30
SIMPLE1500シリーズ Vol.101 THE 銭湯,2003-01-30
SIMPLE1500シリーズ Vol.103 THE 元祖電車運転士 〜電車でGO!〜,2003-01-30
スロッターマニア8 魅惑の宝箱! ジュエルマジック2 & ゴールドアンドシルバー,2003-01-30
ホイッスル! 〜吹き抜ける風〜,2003-01-30
Major Wave シリーズ わいわいカート,2003-02-20
とことこトラブル 地球イタダキ!,2003-02-20
王子さま Lv1.5 -王子さまのたまご-,2003-02-20
SIMPLE1500シリーズ Vol.104 THE ピンクパンサー,2003-02-27
天使のしっぽ,2003-02-27
X-MEN MUTANT ACADEMY2,2003-03-06
スロッターマニア9 極熱30Ф! ハイビ & スプラッシュセブン,2003-03-13
Major Wave シリーズ わいわい草野球,2003-03-20
わがまま☆フェアリー ミルモでポン!〜ミルモの魔法学校ものがたり〜,2003-03-20
コロッケ! 禁断の禁貨ボックス!,2003-03-20
シスター・プリンセス2,2003-03-20
SuperLite1500シリーズ コットン100%,2003-03-27
キッズステーションペンつきコントローラ ハローキティとアルバムにっきをつくりましょ!,2003-03-27
SIMPLEキャラクター2000シリーズ Vol.16 ガンバの冒険 THE パズルアクション,2003-04-03
SIMPLEキャラクター2000シリーズ Vol.17 戦闘メカ ザブングル THE レースインアクション,2003-04-03
ダイナマイトサッカー2004ファイナル,2003-04-15
名探偵コナン トリックトリックVol.1,2003-04-17
Major Wave シリーズ ブロックくずし,2003-04-24
マールじゃん!!,2003-04-24
From TV animation ONE PIECE オーシャンズドリーム!,2003-05-01
BLACK/MATRIX OO,2003-05-13
怪盗アプリコット,2003-05-22
あそんで あいうえお,2003-05-29
あそんで かず・すうじ,2003-05-29
ゲームではじめるTOEIC (R) TEST まずは入門編1500,2003-06-05
SLOT!PRO 8 〜島娘30 & 花伝説25〜,2003-06-19
ご当地ハローキティすごろく物語,2003-06-19
新DX億万長者ゲーム 作って! 売って! 大儲け!,2003-06-19
NARUTO -ナルト- 忍の里の陣取り合戦,2003-06-26
遙かなる時空の中で-盤上遊戯-,2003-06-26
THE DOG MASTER,2003-08-07
動物キャラナビ占い2 個性心理学+恋愛占いパズル,2003-09-18
FRONT MISSION1st,2003-10-23
ジャレココレクション Vol.1,2003-10-23
世界最強銀星囲碁3,2003-10-23
アオ・ゾーラと仲間たち 夢の冒険プラス,2003-11-13
シスター・プリンセス2 PREMIUM FAN DISC,2003-11-13
あそんで知能アップ,2003-12-11
みんな集まれ! 囲碁教室,2003-12-11
ゲゲゲの鬼太郎 逆襲!妖魔大血戦,2003-12-11
