title,release_date,Package
FIFA13 ワールドクラスサッカー,2012-12-08,true
Mass Effect 3 特別版,2012-12-08,true
NINJA GAIDEN 3: Razor's Edge,2012-12-08,true
New スーパーマリオブラザーズ U,2012-12-08,true
Nintendo Land,2012-12-08,true
アサシン クリード III,2012-12-08,true
ゾンビU,2012-12-08,true
バットマン：アーカム・シティ アーマードエディション,2012-12-08,true
モンスターハンター3(トライ)G HD Ver.,2012-12-08,true
無双OROCHI2 Hyper,2012-12-08,true
鉄拳タッグトーナメント2 Wii U EDITION,2012-12-08,true
三國志12,2012-12-13,true
SIMPLEシリーズ for Wii U Vol.1 THEファミリーパーティ,2012-12-20,true
コール オブ デューティ ブラックオプス2（吹き替え版）,2012-12-20,true
スポーツコネクション,2012-12-20,true
TANK!TANK!TANK!,2012-12-26,true
真・北斗無双,2013-01-31,true
ナノアサルト ネオ,2013-02-27,false
ニード・フォー・スピード モスト・ウォンテッド U,2013-03-20,true
ゲーム&ワリオ,2013-03-28,true
ドラゴンクエストX 目覚めし五つの種族 オンライン,2013-03-30,true
オセロ,2013-04-17,false
ポケモンスクランブル U,2013-04-24,false
バイオハザード リベレーションズ アンベールド エディション,2013-05-23,true
ラビッツランド,2013-06-06,true
New スーパールイージ U,2013-06-19,true
F1 RACE STARS POWERED UP EDITION,2013-06-27,true
インジャスティス 神々の激突,2013-06-27,true
スカイランダーズ スパイロの大冒険,2013-07-12,true
ピクミン3,2013-07-13,true
スナイパーエリートV2,2013-07-18,true
レゴシティ アンダーカバー,2013-07-25,true
どうぶつの森 こもれび広場,2013-08-08,false
絵心教室 スケッチ,2013-08-08,false
龍が如く1&2 HD for Wii U,2013-08-08,true
The Wonderful 101,2013-08-24,true
運命の洞窟 THE CAVE,2013-08-28,false
スプリンターセル ブラックリスト,2013-09-05,true
ARC STYLE: 野球!!SP,2013-09-18,false
ゼルダの伝説 風のタクト HD,2013-09-26,true
ディズニー エピックミッキー2:二つの力,2013-09-26,true
三國志12 with パワーアップキット,2013-09-26,true
トガビトノセンリツ,2013-10-02,false
レイマン レジェンド,2013-10-17,true
ソニック ロストワールド,2013-10-24,true
Wii Sports Club,2013-10-30,true
Wii Party U,2013-10-31,true
コール オブ デューティ ゴースト（字幕版）,2013-11-14,true
スーパーマリオ 3Dワールド,2013-11-21,true
太鼓の達人 Wii Uば～じょん!,2013-11-21,true
アサシン クリード IV ブラック フラッグ,2013-11-28,true
ディズニーインフィニティ,2013-11-28,true
ドラゴンクエストX 眠れる勇者と導きの盟友 オンライン,2013-12-05,true
バットマン アーカム・ビギンズ,2013-12-05,true
マリオ&ソニック AT ソチオリンピック,2013-12-05,true
モンスターハンター フロンティアG,2013-12-11,true
ファミコンリミックス,2013-12-19,false
ガイアブレイカー,2013-12-25,false
Dr.LUIGI & 細菌撲滅,2014-01-15,false
TRINE 2 三つの力と不可思議の森,2014-01-22,false
まちがいさがしパーティー,2014-01-22,false
Wii Fit U,2014-02-01,true
ぷよぷよテトリス,2014-02-06,true
わいわい!みんなでチャレンジ,2014-02-12,false
ドンキーコング トロピカルフリーズ,2014-02-13,true
おきらくテニスSP,2014-03-12,false
クラウドベリー キングダム,2014-03-26,false
アルファディア ジェネシス,2014-04-02,false
JUST DANCE Wii U,2014-04-03,true
@SIMPLE DLシリーズ for Wii U Vol.1 THE 密室からの脱出 〜すべての始まり16の謎〜,2014-04-09,false
D.M.L.C. -デスマッチラブコメ-,2014-04-09,false
モンスターハンター フロンティアGG,2014-04-23,true
ファミコンリミックス 1+2,2014-04-24,true
ファミコンリミックス2,2014-04-24,false
チャイルド オブ ライト,2014-04-30,false
ソニック&オールスターレーシング トランスフォームド,2014-05-15,true
マリオカート8,2014-05-29,true
EDGE,2014-06-04,false
ONE PIECE アンリミテッドワールド レッド,2014-06-12,true
任天堂ゲームセミナー2013 受講生作品,2014-06-19,false
引ク押ス ワールド,2014-06-19,false
パックワールド,2014-06-25,false
仮面ライダー バトライド・ウォーII,2014-06-26,true
わいわい!みんなでシューティング クラフトアイランドからの脱出!,2014-07-02,false
モンスターハンター フロンティアG5,2014-07-23,true
タッチバトル戦車SP,2014-07-30,false
戦車SP,2014-07-30,false
@SIMPLE DLシリーズ for Wii U Vol.2 THE 密室からの脱出2 〜消された19の記憶〜,2014-08-06,false
ドラゴンクエストX オールインワンパッケージ (ver.1-2),2014-08-07,true
ゼルダ無双,2014-08-14,true
クニットアンダーグラウンド,2014-08-20,false
TOKI TORI 2+ 秘められた謎と不思議な島,2014-09-03,false
マイティー スイッチ フォース! ハイパードライブエディション,2014-09-10,false
ベヨネッタ,2014-09-20,true
ベヨネッタ2,2014-09-20,true
零 〜濡鴉ノ巫女〜,2014-09-27,true
ボールポイントユニバース：インフィニット,2014-10-15,false
スティックイットトゥザマン!,2014-10-22,false
ズンバ フィットネス ワールドパーティ,2014-10-23,true
アミーロ・ザ・アルマジロ,2014-10-29,false
アートオブバランス,2014-10-29,false
レゴ ムービー ザ・ゲーム,2014-11-06,true
進め!キノピオ隊長,2014-11-13,true
カンフーラビット,2014-11-19,false
モンスターハンター フロンティアG6,2014-11-19,true
太鼓の達人 特盛り!,2014-11-20,true
藤子・F・不二雄キャラクターズ 大集合!SFドタバタパーティー!!,2014-11-20,true
ご当地鉄道 〜ご当地キャラと日本全国の旅〜,2014-11-27,true
ウォッチドッグス,2014-12-04,true
仮面ライダー サモンライド!,2014-12-04,true
大乱闘スマッシュブラザーズ for Wii U,2014-12-06,true
パックワールド2,2014-12-10,false
ケモノダッシュ!,2014-12-17,false
スチームワールド ディグ HD,2014-12-17,false
ソニックトゥーン 太古の秘宝,2014-12-18,true
パドル,2014-12-24,false
XTYPE+,2015-01-07,false
Outer World 20th Anniversary Edition,2015-01-21,false
カラクリWooden Sen'Sey,2015-01-21,false
タッチ!カービィ スーパーレインボー,2015-01-22,true
レゴ マーベル スーパーヒーローズ ザ・ゲーム,2015-01-22,true
役満 鳳凰,2015-02-18,false
TENGAMI,2015-03-04,false
Teslagrad,2015-03-11,false
マリオパーティ10,2015-03-12,true
ギアナシスターズ：ツイステッドドリームズ,2015-03-18,false
マリオvs.ドンキーコング みんなでミニランド,2015-03-19,true
Chariot,2015-03-25,false
Little Inferno,2015-04-02,false
THE SWAPPER,2015-04-02,false
レゴ バットマン3 ザ・ゲーム ゴッサムから宇宙へ,2015-04-02,true
ロデア・ザ・スカイソルジャー,2015-04-02,true
Super Toy Cars,2015-04-08,false
モンスターハンター フロンティアG7,2015-04-15,true
タッチ!amiibo いきなりファミコン名シーン,2015-04-23,false
ねじ巻きナイト2,2015-04-28,false
サイコロの森 3-in-1,2015-04-28,false
学びゲット!,2015-04-28,false
ゼノブレイドクロス,2015-04-29,true
ドラゴンクエストX いにしえの竜の伝承 オンライン,2015-04-30,true
スプラトゥーン,2015-05-28,true
99Seconds,2015-06-03,false
アルクラッシュ,2015-06-24,false
ジカンサタンサ,2015-06-24,false
ドキドキ手紙リレー,2015-06-24,false
マッドアタック! マックスVS泥々星人,2015-06-24,false
ミチコジャンプ!,2015-06-24,false
Abyss,2015-07-01,false
ヨッシー ウールワールド,2015-07-16,true
テトロボット AND CO.,2015-07-22,false
モンスターハンター フロンティアG8,2015-07-22,true
ガールズ・ライク・ロボッツ,2015-07-29,false
Devil's Third,2015-08-04,true
ゾンビディフェンス,2015-08-05,false
チャリ走 Ultra DX 世界ツアー,2015-08-05,false
ネバーアローン,2015-08-19,false
ブルームーン,2015-09-09,false
スーパーマリオメーカー,2015-09-10,true
Bit Trip Presents... Runner 2 リズム星人の爆走,2015-09-30,false
Darts Up,2015-09-30,false
ヒラメキパズル テトグラム,2015-09-30,false
みんなで宇宙ツアー チャリ走DX2,2015-10-14,false
イトル・デューの伝説 失われた島と謎の城,2015-10-14,false
99Moves,2015-10-21,false
Rock 'N Racing Off Road,2015-10-28,false
ガンマンストーリーHDコレクション,2015-10-28,false
ザ バインディング オブ アイザック:リバース,2015-10-28,false
レゴ ジュラシック・ワールド,2015-11-05,true
じっくり 絵心教室,2015-11-12,true
ディズニー インフィニティ3.0,2015-11-12,true
Tiny Thief,2015-11-13,false
Year Walk 最後の啓示,2015-11-13,false
ソード アンド ソルジャーズ,2015-11-13,false
U-EXPLORE SPACE ADVENTURES,2015-11-18,false
モンスターハンター フロンティアG9,2015-11-18,true
どうぶつの森 amiiboフェスティバル,2015-11-21,true
1001 Spikes,2015-11-25,false
Fullblast,2015-11-25,false
Runbow,2015-11-25,false
太鼓の達人 あつめて☆ともだち大作戦!,2015-11-26,true
LOST REAVERS,2015-12-02,false
ドットペイント,2015-12-02,false
ドラゴンクエストX オールインワンパッケージ (ver.1-3),2015-12-03,true
妖怪ウォッチダンス JUST DANCE スペシャルバージョン,2015-12-05,true
ソード アンド ソルジャーズ II,2015-12-09,false
ニヒラブラ,2015-12-09,false
Master Reboot,2015-12-16,false
モモンガ ピンボール アドベンチャー,2015-12-16,false
Minecraft: Wii U Edition,2015-12-17,true
FAST Racing NEO,2015-12-22,false
幻影異聞録♯FE,2015-12-26,true
アスディバインハーツ,2016-01-13,false
マリオテニス ウルトラスマッシュ,2016-01-28,true
ミニマリオ & フレンズ amiiboチャレンジ,2016-01-28,false
キューブライフ:アイランドサバイバル,2016-02-03,false
バードマニアパーティ,2016-02-17,false
銀星将棋 強天怒闘風雷神,2016-02-25,true
ゼルダの伝説 トワイライトプリンセス HD,2016-03-10,true
ポッ拳 POKKÉN TOURNAMENT,2016-03-18,true
Astral Breakers,2016-03-23,false
エリエット クエスト,2016-03-23,false
スターフォックス ガード,2016-04-21,true
スターフォックス ゼロ,2016-04-21,true
モンスターハンター フロンティアG10,2016-04-21,false
LEGO マーベル アベンジャーズ,2016-04-28,true
グレートレース,2016-06-01,false
Mighty No. 9,2016-06-21,false
マリオ&ソニック AT リオオリンピック,2016-06-23,true
ブロークドロップU,2016-06-29,false
ショベルナイト,2016-06-30,false
6180 the moon,2016-07-06,false
FreezeME,2016-07-06,false
スーパーロボマウス,2016-07-20,false
Grumpy Reaper,2016-08-24,false
シャンティ -リスキィ・ブーツの逆襲-,2016-08-31,false
ブロック ビルダー,2016-08-31,false
シャンティ -海賊の呪い-,2016-09-07,false
テラリア,2016-09-15,true
ペーパーマリオ カラースプラッシュ,2016-10-13,true
レゴ スター・ウォーズ/フォースの覚醒,2016-10-13,true
Ninja Pizza Girl,2016-11-09,false
トルクル(TorqueL),2016-11-09,false
モンスターハンター フロンティアZ,2016-11-09,false
ACE OF SEAFOOD,2016-11-30,false
ブルームーン2,2016-11-30,false
Run Run and Die,2016-12-14,false
プチコンBIG,2016-12-14,false
Teslapunk,2017-01-25,false
プランテラ ガーデンライフ,2017-02-01,false
かいぞくポップ,2017-02-22,false
ゼルダの伝説 ブレス オブ ザ ワイルド,2017-03-03,true
Back to Bed,2017-03-29,false
Rock 'N Racing GRAND PRIX,2017-03-29,false
CUP CRITTERS,2017-04-12,false
SHOOT THE BALL,2017-04-19,false
ドットアーティスト,2017-04-19,false
デッドハウス 再生,2017-05-31,false
レヴナントサーガ,2017-06-07,false
タロミア,2017-08-02,false
キューブライフ:ピクセルアクションヒーローズ,2017-08-09,false
Tachyon Project,2017-08-23,false
少女とロボット,2017-09-13,false
ドラゴンクエストX 5000年の旅路 遥かなる故郷へ オンライン,2017-11-16,true
Bit Dungeon+,2017-12-20,false
Chronicles of Teddy : Harmony of Exidus,2018-02-14,false
スペロイド,2018-03-07,false
ドラゴンクエストX オールインワンパッケージ (ver.1-4),2018-07-26,true
ドラゴンクエストX いばらの巫女と滅びの神 オンライン,2019-10-24,false
ドラゴンクエストX 天星の英雄たち オンライン,2021-11-11,false
