発売日,メーカー,タイトル,⭐クロスレビュー(評価),パッケージ併売,ジャンル,開発元,未使用,販売本数,プラットフォーム
2005-12-10,エレクトロニック・アーツ,FIFA06 ロード・トゥ FIFA ワールドカップ,2,YES,その他,エレクトロニック・アーツ,0,1,Xbox 360
2005-12-10,マイクロソフト,エブリパーティ,2,YES,その他,マイクロソフト,0,1,Xbox 360
2005-12-10,AQインタラクティブ,テトリス ザ・グランドマスター エース,2,YES,その他,AQインタラクティブ,0,1,Xbox 360
2005-12-10,エレクトロニック・アーツ,ニード・フォー・スピード モスト・ウォンテッド,2,YES,その他,エレクトロニック・アーツ,0,1,Xbox 360
2005-12-10,マイクロソフト,パーフェクトダーク ゼロ,2,YES,その他,マイクロソフト,0,1,Xbox 360
2005-12-10,ナムコ,リッジレーサー6,2,YES,その他,ナムコ,0,1,Xbox 360
2005-12-22,ユービーアイソフト,PETER JACKSON'S キング・コング オフィシャル ゲーム オブ ザ ムービー,2,YES,その他,ユービーアイソフト,0,1,Xbox 360
2005-12-22,ユークス,レッスルキングダム,2,YES,その他,ユークス,0,1,Xbox 360
2005-12-22,コーエー,真・三國無双4 Special,2,YES,その他,コーエー,0,1,Xbox 360
2005-12-29,テクモ,デッド オア アライブ4,2,YES,その他,テクモ,0,1,Xbox 360
2006-01-12,マイクロソフト,PGR3 - プロジェクトゴッサムレーシング3 -,2,YES,その他,マイクロソフト,0,1,Xbox 360
2006-01-12,フロム・ソフトウェアUbisoft,【eM】-eNCHANT arM-,2,YES,その他,フロム・ソフトウェアUbisoft,0,1,Xbox 360
2006-01-19,エレクトロニック・アーツ,NBAライブ06,2,YES,その他,エレクトロニック・アーツ,0,1,Xbox 360
2006-01-26,AQインタラクティブ,通信対戦麻雀 闘龍門,2,YES,その他,AQインタラクティブ,0,1,Xbox 360
2006-02-02,マイクロソフト,カメオ:エレメンツ オブ パワー,2,YES,その他,マイクロソフト,0,1,Xbox 360
2006-02-23,エレクトロニック・アーツ,タイガー・ウッズ PGA TOUR 06,2,YES,その他,エレクトロニック・アーツ,0,1,Xbox 360
2006-03-23,エレクトロニック・アーツ,バーンアウト リベンジ,2,YES,その他,エレクトロニック・アーツ,0,1,Xbox 360
2006-03-23,ハドソン,天外魔境 ZIRIA 〜遙かなるジパング〜,2,YES,その他,ハドソン,0,1,Xbox 360
2006-03-23,コーエー,真・三國無双4 EmpiresDynasty Warriors 5 Empires,2,YES,その他,コーエー,0,1,Xbox 360
2006-03-30,タイトーUbisoft,Over GOver G Fighters,2,YES,その他,タイトーUbisoft,0,1,Xbox 360
2006-03-30,ハムスター,ザ・コンビニ200X,2,YES,その他,ハムスター,0,1,Xbox 360
2006-03-30,トミー,ゾイドインフィニティEX NEO,2,YES,その他,トミー,0,1,Xbox 360
2006-03-30,エレクトロニック・アーツ,ファイトナイト ラウンド3,2,YES,その他,エレクトロニック・アーツ,0,1,Xbox 360
2006-03-30,コナミ,ランブルローズXX,2,YES,その他,コナミ,0,1,Xbox 360
2006-04-06,コナミデジタルエンタテインメント,プロ野球スピリッツ3,2,YES,その他,コナミデジタルエンタテインメント,0,1,Xbox 360
2006-04-20,マイクロソフト,NINETY-NINE NIGHTS,2,YES,その他,マイクロソフト,0,1,Xbox 360
2006-04-20,スクウェア・エニックス,ファイナルファンタジーXI オールインワンパック2006,2,YES,その他,スクウェア・エニックス,0,1,Xbox 360
2006-04-27,エレクトロニック・アーツ,2006 FIFA ワールドカップ ドイツ大会2006 FIFA World Cup,2,YES,その他,エレクトロニック・アーツ,0,1,Xbox 360
2006-04-27,エレクトロニック・アーツ,バトルフィールド2 モダンコンバット,2,YES,その他,エレクトロニック・アーツ,0,1,Xbox 360
2006-05-18,バンダイナムコゲームス,LoveFOOTBALL 青き戦士たちの軌跡,2,YES,その他,バンダイナムコゲームス,0,1,Xbox 360
2006-06-15,コナミデジタルエンタテインメントActivision,コール オブ デューティー2,2,YES,その他,コナミデジタルエンタテインメントActivision,0,1,Xbox 360
2006-06-29,セガ,クロムハウンズ,2,YES,その他,セガ,0,1,Xbox 360
2006-06-29,ユービーアイソフト,ゴーストリコン アドバンスウォーファイターTom Clancy's Ghost Recon Advanced Warfighter,2,YES,その他,ユービーアイソフト,0,1,Xbox 360
2006-06-29,アイディアファクトリー,スペクトラルフォース3 イノセントレイジ,2,YES,その他,アイディアファクトリー,0,1,Xbox 360
2006-07-27,バンダイナムコゲームス,ゼーガペイン XOR,2,YES,その他,バンダイナムコゲームス,0,1,Xbox 360
2006-07-27,AQインタラクティブ,バレットウィッチ,2,YES,その他,AQインタラクティブ,0,1,Xbox 360
2006-07-27,スパイク2K Sports,メジャーリーグベースボール2K6,2,YES,その他,スパイク2K Sports,0,1,Xbox 360
2006-07-27,グレフUbisoft,旋光の輪舞 Rev.XWarTech: Senko no Ronde,2,YES,その他,グレフUbisoft,0,1,Xbox 360
2006-07-27,元気Ubisoft,首都高バトルXImport Tuner Challenge,2,YES,その他,元気Ubisoft,0,1,Xbox 360
2006-08-03,ハドソン,BOMBERMAN Act:Zero,2,YES,その他,ハドソン,0,1,Xbox 360
2006-08-03,マイクロソフト2K Sports,トップスピン2,2,YES,その他,マイクロソフト2K Sports,0,1,Xbox 360
2006-08-17,コーエー,戦国無双2Samurai Warriors 2,2,YES,その他,コーエー,0,1,Xbox 360
2006-08-31,セガ,コンデムド サイコクライム,2,YES,その他,セガ,0,1,Xbox 360
2006-09-07,元気Majesco Entertainment,剣豪ZEROKengo: Legend of the 9,2,YES,その他,元気Majesco Entertainment,0,1,Xbox 360
2006-09-14,フロンティアグルーヴ,アクアゾーン 〜LIFE SIMULATOR〜,2,YES,その他,フロンティアグルーヴ,0,1,Xbox 360
2006-09-28,スクウェア・エニックス,PROJECT SYLPHEED,2,YES,その他,スクウェア・エニックス,0,1,Xbox 360
2006-09-28,カプコン,デッドライジング,2,YES,その他,カプコン,0,1,Xbox 360
2006-09-28,セガ,フルオート,2,YES,その他,セガ,0,1,Xbox 360
2006-10-05,スパイク,トゥームレイダーレジェンド,2,YES,その他,スパイク,0,1,Xbox 360
2006-10-05,フロム・ソフトウェアMicrosoft Game Studios,天誅 千乱Tenchu Z,2,YES,その他,フロム・ソフトウェアMicrosoft Game Studios,0,1,Xbox 360
2006-10-12,THQジャパン,Moto GP 2006,2,YES,その他,THQジャパン,0,1,Xbox 360
2006-10-12,マイクロソフトRockstar Games,Rockstar Games Presents Table Tennis,2,YES,その他,マイクロソフトRockstar Games,0,1,Xbox 360
2006-11-02,THQジャパン,ザ・アウトフィット,2,YES,その他,THQジャパン,0,1,Xbox 360
2006-11-22,エレクトロニック・アーツ,NBAライブ07,2,YES,その他,エレクトロニック・アーツ,0,1,Xbox 360
2006-11-22,スパイクActivision,X-MEN THE OFFICIAL GAME,2,YES,その他,スパイクActivision,0,1,Xbox 360
2006-11-22,バンダイナムコゲームス,カルドセプト サーガ,2,YES,その他,バンダイナムコゲームス,0,1,Xbox 360
2006-11-22,テクモ,デッド オア アライブ エクストリーム2,2,YES,その他,テクモ,0,1,Xbox 360
2006-11-30,バンプレスト,スーパーロボット大戦XO,2,YES,その他,バンプレスト,0,1,Xbox 360
2006-12-07,バンダイナムコゲームス,ゼーガペイン NOT,2,YES,その他,バンダイナムコゲームス,0,1,Xbox 360
2006-12-07,マイクロソフト,ブルードラゴン,2,YES,その他,マイクロソフト,0,1,Xbox 360
2006-12-14,ディースリー・パブリッシャー,お姉チャンバラ vorteX 〜忌血を継ぐ者たち〜,2,YES,その他,ディースリー・パブリッシャー,0,1,Xbox 360
2006-12-14,セガ,ファンタシースターユニバース,2,YES,その他,セガ,0,1,Xbox 360
2006-12-14,コナミデジタルエンタテインメント,ワールドサッカー ウイニングイレブン XPro Evolution Soccer 6,2,YES,その他,コナミデジタルエンタテインメント,0,1,Xbox 360
2006-12-14,ディースリー・パブリッシャー,地球防衛軍3Earth Defense Force 2017,2,YES,その他,ディースリー・パブリッシャー,0,1,Xbox 360
2006-12-21,アートディンク505 Games,A列車で行こうHXA-Train HX,2,YES,その他,アートディンク505 Games,0,1,Xbox 360
2006-12-21,エレクトロニック・アーツ,MADDEN NFL07,2,YES,その他,エレクトロニック・アーツ,0,1,Xbox 360
2006-12-21,セガ,ソニック・ザ・ヘッジホッグ,2,YES,その他,セガ,0,1,Xbox 360
2006-12-21,エレクトロニック・アーツ,ニード・フォー・スピード カーボン,2,YES,その他,エレクトロニック・アーツ,0,1,Xbox 360
2006-12-21,カプコン,ロスト プラネット エクストリーム コンディション,2,YES,その他,カプコン,0,1,Xbox 360
2006-12-28,スパイク2K Games,Prey,2,YES,その他,スパイク2K Games,0,1,Xbox 360
2007-01-11,マイクロソフト,あつまれ!ピニャータ,2,YES,その他,マイクロソフト,0,1,Xbox 360
2007-01-18,マイクロソフト,Gears of War,2,YES,その他,マイクロソフト,0,1,Xbox 360
2007-01-25,THQジャパン,WWE 2007 SmackDown!vs RawWWE SmackDown vs. Raw 2007,2,YES,その他,THQジャパン,0,1,Xbox 360
2007-01-25,バンダイナムコゲームス,アイドルマスター,2,YES,その他,バンダイナムコゲームス,0,1,Xbox 360
2007-01-25,エレクトロニック・アーツ,ゴッドファーザーThe Godfather: The Game,2,YES,その他,エレクトロニック・アーツ,0,1,Xbox 360
2007-01-25,AQインタラクティブ,ヴァンパイアレイン,2,YES,その他,AQインタラクティブ,0,1,Xbox 360
2007-02-08,ハドソンMicrosoft Game Studios,FuzionFrenzy2,2,YES,その他,ハドソンMicrosoft Game Studios,0,1,Xbox 360
2007-02-08,アイディアファクトリー,ディアーリオ リバース ムーン レジェンド,2,YES,その他,アイディアファクトリー,0,1,Xbox 360
2007-02-22,ユービーアイソフト,スプリンターセル 二重スパイTom Clancy's Splinter Cell: Double Agent,2,YES,その他,ユービーアイソフト,0,1,Xbox 360
2007-02-22,マイクロソフト,ライオットアクトCrackdown,2,YES,その他,マイクロソフト,0,1,Xbox 360
2007-03-22,フロム・ソフトウェアSega505 Games,アーマード・コア4,2,YES,その他,フロム・ソフトウェアSega505 Games,0,1,Xbox 360
2007-03-29,アイディアファクトリー,アブソリュート ブレイジングインフィニティ,2,YES,その他,アイディアファクトリー,0,1,Xbox 360
2007-03-29,スパイクActivision,コール オブ デューティ3,2,YES,その他,スパイクActivision,0,1,Xbox 360
2007-04-26,アタリジャパン,テストドライブ アンリミテッド,2,YES,その他,アタリジャパン,0,1,Xbox 360
2007-04-26,ユービーアイソフト,レインボーシックス ベガス,2,YES,その他,ユービーアイソフト,0,1,Xbox 360
2007-05-24,マイクロソフト,Forza Motorsport 2,2,YES,その他,マイクロソフト,0,1,Xbox 360
2007-05-24,エレクトロニック・アーツ,NBAストリートホームコート,2,YES,その他,エレクトロニック・アーツ,0,1,Xbox 360
2007-06-14,バンダイナムコゲームス,トラスティベル 〜ショパンの夢〜Eternal Sonata,2,YES,その他,バンダイナムコゲームス,0,1,Xbox 360
2007-06-21,THQジャパン,Saints Row,2,YES,その他,THQジャパン,0,1,Xbox 360
2007-06-21,マイクロソフト,シャドウラン,2,YES,その他,マイクロソフト,0,1,Xbox 360
2007-06-21,エレクトロニック・アーツ,デフジャムアイコン,2,YES,その他,エレクトロニック・アーツ,0,1,Xbox 360
2007-07-12,ユービーアイソフト,ゴーストリコン アドバンスウォーファイター2Tom Clancy's Ghost Recon Advanced Warfighter 2,2,YES,その他,ユービーアイソフト,0,1,Xbox 360
2007-07-26,スパイク2K Games,The Elder Scrolls IV: Oblivion,2,YES,その他,スパイク2K Games,0,1,Xbox 360
2007-08-30,スパイクEidos Interactive,Hitman: Blood Money,2,YES,その他,スパイクEidos Interactive,0,1,Xbox 360
2007-09-06,コーエーVivendi Games,Fatal Inertia,2,YES,その他,コーエーVivendi Games,0,1,Xbox 360
2007-09-13,コーエー,無双OROCHIWarriors Orochi,2,YES,その他,コーエー,0,1,Xbox 360
2007-09-20,エレクトロニック・アーツ,マッデンNFL 08,2,YES,その他,エレクトロニック・アーツ,0,1,Xbox 360
2007-09-27,マイクロソフト,Halo 3,2,YES,その他,マイクロソフト,0,1,Xbox 360
2007-10-11,マイクロソフト,PGR4 - プロジェクトゴッサムレーシング4 -,2,YES,その他,マイクロソフト,0,1,Xbox 360
2007-10-11,サクセス,オペレーション・ダークネス,2,YES,その他,サクセス,0,1,Xbox 360
2007-10-18,タカラトミー,ゾイド オルタナティブ,2,YES,その他,タカラトミー,0,1,Xbox 360
2007-10-18,バンダイナムコゲームス,ビューティフル塊魂Beautiful Katamari,2,YES,その他,バンダイナムコゲームス,0,1,Xbox 360
2007-10-25,コーエー,BLADESTORM 百年戦争Bladestorm: The Hundred Years' War,2,YES,その他,コーエー,0,1,Xbox 360
2007-11-01,バンダイナムコゲームス,エースコンバット6 解放への戦火Ace Combat 6: Fires of Liberation,2,YES,その他,バンダイナムコゲームス,0,1,Xbox 360
2007-11-08,エレクトロニック・アーツEidos Interactive,JUST CAUSE ビバ・レボリューションJust Cause,2,YES,その他,エレクトロニック・アーツEidos Interactive,0,1,Xbox 360
2007-11-08,エレクトロニック・アーツ,NBAライブ 08,2,YES,その他,エレクトロニック・アーツ,0,1,Xbox 360
2007-11-08,スパイク2K Sports,メジャーリーグベースボール 2K7,2,YES,その他,スパイク2K Sports,0,1,Xbox 360
2007-11-11,コーエー,真・三國無双5Dynasty Warriors 6,2,YES,その他,コーエー,0,1,Xbox 360
2007-11-20,セガ,ファンタシースターユニバース イルミナスの野望,2,YES,その他,セガ,0,1,Xbox 360
2007-11-22,エレクトロニック・アーツ,ハリー・ポッターと不死鳥の騎士団Harry Potter and the Order of the Phoenix,2,YES,その他,エレクトロニック・アーツ,0,1,Xbox 360
2007-11-22,スクウェア・エニックス,ファイナルファンタジーXI アルタナの神兵Final Fantasy XI: Wings of the Goddess,2,YES,その他,スクウェア・エニックス,0,1,Xbox 360
2007-11-22,スクウェア・エニックス,ファイナルファンタジーXI ヴァナ・ディールコレクション,2,YES,その他,スクウェア・エニックス,0,1,Xbox 360
2007-11-22,エレクトロニック・アーツ,メダル・オブ・オナー エアボーン,2,YES,その他,エレクトロニック・アーツ,0,1,Xbox 360
2007-11-22,コナミデジタルエンタテインメント,ワールドサッカー ウイニングイレブン 2008Pro Evolution Soccer 2008,2,YES,その他,コナミデジタルエンタテインメント,0,1,Xbox 360
2007-11-29,アークシステムワークス,GUILTY GEAR 2 OVERTURE,2,YES,その他,アークシステムワークス,0,1,Xbox 360
2007-11-29,ユービーアイソフト,アサシン クリード,2,YES,その他,ユービーアイソフト,0,1,Xbox 360
2007-11-29,アイディアファクトリー,アポカリプス〜ディザイアネクスト〜,2,YES,その他,アイディアファクトリー,0,1,Xbox 360
2007-11-29,スパイクActivision,トニー・ホーク プロジェクト8,2,YES,その他,スパイクActivision,0,1,Xbox 360
2007-12-06,THQジャパン,CONAN,2,YES,その他,THQジャパン,0,1,Xbox 360
2007-12-06,マイクロソフト,あつまれ!ピニャータ 〜レッツ☆パーティー〜Viva Piñata: Party Animals,2,YES,その他,マイクロソフト,0,1,Xbox 360
2007-12-06,セガ,バーチャファイター5 ライブアリーナVirtua Fighter 5 Online,2,YES,その他,セガ,0,1,Xbox 360
2007-12-06,マイクロソフト,ロストオデッセイ,2,YES,その他,マイクロソフト,0,1,Xbox 360
2007-12-06,ハドソン,桃太郎電鉄16 GOLD,2,YES,その他,ハドソン,0,1,Xbox 360
2007-12-13,マイクロソフト,キングダムアンダーファイア：サークルオブドゥーム,2,YES,その他,マイクロソフト,0,1,Xbox 360
2007-12-13,THQジャパン,スタントマン：イグニッション,2,YES,その他,THQジャパン,0,1,Xbox 360
2007-12-13,バンダイナムコゲームス,スマッシュコートテニス3,2,YES,その他,バンダイナムコゲームス,0,1,Xbox 360
2007-12-13,アークシステムワークス,式神の城III,2,YES,その他,アークシステムワークス,0,1,Xbox 360
2007-12-20,エレクトロニック・アーツ,FIFA 08 ワールドクラス サッカーFIFA 08,2,YES,その他,エレクトロニック・アーツ,0,1,Xbox 360
2007-12-27,バンダイナムコゲームス,ガンダム無双インターナショナルDynasty Warriors: Gundam,2,YES,その他,バンダイナムコゲームス,0,1,Xbox 360
2007-12-27,アクティビジョン,コール オブ デューティ4 モダン・ウォーフェア,2,YES,その他,アクティビジョン,0,1,Xbox 360
2008-01-17,THQジャパン,ドリフトナイツ ジュースド2Juiced 2: Hot Import Nights,2,YES,その他,THQジャパン,0,1,Xbox 360
2008-01-31,セガ,セガラリー REVO,2,YES,その他,セガ,0,1,Xbox 360
2008-01-31,カプコン,デビルメイクライ4,2,YES,その他,カプコン,0,1,Xbox 360
2008-02-07,スパイクEidos Interactive,Battlestations: Midway,2,YES,その他,スパイクEidos Interactive,0,1,Xbox 360
2008-02-11,○,2005年9月発売の同名作品および関連DLCを収録。,2,,その他,○,0,1,Xbox 360
2008-02-14,THQジャパン,WWE 2008 SmackDown vs RawWWE SmackDown vs. Raw 2008,2,YES,その他,THQジャパン,0,1,Xbox 360
2008-02-21,スパイク2K Games,Bioshock,2,YES,その他,スパイク2K Games,0,1,Xbox 360
2008-02-21,エレクトロニック・アーツ,バーンアウト パラダイス,2,YES,その他,エレクトロニック・アーツ,0,1,Xbox 360
2008-02-28,バンダイナムコゲームス,アイドルマスター ライブフォーユー!,2,YES,その他,バンダイナムコゲームス,0,1,Xbox 360
2008-02-28,ユービーアイソフト,コール・オブ・ファレス,2,YES,その他,ユービーアイソフト,0,1,Xbox 360
2008-03-13,エレクトロニック・アーツ,Skate.,2,YES,その他,エレクトロニック・アーツ,0,1,Xbox 360
2008-03-19,ユービーアイソフト,Blazing Angels 2: Secret Missions,2,YES,その他,ユービーアイソフト,0,1,Xbox 360
2008-03-19,フロム・ソフトウェアSega,アーマード・コア フォーアンサー,2,YES,その他,フロム・ソフトウェアSega,0,1,Xbox 360
2008-03-19,エレクトロニック・アーツ,アーミー オブ ツー,2,YES,その他,エレクトロニック・アーツ,0,1,Xbox 360
2008-03-19,エレクトロニック・アーツ,ニード・フォー・スピード プロストリート,2,YES,その他,エレクトロニック・アーツ,0,1,Xbox 360
2008-03-19,コーエー,戦国無双2 with 猛将伝,2,YES,その他,コーエー,0,1,Xbox 360
2008-03-27,スパイクEidos Interactive,Tomb Raider Anniversary,2,YES,その他,スパイクEidos Interactive,0,1,Xbox 360
2008-03-27,ディースリー・パブリッシャー,ダークセクター,2,YES,その他,ディースリー・パブリッシャー,0,1,Xbox 360
2008-03-27,サクセス,ライデンファイターズ エイシズ,2,YES,その他,サクセス,0,1,Xbox 360
2008-04-10,ディズニーインタラクティブスタジオBuena Vista Games,テュロック,2,YES,その他,ディズニーインタラクティブスタジオBuena Vista Games,0,1,Xbox 360
2008-04-24,THQジャパン,フロントライン フュエル・オブ・ウォー,2,YES,その他,THQジャパン,0,1,Xbox 360
2008-04-24,ユービーアイソフト,レインボーシックス ベガス 2Tom Clancy's Rainbow Six: Vegas 2,2,YES,その他,ユービーアイソフト,0,1,Xbox 360
2008-05-15,スパイク2K Games,ザ・ダークネス,2,YES,その他,スパイク2K Games,0,1,Xbox 360
2008-05-22,エレクトロニック・アーツ,オレンジボックス,2,YES,その他,エレクトロニック・アーツ,0,1,Xbox 360
2008-05-22,サクセス,ストラングルホールド (ゲーム),2,YES,その他,サクセス,0,1,Xbox 360
2008-05-29,マイクロソフトCodemasters,オーバーロード:魔王サマ 復活ノ時Overlord,2,YES,その他,マイクロソフトCodemasters,0,1,Xbox 360
2008-05-29,アークシステムワークス,バトルファンタジア,2,YES,その他,アークシステムワークス,0,1,Xbox 360
2008-05-29,カプコン,ロストプラネット コロニーズLost Planet: Extreme Condition Colonies Edition,2,YES,その他,カプコン,0,1,Xbox 360
2008-06-05,エレクトロニック・アーツ,FIFA ストリート3,2,YES,その他,エレクトロニック・アーツ,0,1,Xbox 360
2008-06-05,テクモMicrosoft Game Studios,NINJA GAIDEN 2,2,YES,その他,テクモMicrosoft Game Studios,0,1,Xbox 360
2008-06-05,バンダイナムコゲームスAtari,ドラゴンボールZ バーストリミット,2,YES,その他,バンダイナムコゲームスAtari,0,1,Xbox 360
2008-06-19,ラッセルEmpire Interactive,フラットアウト アルティメット カルネージ,2,YES,その他,ラッセルEmpire Interactive,0,1,Xbox 360
2008-06-26,バンダイナムコゲームス,ガンダム オペレーショントロイ,2,YES,その他,バンダイナムコゲームス,0,1,Xbox 360
2008-06-26,エレクトロニック・アーツ,バトルフィールド バッド カンパニー,2,YES,その他,エレクトロニック・アーツ,0,1,Xbox 360
2008-07-10,スパイクEidos Interactive,KANE&LYNCH: DEAD MEN,2,YES,その他,スパイクEidos Interactive,0,1,Xbox 360
2008-07-17,ユービーアイソフト,マイトアンドマジック エレメンツDark Messiah of Might and Magic: Elements,2,YES,その他,ユービーアイソフト,0,1,Xbox 360
2008-07-24,ベセスダ・ソフトワークス,BULLYBully: Scholarship Edition,2,YES,その他,ベセスダ・ソフトワークス,0,1,Xbox 360
2008-07-24,アクティビジョン,ギターヒーロー3 レジェンド オブ ロック,2,YES,その他,アクティビジョン,0,1,Xbox 360
2008-07-31,セガ,セガ 北京オリンピックBeijing 2008,2,YES,その他,セガ,0,1,Xbox 360
2008-07-31,バンダイナムコゲームス,ソウルキャリバーIV,2,YES,その他,バンダイナムコゲームス,0,1,Xbox 360
2008-08-07,スパイク2K Sports,NBA 2K8,2,YES,その他,スパイク2K Sports,0,1,Xbox 360
2008-08-07,バンダイナムコゲームス,テイルズ オブ ヴェスペリア,2,YES,その他,バンダイナムコゲームス,0,1,Xbox 360
2008-08-28,プロトタイプ,CLANNAD,2,YES,その他,プロトタイプ,0,1,Xbox 360
2008-08-28,マイクロソフト,トゥー・ヒューマン,2,YES,その他,マイクロソフト,0,1,Xbox 360
2008-09-04,コーエー,無双OROCHI 魔王再臨Warriors Orochi 2,2,YES,その他,コーエー,0,1,Xbox 360
2008-09-11,マイクロソフト,あつまれ!ピニャータ2: ガーデンの大ぴんち,2,YES,その他,マイクロソフト,0,1,Xbox 360
2008-09-11,スクウェア・エニックス,インフィニット アンディスカバリー,2,YES,その他,スクウェア・エニックス,0,1,Xbox 360
2008-09-11,スパイクEidos Interactive,ダブルクラッチConflict: Denied Ops,2,YES,その他,スパイクEidos Interactive,0,1,Xbox 360
2008-09-18,エレクトロニック・アーツMidway Games,アンリアルトーナメント3,2,YES,その他,エレクトロニック・アーツMidway Games,0,1,Xbox 360
2008-09-25,レコム,ジャンライン,2,YES,その他,レコム,0,1,Xbox 360
2008-09-25,エレクトロニック・アーツ,タイガーウッズ PGA TOUR 09,2,YES,その他,エレクトロニック・アーツ,0,1,Xbox 360
2008-09-25,エレクトロニック・アーツ,マッデン NFL 09,2,YES,その他,エレクトロニック・アーツ,0,1,Xbox 360
2008-10-02,モスTaito,雷電IV,2,YES,その他,モスTaito,0,1,Xbox 360
2008-10-09,アクティビジョン,ギターヒーロー エアロスミス,2,YES,その他,アクティビジョン,0,1,Xbox 360
2008-10-16,エレクトロニック・アーツ,フェイスブレイカー,2,YES,その他,エレクトロニック・アーツ,0,1,Xbox 360
2008-10-23,エレクトロニック・アーツ,NBA ライブ 09,2,YES,その他,エレクトロニック・アーツ,0,1,Xbox 360
2008-10-30,カプコンRockstar Games,グランド・セフト・オートIV,2,YES,その他,カプコンRockstar Games,0,1,Xbox 360
2008-10-30,アクティビジョンLucasArts,フラクチャー,2,YES,その他,アクティビジョンLucasArts,0,1,Xbox 360
2008-10-30,ユービーアイソフト,ブラザー イン アームズ ヘルズハイウェイ,2,YES,その他,ユービーアイソフト,0,1,Xbox 360
2008-11-13,エレクトロニック・アーツ,FIFA 09 ワールドクラスサッカー,2,YES,その他,エレクトロニック・アーツ,0,1,Xbox 360
2008-11-20,コナミデジタルエンタテインメント,オトメディウスG（ゴージャス!）,2,YES,その他,コナミデジタルエンタテインメント,0,1,Xbox 360
2008-11-20,エレクトロニック・アーツ,マーセナリーズ2 ワールド イン フレームス,2,YES,その他,エレクトロニック・アーツ,0,1,Xbox 360
2008-11-20,スクウェア・エニックス,ラスト レムナント,2,YES,その他,スクウェア・エニックス,0,1,Xbox 360
2008-11-27,ユービーアイソフト,Far Cry 2,2,YES,その他,ユービーアイソフト,0,1,Xbox 360
2008-11-27,コンパイルハート,アガレスト戦記 リアピアランス,2,YES,その他,コンパイルハート,0,1,Xbox 360
2008-11-27,サイバーフロント2K Sports,メジャーリーグベースボール 2K8,2,YES,その他,サイバーフロント2K Sports,0,1,Xbox 360
2008-11-27,コナミデジタルエンタテインメント,ワールドサッカー ウイニングイレブン 2009Pro Evolution Soccer 2009,2,YES,その他,コナミデジタルエンタテインメント,0,1,Xbox 360
2008-12-04,ベセスダ・ソフトワークス,Fallout 3,2,YES,その他,ベセスダ・ソフトワークス,0,1,Xbox 360
2008-12-04,THQジャパン,Saints Row 2,2,YES,その他,THQジャパン,0,1,Xbox 360
2008-12-11,マイクロソフト,バンジョーとカズーイの大冒険 ガレージ大作戦Banjo-Kazooie: Nuts & Bolts,2,YES,その他,マイクロソフト,0,1,Xbox 360
2008-12-11,エレクトロニック・アーツ,ミラーズエッジ,2,YES,その他,エレクトロニック・アーツ,0,1,Xbox 360
2008-12-18,マイクロソフト,Fable II,2,YES,その他,マイクロソフト,0,1,Xbox 360
2008-12-18,バンダイナムコゲームス,ガンダム無双2Dynasty Warriors: Gundam 2,2,YES,その他,バンダイナムコゲームス,0,1,Xbox 360
2008-12-18,エレクトロニック・アーツ,ニード・フォー・スピード アンダーカバー,2,YES,その他,エレクトロニック・アーツ,0,1,Xbox 360
2008-12-18,ユービーアイソフト,プリンス・オブ・ペルシャ,2,YES,その他,ユービーアイソフト,0,1,Xbox 360
2008-12-18,アクティビジョンWarner Bros. Interactive Entertainment,レゴ バットマン,2,YES,その他,アクティビジョンWarner Bros. Interactive Entertainment,0,1,Xbox 360
2008-12-25,エレクトロニック・アーツAtari,アローン・イン・ザ・ダーク,2,YES,その他,エレクトロニック・アーツAtari,0,1,Xbox 360
2008-12-25,サイバーフロント2K Games,シヴィライゼーション レボリューション,2,YES,その他,サイバーフロント2K Games,0,1,Xbox 360
2009-01-15,コードマスターズ,RACE DRIVER GRID,2,YES,その他,コードマスターズ,0,1,Xbox 360
2009-01-22,エレクトロニック・アーツ,Left 4 Dead,2,YES,その他,エレクトロニック・アーツ,0,1,Xbox 360
2009-01-29,ユービーアイソフト,エンド ウォーTom Clancy's EndWar,2,YES,その他,ユービーアイソフト,0,1,Xbox 360
2009-01-29,スパイクEidos Interactive,トゥームレイダー：アンダーワールド,2,YES,その他,スパイクEidos Interactive,0,1,Xbox 360
2009-01-29,フロム・ソフトウェアMicrosoft Game Studios,ニンジャブレイド,2,YES,その他,フロム・ソフトウェアMicrosoft Game Studios,0,1,Xbox 360
2009-02-05,スパイク,Midnight Club: Los Angeles,2,YES,その他,スパイク,0,1,Xbox 360
2009-02-05,エレクトロニック・アーツ,バーンアウトパラダイス The Ultimate Box,2,YES,その他,エレクトロニック・アーツ,0,1,Xbox 360
2009-02-12,エレクトロニック・アーツ,スケート2,2,YES,その他,エレクトロニック・アーツ,0,1,Xbox 360
2009-02-12,カプコン,ストリートファイターIV,2,YES,その他,カプコン,0,1,Xbox 360
2009-02-19,トライアングル・サービス,シューティングラブ。200X,2,YES,その他,トライアングル・サービス,0,1,Xbox 360
2009-02-19,スクウェア・エニックス,スターオーシャン4 -THE LAST HOPE-Star Ocean: The Last Hope,2,YES,その他,スクウェア・エニックス,0,1,Xbox 360
2009-02-19,セガ,ソニック ワールドアドベンチャーSonic Unleashed,2,YES,その他,セガ,0,1,Xbox 360
2009-02-19,5pb.Games,怒首領蜂 大往生 ブラックレーベル EXTRA,2,YES,その他,5pb.Games,0,1,Xbox 360
2009-02-26,5pb.Games,CHAOS;HEAD NOAH,2,YES,その他,5pb.Games,0,1,Xbox 360
2009-02-26,マイクロソフト,Halo Wars,2,YES,その他,マイクロソフト,0,1,Xbox 360
2009-02-26,スパイク,侍道3Way of the Samurai 3,2,YES,その他,スパイク,0,1,Xbox 360
2009-03-05,カプコン,バイオハザード5Resident Evil 5,2,YES,その他,カプコン,0,1,Xbox 360
2009-03-26,スクウェア・エニックス,007 慰めの報酬007: Quantum of Solace,2,YES,その他,スクウェア・エニックス,0,1,Xbox 360
2009-03-26,スパイク2K Sports,NBA 2K9,2,YES,その他,スパイク2K Sports,0,1,Xbox 360
2009-04-02,5pb.Games,11eyes CrossOver,2,YES,その他,5pb.Games,0,1,Xbox 360
2009-04-16,マイクロソフトCodemasters,You're in the Movies:めざせ!ムービースターYou're in the Movies,2,YES,その他,マイクロソフトCodemasters,0,1,Xbox 360
2009-04-16,エレクトロニック・アーツ,ゴッドファーザー2,2,YES,その他,エレクトロニック・アーツ,0,1,Xbox 360
2009-04-23,ユービーアイソフト,H.A.W.XTom Clancy's H.A.W.X,2,YES,その他,ユービーアイソフト,0,1,Xbox 360
2009-04-23,ケイブAksys Games,デススマイルズ,2,YES,その他,ケイブAksys Games,0,1,Xbox 360
2009-04-29,スパイク2K Sports,NHL 2K9,2,YES,その他,スパイク2K Sports,0,1,Xbox 360
2009-04-30,ユービーアイソフトTopWare Interactive,Xブレード,2,YES,その他,ユービーアイソフトTopWare Interactive,0,1,Xbox 360
2009-05-21,マイクロソフト,Mass Effect,2,YES,その他,マイクロソフト,0,1,Xbox 360
2009-05-28,スパイクEidos Interactive,Battlestations: Pacific,2,YES,その他,スパイクEidos Interactive,0,1,Xbox 360
2009-05-28,コーエー,真・三國無双5 Empires,2,YES,その他,コーエー,0,1,Xbox 360
2009-06-25,アークシステムワークス,BLAZBLUE CALAMITY TRIGGER,2,YES,その他,アークシステムワークス,0,1,Xbox 360
2009-06-25,カプコン,Bionic Commando,2,YES,その他,カプコン,0,1,Xbox 360
2009-06-25,グレフ,まもるクンは呪われてしまった!,2,YES,その他,グレフ,0,1,Xbox 360
2009-06-25,スパイクWarner Bros. Interactive Entertainment,ウォンテッド：ウェポンズオブフェイト,2,YES,その他,スパイクWarner Bros. Interactive Entertainment,0,1,Xbox 360
2009-06-25,ディズニーインタラクティブ,エクストリームレーシング-PURE-Pure,2,YES,その他,ディズニーインタラクティブ,0,1,Xbox 360
2009-06-25,プロトタイプ,タイムリープ,2,YES,その他,プロトタイプ,0,1,Xbox 360
2009-07-09,スパイク2K Sports,MLB 2K9Major League Baseball 2K9,2,YES,その他,スパイク2K Sports,0,1,Xbox 360
2009-07-09,THQジャパン,WWE Legends of Wrestlemania,2,YES,その他,THQジャパン,0,1,Xbox 360
2009-07-23,ベセスダ・ソフトワークスTHQ,50セント：ブラッドオンザサンド,2,YES,その他,ベセスダ・ソフトワークスTHQ,0,1,Xbox 360
2009-07-23,ユービーアイソフト,コール・オブ・ファレス 血の絆Call of Juarez: Bound in Blood,2,YES,その他,ユービーアイソフト,0,1,Xbox 360
2009-07-30,マイクロソフト,Gears of War 2,2,YES,その他,マイクロソフト,0,1,Xbox 360
2009-07-30,SNKプレイモア,ザ・キング・オブ・ファイターズXII,2,YES,その他,SNKプレイモア,0,1,Xbox 360
2009-07-30,ディースリー・パブリッシャー2K Sports,トップスピン3,2,YES,その他,ディースリー・パブリッシャー2K Sports,0,1,Xbox 360
2009-08-06,バンダイナムコゲームスBanpresto,マグナカルタ2,2,YES,その他,バンダイナムコゲームスBanpresto,0,1,Xbox 360
2009-08-06,スパイクTHQ,レッドファクション:ゲリラ,2,YES,その他,スパイクTHQ,0,1,Xbox 360
2009-08-27,サイバーフロントWarner Bros. Interactive Entertainment,F.E.A.R.2 PROJECT ORIGIN,2,YES,その他,サイバーフロントWarner Bros. Interactive Entertainment,0,1,Xbox 360
2009-08-27,ディースリー・パブリッシャー,ドリームクラブ,2,YES,その他,ディースリー・パブリッシャー,0,1,Xbox 360
2009-08-27,5pb.Games,メモリーズオフ6 Next Relation,2,YES,その他,5pb.Games,0,1,Xbox 360
2009-08-27,5pb.Games,メモリーズオフ6 〜T-wave〜,2,YES,その他,5pb.Games,0,1,Xbox 360
2009-09-17,コードマスターズ,FUEL,2,YES,その他,コードマスターズ,0,1,Xbox 360
2009-09-17,"タイトーEquity, Evolved Games",TERMINATOR SALVATION,2,YES,その他,"タイトーEquity, Evolved Games",0,1,Xbox 360
2009-09-17,ユービーアイソフトSouthPeak Games,ベルベット・アサシン,2,YES,その他,ユービーアイソフトSouthPeak Games,0,1,Xbox 360
2009-09-24,マイクロソフト,Halo 3: ODST,2,YES,その他,マイクロソフト,0,1,Xbox 360
2009-10-01,コンパイルハート,クロスエッジ DASH,2,YES,その他,コンパイルハート,0,1,Xbox 360
2009-10-01,コーエー,真・三國無双 MULTI RAID SpecialDynasty Warriors: Strikeforce,2,YES,その他,コーエー,0,1,Xbox 360
2009-10-15,スパイク,NBA 2K10,2,YES,その他,スパイク,0,1,Xbox 360
2009-10-15,スパイク,NHL 2K10,2,YES,その他,スパイク,0,1,Xbox 360
2009-10-15,5pb.Games,STEINS;GATE,2,YES,その他,5pb.Games,0,1,Xbox 360
2009-10-15,ユークスTHQ,UFC 2009 Undisputed,2,YES,その他,ユークスTHQ,0,1,Xbox 360
2009-10-22,エレクトロニック・アーツ,FIFA 10,2,YES,その他,エレクトロニック・アーツ,0,1,Xbox 360
2009-10-22,マイクロソフト,Forza Motorsport 3,2,YES,その他,マイクロソフト,0,1,Xbox 360
2009-10-29,セガ,ベヨネッタ,2,YES,その他,セガ,0,1,Xbox 360
2009-10-29,バンダイナムコゲームス,鉄拳6,2,YES,その他,バンダイナムコゲームス,0,1,Xbox 360
2009-11-05,エレクトロニック・アーツ,NBAライブ10,2,YES,その他,エレクトロニック・アーツ,0,1,Xbox 360
2009-11-05,コードマスターズ,コリン・マクレー ダート2,2,YES,その他,コードマスターズ,0,1,Xbox 360
2009-11-05,5pb.Games,タユタマ -Kiss on my Deity-,2,YES,その他,5pb.Games,0,1,Xbox 360
2009-11-05,バンダイナムコゲームス,ナムコミュージアム バーチャルアーケード,2,YES,その他,バンダイナムコゲームス,0,1,Xbox 360
2009-11-05,コナミ,ワールドサッカー ウイニングイレブン 2010Pro Evolution Soccer 2010,2,YES,その他,コナミ,0,1,Xbox 360
2009-11-12,バンダイナムコゲームス,ドラゴンボール レイジングブラスト,2,YES,その他,バンダイナムコゲームス,0,1,Xbox 360
2009-11-12,エレクトロニック・アーツ,ニード・フォー・スピード シフト,2,YES,その他,エレクトロニック・アーツ,0,1,Xbox 360
2009-11-12,スクウェア・エニックス,ファイナルファンタジーXI ヴァナ・ディール コレクション2,2,YES,その他,スクウェア・エニックス,0,1,Xbox 360
2009-11-19,エレクトロニック・アーツ,Left 4 Dead 2,2,YES,その他,エレクトロニック・アーツ,0,1,Xbox 360
2009-11-26,ケイブ,虫姫さま ふたりVer 1.5,2,YES,その他,ケイブ,0,1,Xbox 360
2009-12-03,ユービーアイソフト,アサシン クリード II,2,YES,その他,ユービーアイソフト,0,1,Xbox 360
2009-12-10,スクウェア・エニックスActivision,コール オブ デューティ モダン・ウォーフェア2,2,YES,その他,スクウェア・エニックスActivision,0,1,Xbox 360
2009-12-10,SNKプレイモア,サムライスピリッツ閃Samurai Shodown Sen,2,YES,その他,SNKプレイモア,0,1,Xbox 360
2009-12-24,ラッセルPlaylogic,インファーナル：ヘルズヴェンジェンス,2,YES,その他,ラッセルPlaylogic,0,1,Xbox 360
2010-01-07,ユービーアイソフト,アバター: The GameJames Cameron's Avatar: The Game,2,YES,その他,ユービーアイソフト,0,1,Xbox 360
2010-01-14,コードマスターズ,オペレーションフラッシュポイント：ドラゴンライジング,2,YES,その他,コードマスターズ,0,1,Xbox 360
2010-01-14,スクウェア・エニックスWarner Bros. Interactive Entertainment,バットマン アーカム・アサイラム,2,YES,その他,スクウェア・エニックスWarner Bros. Interactive Entertainment,0,1,Xbox 360
2010-01-28,THQジャパン,WWE 2010 SmackDown vs Raw,2,YES,その他,THQジャパン,0,1,Xbox 360
2010-01-28,セガ,エンド オブ エタニティResonance of Fate,2,YES,その他,セガ,0,1,Xbox 360
2010-01-28,ラッセルDestineer,ストークト,2,YES,その他,ラッセルDestineer,0,1,Xbox 360
2010-01-28,エレクトロニック・アーツ,ファイトナイト ラウンド4,2,YES,その他,エレクトロニック・アーツ,0,1,Xbox 360
2010-02-10,スパイク,セイクリッド2Sacred 2: Fallen Angel,2,YES,その他,スパイク,0,1,Xbox 360
2010-02-18,ディースリー・パブリッシャー,EAT LEAD マット・ハザードの逆襲,2,YES,その他,ディースリー・パブリッシャー,0,1,Xbox 360
2010-02-18,エレクトロニック・アーツ,ダンテズ・インフェルノ,2,YES,その他,エレクトロニック・アーツ,0,1,Xbox 360
2010-02-25,マイクロソフト2K Games,Borderlands,2,YES,その他,マイクロソフト2K Games,0,1,Xbox 360
2010-02-25,アルケミスト,のーふぇいと! 〜only the power of will〜,2,YES,その他,アルケミスト,0,1,Xbox 360
2010-02-25,ケイブ,エスプガルーダII ブラックレーベル,2,YES,その他,ケイブ,0,1,Xbox 360
2010-03-04,ディースリー・パブリッシャー2K Games,BioShock2,2,YES,その他,ディースリー・パブリッシャー2K Games,0,1,Xbox 360
2010-03-04,コーエー,信長の野望・天道,2,YES,その他,コーエー,0,1,Xbox 360
2010-03-11,エレクトロニック・アーツ,バトルフィールド バッド カンパニー2,2,YES,その他,エレクトロニック・アーツ,0,1,Xbox 360
2010-03-11,マーベラスエンターテイメントUTV Ignition Entertainment,レッド シーズ プロファイルDeadly Premonition,2,YES,その他,マーベラスエンターテイメントUTV Ignition Entertainment,0,1,Xbox 360
2010-03-11,サイバーフロント,暁のアマネカと蒼い巨神 パシアテ文明研究興亡記,2,YES,その他,サイバーフロント,0,1,Xbox 360
2010-03-18,コナミTHQ,ダークサイダーズ 〜審判の時〜Darksiders,2,YES,その他,コナミTHQ,0,1,Xbox 360
2010-03-18,システムソフトアルファ,萌え萌え2次大戦（略）☆ウルトラデラックス,2,YES,その他,システムソフトアルファ,0,1,Xbox 360
2010-03-25,5pb.Games,CHAOS;HEAD らぶChu☆Chu!,2,YES,その他,5pb.Games,0,1,Xbox 360
2010-03-25,エレクトロニック・アーツ,アーミー オブ ツー：ザ 40th デイ,2,YES,その他,エレクトロニック・アーツ,0,1,Xbox 360
2010-03-25,コーエー,北斗無双Fist of the North Star: Ken's Rage,2,YES,その他,コーエー,0,1,Xbox 360
2010-04-02,コーエー,ウイニングポストワールド 2010,2,YES,その他,コーエー,0,1,Xbox 360
2010-04-15,マーベラスエンターテイメント,NO MORE HEROES 英雄たちの楽園,2,YES,その他,マーベラスエンターテイメント,0,1,Xbox 360
2010-04-22,ラッセルBlack Bean Games,Superstars V8 Racing,2,YES,その他,ラッセルBlack Bean Games,0,1,Xbox 360
2010-04-22,5pb.Games,ケツイ 〜絆地獄たち〜 EXTRA,2,YES,その他,5pb.Games,0,1,Xbox 360
2010-04-22,スクウェア・エニックス,ニーア ゲシュタルトNier,2,YES,その他,スクウェア・エニックス,0,1,Xbox 360
2010-04-28,ユービーアイソフト,スプリンターセル コンヴィクションTom Clancy's Splinter Cell: Conviction,2,YES,その他,ユービーアイソフト,0,1,Xbox 360
2010-04-28,カプコン,スーパーストリートファイターIV,2,YES,その他,カプコン,0,1,Xbox 360
2010-05-13,エレクトロニック・アーツ,2010 FIFA ワールドカップ 南アフリカ大会,2,YES,その他,エレクトロニック・アーツ,0,1,Xbox 360
2010-05-13,スパイクTHQ,メトロ2033,2,YES,その他,スパイクTHQ,0,1,Xbox 360
2010-05-20,ラッセルKalypso Media,トロピコ 3,2,YES,その他,ラッセルKalypso Media,0,1,Xbox 360
2010-05-20,カプコン,ロストプラネット2,2,YES,その他,カプコン,0,1,Xbox 360
2010-05-20,グレフ,旋光の輪舞DUO,2,YES,その他,グレフ,0,1,Xbox 360
2010-05-27,マイクロソフト,Alan Wake,2,YES,その他,マイクロソフト,0,1,Xbox 360
2010-05-27,ケイブ,デススマイルズIIX 魔界のメリークリスマス,2,YES,その他,ケイブ,0,1,Xbox 360
2010-06-03,5pb.Games,W.L.O. 世界恋愛機構,2,YES,その他,5pb.Games,0,1,Xbox 360
2010-06-03,マイクロソフト,ポップキャップアーケード,2,YES,その他,マイクロソフト,0,1,Xbox 360
2010-06-10,スクウェア・エニックスEidos Interactive,Just Cause 2,2,YES,その他,スクウェア・エニックスEidos Interactive,0,1,Xbox 360
2010-06-10,テイクツー・インタラクティブ・ジャパンRockstar Games,グランド・セフト・オート: エピソード・フロム・リバティーシティ,2,YES,その他,テイクツー・インタラクティブ・ジャパンRockstar Games,0,1,Xbox 360
2010-06-17,バンダイナムコゲームス,クラッシュ・オブ・ザ・タイタンズ：タイタンの戦いClash of the Titans,2,YES,その他,バンダイナムコゲームス,0,1,Xbox 360
2010-06-24,ユービーアイソフト,プリンス・オブ・ペルシャ 忘却の砂,2,YES,その他,ユービーアイソフト,0,1,Xbox 360
2010-06-24,カプコン,モンスターハンター フロンティア オンライン ビギナーズパッケージ,2,YES,その他,カプコン,0,1,Xbox 360
2010-06-24,システムソフトアルファ,戦極姫2 〜葉隠の乙女、風雲に乗ず〜,2,YES,その他,システムソフトアルファ,0,1,Xbox 360
2010-07-01,アークシステムワークス,BLAZBLUE CONTINUUM SHIFT,2,YES,その他,アークシステムワークス,0,1,Xbox 360
2010-07-08,バンダイナムコゲームス,デッドトゥライツ レトリビューション,2,YES,その他,バンダイナムコゲームス,0,1,Xbox 360
2010-07-08,マイクロソフト,ライオットアクト 2Crackdown 2,2,YES,その他,マイクロソフト,0,1,Xbox 360
2010-07-15,エレクトロニック・アーツ,タイガーウッズPGA TOUR 11,2,YES,その他,エレクトロニック・アーツ,0,1,Xbox 360
2010-07-22,コナミMicrosoft Game Studios,NINETY-NINE NIGHTS II,2,YES,その他,コナミMicrosoft Game Studios,0,1,Xbox 360
2010-07-22,スクウェア・エニックスActivision,ブラーレーサーズBlur,2,YES,その他,スクウェア・エニックスActivision,0,1,Xbox 360
2010-07-29,コンパイルハートIdea Factory,アガレスト戦記ZERO Dawn of WarRecord of Agarest War Zero,2,YES,その他,コンパイルハートIdea Factory,0,1,Xbox 360
2010-07-29,サイバーフロント,ストライクウィッチーズ 白銀の翼,2,YES,その他,サイバーフロント,0,1,Xbox 360
2010-07-29,スクウェア・エニックス,スプリームコマンダー2,2,YES,その他,スクウェア・エニックス,0,1,Xbox 360
2010-07-29,5pb.,メモリーズオフ ゆびきりの記憶,2,YES,その他,5pb.,0,1,Xbox 360
2010-08-12,テイクツー・インタラクティブ・ジャパン2K Sports,MLB 2K10Major League Baseball 2K10,2,YES,その他,テイクツー・インタラクティブ・ジャパン2K Sports,0,1,Xbox 360
2010-08-26,スクウェア・エニックスEidos Interactive,ケイン アンド リンチ2 ドッグ・デイズ,2,YES,その他,スクウェア・エニックスEidos Interactive,0,1,Xbox 360
2010-09-09,ユークスTHQ,UFC アンディスピューテッド 2010,2,YES,その他,ユークスTHQ,0,1,Xbox 360
2010-09-15,マイクロソフト,Halo:Reach,2,YES,その他,マイクロソフト,0,1,Xbox 360
2010-09-16,スクウェア・エニックス,フロントミッション エボルヴ,2,YES,その他,スクウェア・エニックス,0,1,Xbox 360
2010-09-22,スクウェア・エニックスActivision,シンギュラリティ,2,YES,その他,スクウェア・エニックスActivision,0,1,Xbox 360
2010-09-22,プロトタイプ,智代アフター 〜It's a Wonderful Life〜CS Edition,2,YES,その他,プロトタイプ,0,1,Xbox 360
2010-09-29,カプコン,モンスターハンター フロンティアオンライン シーズン9.0 プレミアムパッケージ,2,YES,その他,カプコン,0,1,Xbox 360
2010-09-30,コーエーテクモゲームス,クウォンタムセオリー,2,YES,その他,コーエーテクモゲームス,0,1,Xbox 360
2010-09-30,カプコン,デッドライジング2,2,YES,その他,カプコン,0,1,Xbox 360
2010-09-30,エレクトロニック・アーツ,マッデンNFL11,2,YES,その他,エレクトロニック・アーツ,0,1,Xbox 360
2010-10-07,コードマスターズ,F1 2010,2,YES,その他,コードマスターズ,0,1,Xbox 360
2010-10-07,ユービーアイソフト,H.A.W.X.2Tom Clancy's H.A.W.X 2,2,YES,その他,ユービーアイソフト,0,1,Xbox 360
2010-10-07,バンダイナムコゲームス,エンスレイブド 〜オデッセイトゥザウェスト〜,2,YES,その他,バンダイナムコゲームス,0,1,Xbox 360
2010-10-07,テイクツー・インタラクティブ・ジャパンRockstar Games,レッド・デッド・リデンプション,2,YES,その他,テイクツー・インタラクティブ・ジャパンRockstar Games,0,1,Xbox 360
2010-10-14,テイクツー・インタラクティブ・ジャパン2K Sports,NBA 2K11,2,YES,その他,テイクツー・インタラクティブ・ジャパン2K Sports,0,1,Xbox 360
2010-10-14,ラッセルBlack Bean Games,SBK X Superbike World Championship JP EDITION,2,YES,その他,ラッセルBlack Bean Games,0,1,Xbox 360
2010-10-21,エレクトロニック・アーツ,FIFA11 ワールドクラスサッカーFIFA 11,2,YES,その他,エレクトロニック・アーツ,0,1,Xbox 360
2010-10-21,バンダイナムコゲームス,NARUTO -ナルト- 疾風伝 ナルティメットストーム2Naruto Shippuden: Ultimate Ninja Storm 2,2,YES,その他,バンダイナムコゲームス,0,1,Xbox 360
2010-10-21,ユービーアイソフト,R.U.S.E.,2,YES,その他,ユービーアイソフト,0,1,Xbox 360
2010-10-21,セガ,VANQUISH,2,YES,その他,セガ,0,1,Xbox 360
2010-10-21,エレクトロニック・アーツ,メダル・オブ・オナー,2,YES,その他,エレクトロニック・アーツ,0,1,Xbox 360
2010-10-28,マイクロソフト,Fable III,2,YES,その他,マイクロソフト,0,1,Xbox 360
2010-10-28,マイルストーン,ラジルギノア Massive,2,YES,その他,マイルストーン,0,1,Xbox 360
2010-10-28,コナミ,ワールドサッカー ウイニングイレブン 2011Pro Evolution Soccer 2011,2,YES,その他,コナミ,0,1,Xbox 360
2010-10-28,アイディアファクトリー,俺の嫁 〜あなただけの花嫁〜,2,YES,その他,アイディアファクトリー,0,1,Xbox 360
2010-10-28,5pb.,車輪の国、向日葵の少女,2,YES,その他,5pb.,0,1,Xbox 360
2010-11-04,ベセスダ・ソフトワークス,Fallout: New Vegas,2,YES,その他,ベセスダ・ソフトワークス,0,1,Xbox 360
2010-11-11,エレクトロニック・アーツ,EA SPORTS 総合格闘技EA Sports MMA,2,YES,その他,エレクトロニック・アーツ,0,1,Xbox 360
2010-11-11,テイクツー・インタラクティブ・ジャパン2K Games,Mafia 2,2,YES,その他,テイクツー・インタラクティブ・ジャパン2K Games,0,1,Xbox 360
2010-11-11,バンダイナムコゲームス,ドラゴンボール レイジングブラスト2,2,YES,その他,バンダイナムコゲームス,0,1,Xbox 360
2010-11-18,スクウェア・エニックスActivision,コール オブ デューティ ブラックオプス（字幕版）,2,YES,その他,スクウェア・エニックスActivision,0,1,Xbox 360
2010-11-18,エレクトロニック・アーツ,ザ・シムズ3,2,YES,その他,エレクトロニック・アーツ,0,1,Xbox 360
2010-11-20,コナミ,Dance Evolution,2,YES,その他,コナミ,0,1,Xbox 360
2010-11-20,マイクロソフト,Kinect アドベンチャー!,2,YES,その他,マイクロソフト,0,1,Xbox 360
2010-11-20,マイクロソフト,Kinect スポーツ,2,YES,その他,マイクロソフト,0,1,Xbox 360
2010-11-20,コナミ,クロスボード7Adrenalin Misfits,2,YES,その他,コナミ,0,1,Xbox 360
2010-11-20,セガ,ソニック フリーライダーズ,2,YES,その他,セガ,0,1,Xbox 360
2010-11-20,バンダイナムコゲームス,体で答える新しい脳トレBody and Brain Connection,2,YES,その他,バンダイナムコゲームス,0,1,Xbox 360
2010-11-25,ユービーアイソフト,ショーン・ホワイト スケートボード,2,YES,その他,ユービーアイソフト,0,1,Xbox 360
2010-11-25,ケイブ,怒首領蜂大復活 Ver 1.5,2,YES,その他,ケイブ,0,1,Xbox 360
2010-12-09,マイクロソフト,Kinect アニマルズKinectimals,2,YES,その他,マイクロソフト,0,1,Xbox 360
2010-12-09,ユービーアイソフト,アサシン クリード ブラザーフッド,2,YES,その他,ユービーアイソフト,0,1,Xbox 360
2010-12-09,エレクトロニック・アーツ,ニード・フォー・スピード ホット・パースート,2,YES,その他,エレクトロニック・アーツ,0,1,Xbox 360
2010-12-09,ユービーアイソフト,ユアシェイプ フィットネス・エボルブ,2,YES,その他,ユービーアイソフト,0,1,Xbox 360
2010-12-16,ハドソン,DECA SPORTA FREEDOM,2,YES,その他,ハドソン,0,1,Xbox 360
2010-12-16,バンダイナムコゲームス,ガンダム無双3Dynasty Warriors: Gundam 3,2,YES,その他,バンダイナムコゲームス,0,1,Xbox 360
2010-12-16,コナミ,キャッスルヴァニア ロード オブ シャドウ,2,YES,その他,コナミ,0,1,Xbox 360
2010-12-16,エレクトロニック・アーツ,スケート3,2,YES,その他,エレクトロニック・アーツ,0,1,Xbox 360
2010-12-16,スクウェア・エニックス,ファイナルファンタジーXIII アルティメットヒッツ インターナショナル,2,YES,その他,スクウェア・エニックス,0,1,Xbox 360
2010-12-22,セガ,電脳戦機バーチャロンフォース,2,YES,その他,セガ,0,1,Xbox 360
2011-01-13,スクウェア・エニックスActivision,007 ブラッドストーンJames Bond 007: Blood Stone,2,YES,その他,スクウェア・エニックスActivision,0,1,Xbox 360
2011-01-13,マイクロソフトElectronic Arts,Mass Effect 2,2,YES,その他,マイクロソフトElectronic Arts,0,1,Xbox 360
2011-01-13,アークシステムワークス,アルカナハート3,2,YES,その他,アークシステムワークス,0,1,Xbox 360
2011-01-13,ラッセルDestineer,ストークト：ビッグエアーエディション,2,YES,その他,ラッセルDestineer,0,1,Xbox 360
2011-01-20,マイクロソフト,Kinect ジョイライド,2,YES,その他,マイクロソフト,0,1,Xbox 360
2011-01-20,バンダイナムコゲームス,魔人と失われた王国Majin and the Forsaken Kingdom,2,YES,その他,バンダイナムコゲームス,0,1,Xbox 360
2011-01-26,カプコン,モンスターハンター フロンティアオンライン シーズン10 プレミアムパッケージ,2,YES,その他,カプコン,0,1,Xbox 360
2011-01-27,スパイク,Dragon Age: Origins,2,YES,その他,スパイク,0,1,Xbox 360
2011-01-27,アルケミスト,ぎゃる☆がん,2,YES,その他,アルケミスト,0,1,Xbox 360
2011-01-27,ディースリー・パブリッシャー,ドリームクラブZERO,2,YES,その他,ディースリー・パブリッシャー,0,1,Xbox 360
2011-01-27,スクウェア・エニックス,マインドジャック,2,YES,その他,スクウェア・エニックス,0,1,Xbox 360
2011-02-03,ユークスTHQ,WWE SmackDown vs. Raw 2011,2,YES,その他,ユークスTHQ,0,1,Xbox 360
2011-02-03,ケイブ,怒首領蜂 大復活ブラックレーベル,2,YES,その他,ケイブ,0,1,Xbox 360
2011-02-10,テイクツー・インタラクティブ・ジャパンRockstar Games,レッド・デッド・リデンプション・アンデッド・ナイトメア,2,YES,その他,テイクツー・インタラクティブ・ジャパンRockstar Games,0,1,Xbox 360
2011-02-10,エクスペリエンス,円卓の生徒,2,YES,その他,エクスペリエンス,0,1,Xbox 360
2011-02-17,カプコン,MARVEL VS. CAPCOM 3 Fate of Two Worlds,2,YES,その他,カプコン,0,1,Xbox 360
2011-02-17,アトラス,キャサリン,2,YES,その他,アトラス,0,1,Xbox 360
2011-02-17,ユービーアイソフトSouthPeak Games,トゥーワールド2,2,YES,その他,ユービーアイソフトSouthPeak Games,0,1,Xbox 360
2011-02-24,GNソフトウェア,Piaキャロットへようこそ!!4 夏の恋活,2,YES,その他,GNソフトウェア,0,1,Xbox 360
2011-02-24,バンダイナムコゲームス,THE IDOLM@STER 2,2,YES,その他,バンダイナムコゲームス,0,1,Xbox 360
2011-02-24,ケイブ,むちむちポーク!&ピンクスゥイーツ,2,YES,その他,ケイブ,0,1,Xbox 360
2011-02-24,エレクトロニック・アーツ,バレットストーム,2,YES,その他,エレクトロニック・アーツ,0,1,Xbox 360
2011-03-03,エレクトロニック・アーツ,ファイトナイト チャンピオン,2,YES,その他,エレクトロニック・アーツ,0,1,Xbox 360
2011-03-24,サイバーフロントJoWood,アルカニアゴシック4,2,YES,その他,サイバーフロントJoWood,0,1,Xbox 360
2011-04-01,エレクトロニック・アーツ,Crysis 2,2,YES,その他,エレクトロニック・アーツ,0,1,Xbox 360
2011-04-07,スパイクElectronic Arts,Dragon Age: Origins - Awakening,2,YES,その他,スパイクElectronic Arts,0,1,Xbox 360
2011-04-07,キュート,エスカトス,2,YES,その他,キュート,0,1,Xbox 360
2011-04-07,5pb.,バレットソウル -弾魂-,2,YES,その他,5pb.,0,1,Xbox 360
2011-04-14,サイバーフロント,CROSS†CHANNEL 〜In memory of all people〜,2,YES,その他,サイバーフロント,0,1,Xbox 360
2011-04-14,サイバーフロント,WRC -FIA World Rally Championship-,2,YES,その他,サイバーフロント,0,1,Xbox 360
2011-04-14,スパイクTHQ,ホームフロント,2,YES,その他,スパイクTHQ,0,1,Xbox 360
2011-04-20,カプコン,モンスターハンター フロンティアオンライン フォワード.1 プレミアムパッケージ,2,YES,その他,カプコン,0,1,Xbox 360
2011-04-21,コナミ,オトメディウスX,2,YES,その他,コナミ,0,1,Xbox 360
2011-04-21,テイクツー・インタラクティブ・ジャパン2K Sports,トップスピン4,2,YES,その他,テイクツー・インタラクティブ・ジャパン2K Sports,0,1,Xbox 360
2011-04-21,サイバーフロントDeep Silver,ネイルド,2,YES,その他,サイバーフロントDeep Silver,0,1,Xbox 360
2011-04-28,イグニッション・エンターテイメントUTV Ignition Games,El Shaddai: Ascension of the Metatron,2,YES,その他,イグニッション・エンターテイメントUTV Ignition Games,0,1,Xbox 360
2011-05-12,テイクツー・インタラクティブ・ジャパン2K Sports,MLB2K11,2,YES,その他,テイクツー・インタラクティブ・ジャパン2K Sports,0,1,Xbox 360
2011-05-19,エレクトロニック・アーツValve,Portal 2,2,YES,その他,エレクトロニック・アーツValve,0,1,Xbox 360
2011-05-19,マイクロソフト,トリプルパック -Xbox LIVE アーケード コンピレーション-,2,YES,その他,マイクロソフト,0,1,Xbox 360
2011-05-26,コーエーテクモゲームス,TROY無双Warriors: Legends of Troy,2,YES,その他,コーエーテクモゲームス,0,1,Xbox 360
2011-05-26,マイクロソフトUbisoft,ファイターズアンケージ,2,YES,その他,マイクロソフトUbisoft,0,1,Xbox 360
2011-05-26,ケイブ,赤い刀 真,2,YES,その他,ケイブ,0,1,Xbox 360
2011-06-02,マイクロソフトMTV Games,Dance Central,2,YES,その他,マイクロソフトMTV Games,0,1,Xbox 360
2011-06-02,MAGES.(5pb.),ファントムブレイカー,2,YES,その他,MAGES.(5pb.),0,1,Xbox 360
2011-06-09,スパイクTHQ,レッドファクション：アルマゲドン,2,YES,その他,スパイクTHQ,0,1,Xbox 360
2011-06-16,ベセスダ・ソフトワークス,Brink,2,YES,その他,ベセスダ・ソフトワークス,0,1,Xbox 360
2011-06-16,MAGES.(5pb.),STEINS;GATE 比翼恋理のだーりん,2,YES,その他,MAGES.(5pb.),0,1,Xbox 360
2011-06-30,カプコン,スーパーストリートファイターIV アーケードエディション,2,YES,その他,カプコン,0,1,Xbox 360
2011-06-30,サイバーフロントAtari,テストドライブ アンリミテッド 2,2,YES,その他,サイバーフロントAtari,0,1,Xbox 360
2011-06-30,セガ,パワースマッシュ4,2,YES,その他,セガ,0,1,Xbox 360
2011-07-07,ディースリー・パブリッシャー,EARTH DEFENSE FORCE: INSECT ARMAGEDDON,2,YES,その他,ディースリー・パブリッシャー,0,1,Xbox 360
2011-07-07,ロックスター・ゲームスRockstar Games,L.A.ノワール,2,YES,その他,ロックスター・ゲームスRockstar Games,0,1,Xbox 360
2011-07-07,バンダイナムコゲームス,ナイツコントラクト,2,YES,その他,バンダイナムコゲームス,0,1,Xbox 360
2011-07-21,エレクトロニック・アーツ,Alice: Madness Returns,2,YES,その他,エレクトロニック・アーツ,0,1,Xbox 360
2011-07-21,ワーナー・ホーム・ビデオ,F.E.A.R. 3,2,YES,その他,ワーナー・ホーム・ビデオ,0,1,Xbox 360
2011-07-28,コードマスターズ,オペレーションフラッシュポイント：レッドリバー,2,YES,その他,コードマスターズ,0,1,Xbox 360
2011-07-28,スクウェア・エニックス,ダンジョン・シージIII,2,YES,その他,スクウェア・エニックス,0,1,Xbox 360
2011-08-25,コードマスターズ,DiRT 3,2,YES,その他,コードマスターズ,0,1,Xbox 360
2011-08-25,ベセスダ・ソフトワークス,Hunted：The Demon's Forge,2,YES,その他,ベセスダ・ソフトワークス,0,1,Xbox 360
2011-08-31,カプコン,モンスターハンター フロンティア オンライン アニバーサリー2011プレミアムパッケージ,2,YES,その他,カプコン,0,1,Xbox 360
2011-09-08,セガ,Rise of Nightmares,2,YES,その他,セガ,0,1,Xbox 360
2011-09-08,カプコン,バイオハザード リバイバルセレクション,2,YES,その他,カプコン,0,1,Xbox 360
2011-09-15,5pb.,DUNAMIS15,2,YES,その他,5pb.,0,1,Xbox 360
2011-09-22,マイクロソフト,Gears of War 3,2,YES,その他,マイクロソフト,0,1,Xbox 360
2011-09-22,エレクトロニック・アーツ,シャドウ オブ ザ ダムド,2,YES,その他,エレクトロニック・アーツ,0,1,Xbox 360
2011-09-22,コーエーテクモゲームス,チャンピオンジョッキー:ギャロップレーサー&ジーワンジョッキー,2,YES,その他,コーエーテクモゲームス,0,1,Xbox 360
2011-09-29,サイバーフロント,code 18,2,YES,その他,サイバーフロント,0,1,Xbox 360
2011-09-29,カプコン,モンスターハンター フロンティア オンラインフォワード.2 プレミアムパッケージ,2,YES,その他,カプコン,0,1,Xbox 360
2011-10-06,ユービーアイソフト,Child of Eden,2,YES,その他,ユービーアイソフト,0,1,Xbox 360
2011-10-06,コードマスターズ,F1 2011,2,YES,その他,コードマスターズ,0,1,Xbox 360
2011-10-06,ベセスダ・ソフトワークス,RAGE,2,YES,その他,ベセスダ・ソフトワークス,0,1,Xbox 360
2011-10-06,マイクロソフト,The Gunstringer,2,YES,その他,マイクロソフト,0,1,Xbox 360
2011-10-06,アルケミスト,黄金夢想曲X,2,YES,その他,アルケミスト,0,1,Xbox 360
2011-10-13,カプコン,DEAD RISING2 オフ・ザ・レコード,2,YES,その他,カプコン,0,1,Xbox 360
2011-10-13,マイクロソフト,Forza Motorsport 4,2,YES,その他,マイクロソフト,0,1,Xbox 360
2011-10-13,マイクロソフト,Kinect アニマルズ - フシギな島のなかまたち -Kinectimals: Now with Bears!,2,YES,その他,マイクロソフト,0,1,Xbox 360
2011-10-13,バンダイナムコゲームス,エースコンバット アサルト・ホライゾン,2,YES,その他,バンダイナムコゲームス,0,1,Xbox 360
2011-10-13,スクウェア・エニックスUbisoft,コール・オブ・ファレス ザ・カルテル,2,YES,その他,スクウェア・エニックスUbisoft,0,1,Xbox 360
2011-10-20,スクウェア・エニックス,DEUS ExDeus Ex: Human Revolution,2,YES,その他,スクウェア・エニックス,0,1,Xbox 360
2011-10-20,テイクツー・インタラクティブ・ジャパン,NBA 2K12,2,YES,その他,テイクツー・インタラクティブ・ジャパン,0,1,Xbox 360
2011-10-20,スパイクDeep Silver,デッドアイランド,2,YES,その他,スパイクDeep Silver,0,1,Xbox 360
2011-10-22,エレクトロニック・アーツ,FIFA 12 ワールドカップサッカーFIFA 12,2,YES,その他,エレクトロニック・アーツ,0,1,Xbox 360
2011-10-27,マイクロソフトMTV Games,Dance Central 2,2,YES,その他,マイクロソフトMTV Games,0,1,Xbox 360
2011-10-27,マイクロソフト,Kinect スポーツ シーズン2,2,YES,その他,マイクロソフト,0,1,Xbox 360
2011-10-27,サイバーフロントTHQ,"ウォーハンマー40,000:スペースマリーン",2,YES,その他,サイバーフロントTHQ,0,1,Xbox 360
2011-10-27,MAGES.,マブラヴ,2,YES,その他,MAGES.,0,1,Xbox 360
2011-10-27,MAGES.,マブラヴ オルタネイティヴ,2,YES,その他,MAGES.,0,1,Xbox 360
2011-11-02,エレクトロニック・アーツ,BattleField 3,2,YES,その他,エレクトロニック・アーツ,0,1,Xbox 360
2011-11-10,コナミ,METAL GEAR SOLID PEACE WALKER HD EDITION,2,YES,その他,コナミ,0,1,Xbox 360
2011-11-10,ケイブ,インスタントブレイン,2,YES,その他,ケイブ,0,1,Xbox 360
2011-11-10,スクウェア・エニックスUbisoft,ドライバー:サンフランシスコ,2,YES,その他,スクウェア・エニックスUbisoft,0,1,Xbox 360
2011-11-10,角川ゲームス,迷宮クロスブラッド リローデッド,2,YES,その他,角川ゲームス,0,1,Xbox 360
2011-11-17,スクウェア・エニックスActivision,Call of Duty: Modern Warfare 3字幕版,2,YES,その他,スクウェア・エニックスActivision,0,1,Xbox 360
2011-11-17,マイクロソフト,Halo: Combat Evolved Anniversary,2,YES,その他,マイクロソフト,0,1,Xbox 360
2011-11-17,カプコン,ULTIMATE MARVEL VS. CAPCOM 3,2,YES,その他,カプコン,0,1,Xbox 360
2011-11-17,コナミ,ぬらりひょんの孫 百鬼繚乱大戦,2,YES,その他,コナミ,0,1,Xbox 360
2011-11-17,エレクトロニック・アーツ,ザ・シムズ3 ペット,2,YES,その他,エレクトロニック・アーツ,0,1,Xbox 360
2011-11-17,THQジャパン,セインツロウ ザ・サード,2,YES,その他,THQジャパン,0,1,Xbox 360
2011-11-23,スクウェア・エニックスWarner Bros. Interactive Entertainment,バットマン アーカム・シティ,2,YES,その他,スクウェア・エニックスWarner Bros. Interactive Entertainment,0,1,Xbox 360
2011-11-23,コナミ,メタルギア ソリッド HD エディション,2,YES,その他,コナミ,0,1,Xbox 360
2011-11-23,ディースリー・パブリッシャー,街ingメーカー4,2,YES,その他,ディースリー・パブリッシャー,0,1,Xbox 360
2011-12-01,MAGES.,Ever17,2,YES,その他,MAGES.,0,1,Xbox 360
2011-12-01,ユービーアイソフト,アサシン クリード リベレーション,2,YES,その他,ユービーアイソフト,0,1,Xbox 360
2011-12-01,SNKプレイモア,ザ・キング・オブ・ファイターズ XIII,2,YES,その他,SNKプレイモア,0,1,Xbox 360
2011-12-01,セガ,ソニック ジェネレーションズ 白の時空,2,YES,その他,セガ,0,1,Xbox 360
2011-12-08,マイクロソフト,Kinect: ディズニーランド・アドベンチャーズ,2,YES,その他,マイクロソフト,0,1,Xbox 360
2011-12-08,ベセスダ・ソフトワークス,The Elder Scrolls V: Skyrim,2,YES,その他,ベセスダ・ソフトワークス,0,1,Xbox 360
2011-12-08,バンダイナムコゲームス,ドラゴンボール アルティメットブラストDragon Ball Z: Ultimate Tenkaichi,2,YES,その他,バンダイナムコゲームス,0,1,Xbox 360
2011-12-08,エレクトロニック・アーツ,ニード・フォー・スピード ザ・ラン,2,YES,その他,エレクトロニック・アーツ,0,1,Xbox 360
2011-12-08,マイクロソフトUbisoft,マイケルジャクソン ザ・エクスペリエンス リミテッドエディション,2,YES,その他,マイクロソフトUbisoft,0,1,Xbox 360
2011-12-15,スクウェア・エニックス,ファイナルファンタジーXIII-2,2,YES,その他,スクウェア・エニックス,0,1,Xbox 360
2011-12-15,マイクロソフトUbisoft,ユアシェイプ フィットネス・エボルブ2012,2,YES,その他,マイクロソフトUbisoft,0,1,Xbox 360
2011-12-17,アークシステムワークス,BLAZBLUE CONTINUUMSHIFT EXTEND,2,YES,その他,アークシステムワークス,0,1,Xbox 360
2011-12-22,サイバーフロントAtlus(海外版),ディヴィニティII ドラゴンナイトサーガ,2,YES,その他,サイバーフロントAtlus(海外版),0,1,Xbox 360
2011-12-22,コーエーテクモゲームス,無双OROCHI2Warriors Orochi 3,2,YES,その他,コーエーテクモゲームス,0,1,Xbox 360
2012-01-17,LucasArts,Lego Star Wars III: The Clone Wars,2,,その他,LucasArts,0,1,Xbox 360
2012-01-19,ディースリー・パブリッシャー,お姉チャンバラZ〜カグラ〜,2,YES,その他,ディースリー・パブリッシャー,0,1,Xbox 360
2012-01-19,ユービーアイソフト,パワーアップ ヒーローズ,2,YES,その他,ユービーアイソフト,0,1,Xbox 360
2012-01-19,テイクツー・インタラクティブ・ジャパン,レッド・デッド・リデンプション コンプリートエディション,2,YES,その他,テイクツー・インタラクティブ・ジャパン,0,1,Xbox 360
2012-01-26,フロム・ソフトウェア,アーマード・コアV,2,YES,その他,フロム・ソフトウェア,0,1,Xbox 360
2012-01-26,"ラッセルKalypso Media, FX Interactive",トロピコ4,2,YES,その他,"ラッセルKalypso Media, FX Interactive",0,1,Xbox 360
2012-02-01,カプコン,モンスターハンター フロンティア オンラインフォワード.3 プレミアムパッケージ,2,YES,その他,カプコン,0,1,Xbox 360
2012-02-02,スパイクElectronic Arts,Dragon Age II,2,YES,その他,スパイクElectronic Arts,0,1,Xbox 360
2012-02-02,バンダイナムコゲームス,ソウルキャリバーV,2,YES,その他,バンダイナムコゲームス,0,1,Xbox 360
2012-02-02,コナミ,ネバーデッド,2,YES,その他,コナミ,0,1,Xbox 360
2012-02-16,サイバーフロントBlack Bean Games,WRC 2 FIA World Rally Championship,2,YES,その他,サイバーフロントBlack Bean Games,0,1,Xbox 360
2012-02-16,セガ,バイナリー ドメイン,2,YES,その他,セガ,0,1,Xbox 360
2012-02-23,バンダイナムコゲームス,NARUTO -ナルト- 疾風伝 ナルティメットストームジェネレーションNaruto Shippuden: Ultimate Ninja Storm Generations,2,YES,その他,バンダイナムコゲームス,0,1,Xbox 360
2012-02-23,カプコン,アスラズ ラース,2,YES,その他,カプコン,0,1,Xbox 360
2012-02-23,グレフRising Star Games,アンダーディフィートHD,2,YES,その他,グレフRising Star Games,0,1,Xbox 360
2012-02-23,テイクツー・インタラクティブ・ジャパン2K Games,ダークネス2,2,YES,その他,テイクツー・インタラクティブ・ジャパン2K Games,0,1,Xbox 360
2012-03-01,コナミTHQ,UFC Undisputed 3,2,YES,その他,コナミTHQ,0,1,Xbox 360
2012-03-08,カプコン,ストリートファイター X 鉄拳,2,YES,その他,カプコン,0,1,Xbox 360
2012-03-08,コナミ,ブレイズ オブ タイム,2,YES,その他,コナミ,0,1,Xbox 360
2012-03-08,コナミ,蒼の英雄 Birds of Steel,2,YES,その他,コナミ,0,1,Xbox 360
2012-03-13,カプコン,バイオハザード4Resident Evil 4,2,,その他,カプコン,0,1,Xbox 360
2012-03-15,エレクトロニック・アーツ,Mass Effect 3,2,YES,その他,エレクトロニック・アーツ,0,1,Xbox 360
2012-03-15,エレクトロニック・アーツ,SSX,2,YES,その他,エレクトロニック・アーツ,0,1,Xbox 360
2012-03-22,マイクロソフト,Kinect ラッシュ: ディズニー／ピクサー アドベンチャー,2,YES,その他,マイクロソフト,0,1,Xbox 360
2012-03-22,カプコン,デビルメイクライ HDコレクション,2,YES,その他,カプコン,0,1,Xbox 360
2012-03-29,コーエーテクモゲームス,NINJA GAIDEN 3,2,YES,その他,コーエーテクモゲームス,0,1,Xbox 360
2012-03-29,テイクツー・インタラクティブ・ジャパン2K Games,デューク ニューケム フォーエバー,2,YES,その他,テイクツー・インタラクティブ・ジャパン2K Games,0,1,Xbox 360
2012-03-29,ディースリー・パブリッシャー,マージャン★ドリームクラブ,2,YES,その他,ディースリー・パブリッシャー,0,1,Xbox 360
2012-04-05,マイクロソフト,Kinect スター・ウォーズ,2,YES,その他,マイクロソフト,0,1,Xbox 360
2012-04-19,ワーナー・ホーム・ビデオ,ウォー・イン・ザ・ノース：ロード・オブ・ザ・リングThe Lord of the Rings: War in the North,2,YES,その他,ワーナー・ホーム・ビデオ,0,1,Xbox 360
2012-04-19,ワーナー・ホーム・ビデオ,セサミストリート：ワンス・アポン・ア・モンスター,2,YES,その他,ワーナー・ホーム・ビデオ,0,1,Xbox 360
2012-04-26,テイクツー・インタラクティブ・ジャパン2K Sports,Major League Baseball 2K12,2,YES,その他,テイクツー・インタラクティブ・ジャパン2K Sports,0,1,Xbox 360
2012-04-26,カプコン,バイオハザード オペレーション・ラクーンシティ,2,YES,その他,カプコン,0,1,Xbox 360
2012-05-23,カプコン,モンスターハンターフロンティアオンライン フォワード.4プレミアムパッケージ,2,YES,その他,カプコン,0,1,Xbox 360
2012-05-24,カプコン,ドラゴンズドグマ,2,YES,その他,カプコン,0,1,Xbox 360
2012-05-24,ケイブ,虫姫さま,2,YES,その他,ケイブ,0,1,Xbox 360
2012-06-14,イエティ,After Days-,2,YES,その他,イエティ,0,1,Xbox 360
2012-06-14,角川ゲームスWarner Bros. Interactive Entertainment,ロリポップチェーンソー,2,YES,その他,角川ゲームスWarner Bros. Interactive Entertainment,0,1,Xbox 360
2012-06-21,カプコン,重鉄騎Steel Battalion: Heavy Armor,2,YES,その他,カプコン,0,1,Xbox 360
2012-06-28,5pb.,ROBOTICS;NOTES,2,YES,その他,5pb.,0,1,Xbox 360
2012-06-29,ユービーアイソフト,ゴーストリコン フューチャーソルジャーTom Clancy's Ghost Recon: Future Soldier,2,YES,その他,ユービーアイソフト,0,1,Xbox 360
2012-07-05,セガ,マックスアナーキー,2,YES,その他,セガ,0,1,Xbox 360
2012-07-19,ユービーアイソフト,アサシン クリード I+IIウェルカムパック,2,YES,その他,ユービーアイソフト,0,1,Xbox 360
2012-07-26,アトラス,ペルソナ4 ジ・アルティメット イン マヨナカアリーナPersona 4 Arena,2,YES,その他,アトラス,0,1,Xbox 360
2012-08-09,ユービーアイソフト505 Games,スナイパーエリートV2,2,YES,その他,ユービーアイソフト505 Games,0,1,Xbox 360
2012-08-15,カプコン,モンスターハンター フロンティア オンライン アニバーサリー2012プレミアムパッケージ,2,YES,その他,カプコン,0,1,Xbox 360
2012-08-23,スパイク・チュンソフト,ウィッチャー2,2,YES,その他,スパイク・チュンソフト,0,1,Xbox 360
2012-08-30,コードマスターズ,DiRT SHOWDOWN,2,YES,その他,コードマスターズ,0,1,Xbox 360
2012-08-30,テイクツー・インタラクティブ・ジャパン2K Games,スペックオプス ザ・ライン,2,YES,その他,テイクツー・インタラクティブ・ジャパン2K Games,0,1,Xbox 360
2012-09-06,ロックスター・ゲームス,MAX PAYNE 3,2,YES,その他,ロックスター・ゲームス,0,1,Xbox 360
2012-09-06,ユービーアイソフト,アサシン クリード エツィオ・サーガ,2,YES,その他,ユービーアイソフト,0,1,Xbox 360
2012-09-13,バンダイナムコゲームス,鉄拳タッグトーナメント2,2,YES,その他,バンダイナムコゲームス,0,1,Xbox 360
2012-09-20,スパイク・チュンソフトElectronic Arts,キングダムズ オブ アマラー：レコニング,2,YES,その他,スパイク・チュンソフトElectronic Arts,0,1,Xbox 360
2012-09-20,アイディアファクトリー,マジてん -マジで天使を作ってみた-,2,YES,その他,アイディアファクトリー,0,1,Xbox 360
2012-09-27,スクウェア・エニックス,スリーピングドッグス 香港秘密警察Sleeping Dogs,2,YES,その他,スクウェア・エニックス,0,1,Xbox 360
2012-09-27,コーエーテクモゲームス,デッド オア アライブ5,2,YES,その他,コーエーテクモゲームス,0,1,Xbox 360
2012-09-27,BOOST ON,ラブ☆トレ 〜Sweet〜,2,YES,その他,BOOST ON,0,1,Xbox 360
2012-10-04,コードマスターズ,F1 2012,2,YES,その他,コードマスターズ,0,1,Xbox 360
2012-10-04,カプコン,バイオハザード6Resident Evil 6,2,YES,その他,カプコン,0,1,Xbox 360
2012-10-11,ベセスダ・ソフトワークス,Dishonored,2,YES,その他,ベセスダ・ソフトワークス,0,1,Xbox 360
2012-10-11,マイクロソフト,フェイブル: ザ・ジャーニー,2,YES,その他,マイクロソフト,0,1,Xbox 360
2012-10-11,ユービーアイソフト,ロックスミス,2,YES,その他,ユービーアイソフト,0,1,Xbox 360
2012-10-17,カプコン,モンスターハンターフロンティアオンライン フォワード.5プレミアムパッケージ,2,YES,その他,カプコン,0,1,Xbox 360
2012-10-18,マイクロソフト,Dance Central 3,2,YES,その他,マイクロソフト,0,1,Xbox 360
2012-10-18,エレクトロニック・アーツ,FIFA13 ワールドクラスサッカーFIFA 13,2,YES,その他,エレクトロニック・アーツ,0,1,Xbox 360
2012-10-25,マイクロソフト,Forza Horizon,2,YES,その他,マイクロソフト,0,1,Xbox 360
2012-10-25,デジターボ,Phantom -PHANTOM OF INFERNO-,2,YES,その他,デジターボ,0,1,Xbox 360
2012-10-25,コナミ,ZONE OF THE ENDERS HD EDITION,2,YES,その他,コナミ,0,1,Xbox 360
2012-10-25,テイクツー・インタラクティブ・ジャパン,ボーダーランズ22K Games,2,YES,その他,テイクツー・インタラクティブ・ジャパン,0,1,Xbox 360
2012-11-01,テイクツー・インタラクティブ・ジャパン,NBA 2K13,2,YES,その他,テイクツー・インタラクティブ・ジャパン,0,1,Xbox 360
2012-11-08,マイクロソフト,Halo 4,2,YES,その他,マイクロソフト,0,1,Xbox 360
2012-11-15,マイクロソフト,Kinect スポーツ: アルティメット コレクション,2,YES,その他,マイクロソフト,0,1,Xbox 360
2012-11-15,マイクロソフト,Nike＋ Kinect Training,2,YES,その他,マイクロソフト,0,1,Xbox 360
2012-11-15,エレクトロニック・アーツ,アサシン クリード III,2,YES,その他,エレクトロニック・アーツ,0,1,Xbox 360
2012-11-15,エレクトロニック・アーツ,ニード・フォー・スピード モスト・ウォンテッド (2012),2,YES,その他,エレクトロニック・アーツ,0,1,Xbox 360
2012-11-15,エレクトロニック・アーツ,メダルオブオナー ウォーファイター,2,YES,その他,エレクトロニック・アーツ,0,1,Xbox 360
2012-11-22,ベセスダ・ソフトワークス,DOOM3 BFG EDITION,2,YES,その他,ベセスダ・ソフトワークス,0,1,Xbox 360
2012-11-22,スクウェア・エニックスActivision,コール オブ デューティ ブラックオプスII 字幕版,2,YES,その他,スクウェア・エニックスActivision,0,1,Xbox 360
2012-11-29,スパイク・チュンソフトTHQ,Darksiders II,2,YES,その他,スパイク・チュンソフトTHQ,0,1,Xbox 360
2012-11-29,BOOST ON,ラブ☆トレ 〜Mint〜,2,YES,その他,BOOST ON,0,1,Xbox 360
2012-12-13,ラッセルKalypso Media,Port Royale3,2,YES,その他,ラッセルKalypso Media,0,1,Xbox 360
2012-12-20,コーエーテクモゲームス,真・北斗無双Fist of the North Star: Ken's Rage 2,2,YES,その他,コーエーテクモゲームス,0,1,Xbox 360
2013-01-17,カプコン,ディーエムシー デビルメイクライ,2,YES,その他,カプコン,0,1,Xbox 360
2013-01-24,スクウェア・エニックス,ヒットマン アブソリューション,2,YES,その他,スクウェア・エニックス,0,1,Xbox 360
2013-01-24,ハムスターMastiff,ヘビーファイア シャッタードスピア,2,YES,その他,ハムスターMastiff,0,1,Xbox 360
2013-01-31,BOOST ON,ラブ☆トレ 〜Bitter〜,2,YES,その他,BOOST ON,0,1,Xbox 360
2013-02-14,キュート,ギンガフォース,2,YES,その他,キュート,0,1,Xbox 360
2013-02-14,サイバーフロントCI Games,コンバットウイングス:The Great Battles of World War II,2,YES,その他,サイバーフロントCI Games,0,1,Xbox 360
2013-02-28,ユービーアイソフトDeep Silver,リズン2 ダークウォーター,2,YES,その他,ユービーアイソフトDeep Silver,0,1,Xbox 360
2013-03-07,コードマスターズ,F1 RACE STARS,2,YES,その他,コードマスターズ,0,1,Xbox 360
2013-03-07,エレクトロニック・アーツ,クライシス3,2,YES,その他,エレクトロニック・アーツ,0,1,Xbox 360
2013-03-07,ユービーアイソフト,ファークライ3,2,YES,その他,ユービーアイソフト,0,1,Xbox 360
2013-03-14,カプコン,ヴァンパイアリザレクション,2,YES,その他,カプコン,0,1,Xbox 360
2013-03-21,マイクロソフト,Gears of War: Judgment,2,YES,その他,マイクロソフト,0,1,Xbox 360
2013-03-27,スクウェア・エニックス,ファイナルファンタジーXI アドゥリンの魔境 拡張データディスクFinal Fantasy XI: Seekers of Adoulin,2,YES,その他,スクウェア・エニックス,0,1,Xbox 360
2013-03-28,エレクトロニック・アーツ,アーミー オブ ツー ザ・デビルズカーテル,2,YES,その他,エレクトロニック・アーツ,0,1,Xbox 360
2013-03-28,ケイブ,ケイブシューティングコレクション,2,YES,その他,ケイブ,0,1,Xbox 360
2013-03-28,BOOST ON,ラブ☆トレ 〜Chocolate〜,2,YES,その他,BOOST ON,0,1,Xbox 360
2013-04-04,コーエーテクモゲームス,NINJA GAIDEN 3: Razor's Edge,2,YES,その他,コーエーテクモゲームス,0,1,Xbox 360
2013-04-17,カプコン,モンスターハンター フロンティアG1 プレミアムパッケージ,2,YES,その他,カプコン,0,1,Xbox 360
2013-04-18,バンダイナムコゲームス,NARUTO -ナルト- 疾風伝 ナルティメットストーム3Naruto Shippuden: Ultimate Ninja Storm 3,2,YES,その他,バンダイナムコゲームス,0,1,Xbox 360
2013-04-25,MOSS,Caladrius,2,YES,その他,MOSS,0,1,Xbox 360
2013-04-25,5pb.,STEINS;GATE 線形拘束のフェノグラム,2,YES,その他,5pb.,0,1,Xbox 360
2013-04-25,スクウェア・エニックス,TOMB RAIDER,2,YES,その他,スクウェア・エニックス,0,1,Xbox 360
2013-04-25,カプコン,ドラゴンズドグマ: ダークアリズン,2,YES,その他,カプコン,0,1,Xbox 360
2013-04-25,テイクツー・インタラクティブ・ジャパン2K Games,バイオショック インフィニット,2,YES,その他,テイクツー・インタラクティブ・ジャパン2K Games,0,1,Xbox 360
2013-05-16,5pb.,マブラヴ オルタネイティヴ トータル・イクリプス,2,YES,その他,5pb.,0,1,Xbox 360
2013-05-23,カプコン,バイオハザード リベレーションズ アンベールド エディションResident Evil: Revelations,2,YES,その他,カプコン,0,1,Xbox 360
2013-05-30,トライアングル・サービス,シューティングラブ。10周年 〜XIIZEAL & ⊿ZEAL〜,2,YES,その他,トライアングル・サービス,0,1,Xbox 360
2013-05-30,ケイブ,怒首領蜂最大往生,2,YES,その他,ケイブ,0,1,Xbox 360
2013-06-06,マイクロソフト,Minecraft: Xbox 360 Edition,2,YES,その他,マイクロソフト,0,1,Xbox 360
2013-06-13,キュート,ギンガフォース&エスカトス Wonder Pack,2,YES,その他,キュート,0,1,Xbox 360
2013-06-20,ワーナー エンターテイメント ジャパン,バットマン：アーカム・ツインパック,2,YES,その他,ワーナー エンターテイメント ジャパン,0,1,Xbox 360
2013-06-27,サイバーフロントCity Interactive,スナイパー ゴーストウォリアー 2,2,YES,その他,サイバーフロントCity Interactive,0,1,Xbox 360
2013-07-04,ディースリー・パブリッシャー,地球防衛軍4Earth Defense Force 2025,2,YES,その他,ディースリー・パブリッシャー,0,1,Xbox 360
2013-07-10,カプコン,モンスターハンター フロンティアG2 プレミアムパッケージ,2,YES,その他,カプコン,0,1,Xbox 360
2013-07-11,スパイク・チュンソフトDeep Silver,Dead Island:Riptide,2,YES,その他,スパイク・チュンソフトDeep Silver,0,1,Xbox 360
2013-07-25,コードマスターズ,RACE DRIVER GRID 2Grid 2,2,YES,その他,コードマスターズ,0,1,Xbox 360
2013-08-01,角川ゲームスXseed GamesDeep Silver,KILLER IS DEAD,2,YES,その他,角川ゲームスXseed GamesDeep Silver,0,1,Xbox 360
2013-08-01,スパイク・チュンソフトDeep Silver,メトロ ラストライト,2,YES,その他,スパイク・チュンソフトDeep Silver,0,1,Xbox 360
2013-08-22,5pb.,DISORDER6,2,YES,その他,5pb.,0,1,Xbox 360
2013-08-28,カプコン,モンスターハンター フロンティア G アニバーサリー2013 プレミアムパッケージ,2,YES,その他,カプコン,0,1,Xbox 360
2013-08-29,カプコン,ロスト プラネット 3,2,YES,その他,カプコン,0,1,Xbox 360
2013-09-05,ラッセルFocus Home Interactive,Farming Simulator,2,YES,その他,ラッセルFocus Home Interactive,0,1,Xbox 360
2013-09-05,ユービーアイソフト,スプリンターセル ブラックリスト,2,YES,その他,ユービーアイソフト,0,1,Xbox 360
2013-09-05,コーエーテクモゲームス,デッド オア アライブ5 アルティメット,2,YES,その他,コーエーテクモゲームス,0,1,Xbox 360
2013-09-12,ユービーアイソフト,エア コンフリクト ベトナム,2,YES,その他,ユービーアイソフト,0,1,Xbox 360
2013-09-19,5pb.,ファントムブレイカー：エクストラ,2,YES,その他,5pb.,0,1,Xbox 360
2013-09-26,フロム・ソフトウェアNamco Bandai,ARMORED CORE VERDICT DAY,2,YES,その他,フロム・ソフトウェアNamco Bandai,0,1,Xbox 360
2013-09-26,インターグローNordic Games,ペインキラーヘル・アンド・ダムネイション,2,YES,その他,インターグローNordic Games,0,1,Xbox 360
2013-10-10,コードマスターズ,F1 2013,2,YES,その他,コードマスターズ,0,1,Xbox 360
2013-10-10,ロックスター・ゲームス,グランド・セフト・オートV,2,YES,その他,ロックスター・ゲームス,0,1,Xbox 360
2013-10-16,カプコン,モンスターハンター フロンティアG3 プレミアムパッケージ,2,YES,その他,カプコン,0,1,Xbox 360
2013-10-17,エレクトロニック・アーツ,FIFA 14 ワールドクラスサッカーFIFA 14,2,YES,その他,エレクトロニック・アーツ,0,1,Xbox 360
2013-11-07,テイクツー・インタラクティブ・ジャパン2K Sports,NBA2K14,2,YES,その他,テイクツー・インタラクティブ・ジャパン2K Sports,0,1,Xbox 360
2013-11-07,エレクトロニック・アーツ,バトルフィールド 4,2,YES,その他,エレクトロニック・アーツ,0,1,Xbox 360
2013-11-07,ユービーアイソフト,ロックスミス2014,2,YES,その他,ユービーアイソフト,0,1,Xbox 360
2013-11-14,インターグローNordic Games,Deadfall Adventure,2,YES,その他,インターグローNordic Games,0,1,Xbox 360
2013-11-14,スクウェア・エニックスActivision,コール オブ デューティ ゴースト【字幕版】,2,YES,その他,スクウェア・エニックスActivision,0,1,Xbox 360
2013-11-21,スクウェア・エニックス,ライトニング リターンズ ファイナルファンタジーXIII,2,YES,その他,スクウェア・エニックス,0,1,Xbox 360
2013-11-28,ユービーアイソフト,アサシン クリード IV ブラック フラッグ,2,YES,その他,ユービーアイソフト,0,1,Xbox 360
2013-12-05,ワーナー エンターテイメント ジャパン,バットマン アーカム・ビギンズ,2,YES,その他,ワーナー エンターテイメント ジャパン,0,1,Xbox 360
2013-12-12,エレクトロニック・アーツ,ニード・フォー・スピード ライバルズ,2,YES,その他,エレクトロニック・アーツ,0,1,Xbox 360
2013-12-19,トライアングル・サービス,シューティングラブ。コレクション,2,YES,その他,トライアングル・サービス,0,1,Xbox 360
2013-12-19,ハムスターMastiff,バンドフューズ ロックレジェンド,2,YES,その他,ハムスターMastiff,0,1,Xbox 360
2014-01-23,スパイク・チュンソフトDeep Silver,セインツロウIV ウルトラスーパーアルティメットデラックスエディション,2,YES,その他,スパイク・チュンソフトDeep Silver,0,1,Xbox 360
2014-01-23,バンダイナムコゲームス,ドラゴンボールZ BATTLE OF Z,2,YES,その他,バンダイナムコゲームス,0,1,Xbox 360
2014-02-05,カプコン,モンスターハンター フロンティアG メモリアルパッケージ,2,YES,その他,カプコン,0,1,Xbox 360
2014-02-06,マイクロソフト,Fable Anniversary,2,YES,その他,マイクロソフト,0,1,Xbox 360
2014-02-27,ビジネスパートナー,紫影のソナーニル Refrain -What a beautiful memories-,2,YES,その他,ビジネスパートナー,0,1,Xbox 360
2014-03-13,フロム・ソフトウェアNamco Bandai Games,DARK SOULS II,2,YES,その他,フロム・ソフトウェアNamco Bandai Games,0,1,Xbox 360
2014-03-20,コナミデジタルエンタテインメント,METAL GEAR SOLID V: GROUND ZEROES,2,YES,その他,コナミデジタルエンタテインメント,0,1,Xbox 360
2014-03-20,マイクロソフト,ズー タイクーン,2,YES,その他,マイクロソフト,0,1,Xbox 360
2014-03-27,コーエーテクモゲームス,YAIBA: NINJA GAIDEN Z,2,YES,その他,コーエーテクモゲームス,0,1,Xbox 360
2014-04-10,エレクトロニック・アーツ,タイタンフォール,2,YES,その他,エレクトロニック・アーツ,0,1,Xbox 360
2014-04-22,Crytek,Warface,2,,その他,Crytek,0,1,Xbox 360
2014-04-23,カプコン,モンスターハンター フロンティアGG プレミアムパッケージ,2,YES,その他,カプコン,0,1,Xbox 360
2014-04-24,エレクトロニック・アーツ,EA SPORTS 2014 FIFA World Cup Brazil,2,YES,その他,エレクトロニック・アーツ,0,1,Xbox 360
2014-04-24,トライアングル・サービス,ゲーセンラブ。 〜プラス ペンゴ!〜,2,YES,その他,トライアングル・サービス,0,1,Xbox 360
2014-05-22,ケイブ,ケイブシューティングコレクション完,2,YES,その他,ケイブ,0,1,Xbox 360
2014-05-29,5pb.,バレットソウル -インフィニットバースト-,2,YES,その他,5pb.,0,1,Xbox 360
2014-06-05,ベセスダ・ソフトワークス,Wolfenstein: The New Order,2,YES,その他,ベセスダ・ソフトワークス,0,1,Xbox 360
2014-06-05,エクスペリエンス,剣の街の異邦人 〜白の王宮〜,2,YES,その他,エクスペリエンス,0,1,Xbox 360
2014-06-12,スクウェア・エニックス,Thief,2,YES,その他,スクウェア・エニックス,0,1,Xbox 360
2014-06-26,ユービーアイソフト,ウォッチドッグス,2,YES,その他,ユービーアイソフト,0,1,Xbox 360
2014-07-23,カプコン,モンスターハンター フロンティアG5 プレミアムパッケージ,2,YES,その他,カプコン,0,1,Xbox 360
2014-08-07,カプコン,ウルトラストリートファイターIV,2,YES,その他,カプコン,0,1,Xbox 360
2014-08-21,マイクロソフト,World of Tanks：Xbox 360 Edition コンバット レディ スターター パック,2,YES,その他,マイクロソフト,0,1,Xbox 360
2014-08-28,コードマスターズ,GRID Autosport,2,YES,その他,コードマスターズ,0,1,Xbox 360
2014-09-04,エレクトロニック・アーツ,プラント vs.ゾンビ ガーデンウォーフェア,2,YES,その他,エレクトロニック・アーツ,0,1,Xbox 360
2014-09-04,スクウェア・エニックス,マーダード 魂の呼ぶ声,2,YES,その他,スクウェア・エニックス,0,1,Xbox 360
2014-09-04,コナミデジタルエンタテインメント,悪魔城ドラキュラ Lords of Shadow 2Castlevania: Lords of Shadow 2,2,YES,その他,コナミデジタルエンタテインメント,0,1,Xbox 360
2014-09-11,バンダイナムコゲームス,NARUTO -ナルト- 疾風伝 ナルティメットストームレボリューションNaruto Shippuden: Ultimate Ninja Storm Revolution,2,YES,その他,バンダイナムコゲームス,0,1,Xbox 360
2014-10-02,コードマスターズ,F1 2014,2,YES,その他,コードマスターズ,0,1,Xbox 360
2014-10-02,マイクロソフト,Forza Horizon 2,2,YES,その他,マイクロソフト,0,1,Xbox 360
2014-10-09,エレクトロニック・アーツ,FIFA 15,2,YES,その他,エレクトロニック・アーツ,0,1,Xbox 360
2014-10-23,ベセスダ・ソフトワークス,サイコブレイクThe Evil Within,2,YES,その他,ベセスダ・ソフトワークス,0,1,Xbox 360
2014-10-30,テイクツー・インタラクティブ・ジャパン,ボーダーランズ プリシークエル,2,YES,その他,テイクツー・インタラクティブ・ジャパン,0,1,Xbox 360
2014-11-13,スクウェア・エニックスActivision,コール オブ デューティ アドバンスド・ウォーフェア 字幕版,2,YES,その他,スクウェア・エニックスActivision,0,1,Xbox 360
2014-11-19,カプコン,モンスターハンター フロンティアG6 プレミアムパッケージ,2,YES,その他,カプコン,0,1,Xbox 360
2014-11-27,テイクツー・インタラクティブ・ジャパン2K Sports,NBA 2K15,2,YES,その他,テイクツー・インタラクティブ・ジャパン2K Sports,0,1,Xbox 360
2014-11-27,クロン,サクラフラミンゴアーカイヴス,2,YES,その他,クロン,0,1,Xbox 360
2014-11-27,エレクトロニック・アーツ,ドラゴンエイジ:インクイジション,2,YES,その他,エレクトロニック・アーツ,0,1,Xbox 360
2014-11-27,カプコン,バイオハザード HDリマスター,2,,その他,カプコン,0,1,Xbox 360
2014-12-10,バンダイナムコゲームス,パックワールド2Pac-Man and the Ghostly Adventures 2,2,,その他,バンダイナムコゲームス,0,1,Xbox 360
2014-12-12,THQ,de Blob 2,2,,その他,THQ,0,1,Xbox 360
2015-02-05,フロム・ソフトウェア,DARK SOULS II SCHOLAR OF THE FIRST SIN,2,YES,その他,フロム・ソフトウェア,0,1,Xbox 360
2015-02-05,バンダイナムコゲームス,ドラゴンボール ゼノバース,2,YES,その他,バンダイナムコゲームス,0,1,Xbox 360
2015-02-17,コーエーテクモゲームス,デッド オア アライブ5 ラストラウンド,2,,その他,コーエーテクモゲームス,0,1,Xbox 360
2015-03-05,マイクロソフト,スクリームライド,2,YES,その他,マイクロソフト,0,1,Xbox 360
2015-03-19,エレクトロニック・アーツ,バトルフィールド ハードライン,2,YES,その他,エレクトロニック・アーツ,0,1,Xbox 360
2015-03-27,マイクロソフト,Forza Horizon 2 Presents Fast & Furious,2,,その他,マイクロソフト,0,1,Xbox 360
2015-04-15,カプコン,モンスターハンター フロンティアG7 プレミアムパッケージ,2,YES,その他,カプコン,0,1,Xbox 360
2015-04-23,マイクロソフト,ディズニー ファンタジア：音楽の魔法Fantasia: Music Evolved,2,YES,その他,マイクロソフト,0,1,Xbox 360
2015-04-23,"スクウェア・エニックスKalypso Media, FX Interactive",トロピコ5,2,YES,その他,"スクウェア・エニックスKalypso Media, FX Interactive",0,1,Xbox 360
2015-06-24,Deep Silver,Sacred 3,2,,その他,Deep Silver,0,1,Xbox 360
2015-06-25,インターグローMilestone srl,RIDE,2,YES,その他,インターグローMilestone srl,0,1,Xbox 360
2015-07-22,カプコン,モンスターハンター フロンティアG8 プレミアムパッケージ,2,YES,その他,カプコン,0,1,Xbox 360
2015-09-02,コナミデジタルエンタテインメント,METAL GEAR SOLID V: THE PHANTOM PAIN,2,,その他,コナミデジタルエンタテインメント,0,1,Xbox 360
2015-10-01,インターグローNamco Bandai Games,MotoGP 15,2,YES,その他,インターグローNamco Bandai Games,0,1,Xbox 360
2015-10-08,エレクトロニック・アーツ,FIFA 16,2,,その他,エレクトロニック・アーツ,0,1,Xbox 360
2015-11-06,アクティビジョン,コール オブ デューティ ブラックオプスIII,2,YES,その他,アクティビジョン,0,1,Xbox 360
2015-11-12,マイクロソフト,ライズ オブ ザ トゥームレイダー,2,YES,その他,マイクロソフト,0,1,Xbox 360
2015-11-18,カプコン,モンスターハンター フロンティアG9 プレミアムパッケージ,2,YES,その他,カプコン,0,1,Xbox 360
2016-01-21,カプコン,バイオハザード0 HDリマスター,2,,その他,カプコン,0,1,Xbox 360
2016-04-21,カプコン,モンスターハンター フロンティアG10 プレミアムパッケージ,2,YES,その他,カプコン,0,1,Xbox 360
2016-06-10,THQ,MX vs. ATV Reflex,2,,その他,THQ,0,1,Xbox 360
2016-09-29,EA Sports,FIFA 17,2,,その他,EA Sports,0,1,Xbox 360
2016-10-20,2K Sports,NBA 2K17,2,,その他,2K Sports,0,1,Xbox 360
2016-11-09,カプコン,モンスターハンター フロンティアZ,2,YES,その他,カプコン,0,1,Xbox 360
2017-09-19,2K Sports,NBA 2K18,2,,その他,2K Sports,0,1,Xbox 360
2017-09-29,EA Sports,FIFA 18: Legacy Edition,2,,その他,EA Sports,0,1,Xbox 360
2018-09-19,Electronic Arts,Brütal Legend,2,,その他,Electronic Arts,0,1,Xbox 360
2018-09-28,EA Sports,FIFA 19: Legacy Edition,2,,その他,EA Sports,0,1,Xbox 360
2019-11-01,Disney Interactive Studios,Bolt,2,,その他,Disney Interactive Studios,0,1,Xbox 360
2019-11-01,Disney Interactive Studios,Toy Story 3: The Video Game,2,,その他,Disney Interactive Studios,0,1,Xbox 360
2020-11-01,LucasArts,Lego Indiana Jones: The Original Adventures,2,,その他,LucasArts,0,1,Xbox 360
2021-10-30,THQ,SpongeBob's Truth or Square,2,,その他,THQ,0,1,Xbox 360
2021-11-10,LucasArts,Thrillville: Off the Rails,2,,その他,LucasArts,0,1,Xbox 360
