ID	title	language	region	release_date	serial
AC-001	Dave Mirra Freestyle BMX 2	English	NTSC-U	2001-09-06	AC-001
AC-002	All-Star Baseball 2003	English	NTSC-U	2002-02-25	AC-002
AC-003	Legends of Wrestling	English	NTSC-U	2002-05-28	AC-003
AC-004	Turok: Evolution	English	NTSC-U	2002-09-01	AC-004
AC-005	Vexx	English	NTSC-U	2003-02-10	AC-005
AC-006	Burnout	English	NTSC-U	2002-04-30	AC-006
AC-007	Aggressive Inline	English / French / German / Spanish	NTSC-U	2002-05-29	AC-007
AC-010	ATV: Quad Power Racing 2	English / French / German / Italian / Spanish	NTSC-U	2003-01	AC-010
AC-011	Speed Kings	English / French / German / Italian / Spanish	NTSC-U	2003	AC-011
AC-012	Urban Freestyle Soccer	English / French / German / Italian / Spanish	PAL	2004-02-13	AC-012
AC-013	AFL Live 2003	English	PAL	2002-09	AC-013
AC-014	BMX XXX	English	NTSC-U	2002-11-10	AC-014
AC-015	Legends of Wrestling II	English	NTSC-U	2002-11-25	AC-015
AC-016	SX Superstar	English	NTSC-U	2003-06-30	AC-016
AC-019	NBA Jam	English / French / German	NTSC-U	2003	AC-019
AC-020	XGRA: Extreme G Racing Association	English / French / German / Italian / Spanish	NTSC-U	2003	AC-020
AC-022	Alias	English / French / German / Italian / Spanish	NTSC-U	2004	AC-022
AC-023	Dakar 2: The World's Ultimate Rally	English / French / German / Italian / Spanish	NTSC-U	2003	AC-023
AC-024	All-Star Baseball 2004	N/A	NTSC-U	2003-02-23	AC-024
AC-025	Burnout 2: Point of Impact	English	NTSC-U	2002-10	AC-025
AC-026	Gladiator: Sword of Vengeance	English / French / German / Italian / Spanish	NTSC-U	2003	AC-026
AC-027	AFL Live 2004	English	PAL	2003	AC-027
AC-028	All-Star Baseball 2005	English	NTSC-U	2004-03-23	AC-028
AC-029	Showdown: Legends of Wrestling	English	NTSC-U	2004-06-22	AC-029
AC-031	WCR: World Championship Rugby	English / French	PAL	2004	AC-031
AC-035	AFL Live Premiership Edition	English	PAL	2004-04-29	AC-035
AC-126	The Red Star	English	NTSC-U	2007-04-23	AC-126
AD-002	Pump It Up: Exceed	N/A	NTSC-U	2005-09-08	AD-002
AH-002	Playboy: The Mansion	English	NTSC-U	2005-01-25	AH-002
AP-001	Tenerezza	Japanese	NTSC-J	2003-01-30	AP-001
AQ-001	Petit Copter	Japanese	NTSC-J	2002-05-30	AQ-001
AQ-002	Flight Academy	N/A	NTSC-J	2002-08-29	AQ-002
AQ-003	Sentou Yousei Yukikaze: Yousei no Mau Sora	N/A	NTSC-J	2003-08-07	AQ-003
AS-001	Break Nine: World Billiards Tournament	N/A	NTSC-J	2002-07-25	AS-001
AT-001	Touge R	N/A	NTSC-J	2002-12-12	AT-001
AT-002	Shin Megami Tensei: Nine	Japanese	NTSC-J	2002-12-05	AT-002
AT-003	Pro Fishing Challenge	N/A	NTSC-U	2004	AT-003
AT-004	Galleon	N/A	NTSC-U	2004-06-11	AT-004
AV-001	Tony Hawk's Pro Skater 2x	English	NTSC-U	2001-11-12	AV-001
AV-002	Kelly Slater's Pro Surfer	English / French / German	NTSC-U	2002	AV-002
AV-003	Street Hoops	English	NTSC-U	2002	AV-003
AV-004	Tony Hawk's Pro Skater 3	English	NTSC-U	2001-10-30	AV-004
AV-005	Blade II	English / French	NTSC-U	2002	AV-005
AV-006	Spider-Man	English	NTSC-U	2002-04-16	AV-006
AV-007	X-Men: Next Dimension	English	NTSC-U	2002	AV-007
AV-008	X2: Wolverine's Revenge	French / German / Italian	NTSC-U	2003	AV-008
AV-009	Rally Fusion: Race of Champions	English / French / German	NTSC-U	2002-11-12	AV-009
AV-010	Wreckless: The Yakuza Missions	English	NTSC-U	2002	AV-010
AV-011	Mat Hoffman's Pro BMX 2	English	NTSC-U	2002	AV-011
AV-012	Wreckless: The Yakuza Missions	German	PAL	2002	AV-012
AV-013	Wakeboarding Unleashed featuring Shaun Murray	English	NTSC-U	2003-06-03	AV-013
AV-014	True Crime: Streets of LA	English	NTSC-U	2003-11-04	AV-014
AV-015	Star Wars: Obi-Wan	English	PAL	2001-12-21	AV-015
AV-016	Return to Castle Wolfenstein: Tides of War	English	NTSC-U	2003-05-06	AV-016
AV-020	Minority Report: Le Futur vous Rattrape	German	PAL	2002-12-06	AV-020
AV-021	Star Wars: Jedi Knight II: Jedi Outcast	German	PAL	2002-11-22	AV-021
AV-023	Tony Hawk's Pro Skater 4	English	NTSC-U	2002	AV-023
AV-024	Pitfall: The Lost Expedition	English	NTSC-U	2004-02-18	AV-024
AV-025	Cabela's Dangerous Hunts	English	NTSC-U	2003-11-11	AV-025
AV-026	I Fantastici 4	Italian	PAL	2005-07-13	AV-026
AV-027	Soldier of Fortune II: Double Helix	English	NTSC-U	2002-05-21	AV-027
AV-030	X-Men Legends	English	NTSC-U	2004-09-21	AV-030
AV-031	Una Serie de Catastróficas Desdichas de Lemony Snicket	Spanish	PAL	2004-11-26	AV-031
AV-032	Doom 3	English	NTSC-U	2005-04-03	AV-032
AV-034	MTX Mototrax	English / French	NTSC-U	2004	AV-034
AV-038	Tenchu: Return from Darkness	English	NTSC-U	2004-03-09	AV-038
AV-039	Disney's Extreme Skate Adventure	French / German	NTSC-U	2003	AV-039
AV-042	Call of Duty: Finest Hour	English	NTSC-U	2004-11-16	AV-042
AV-043	Spider-Man 2	English	NTSC-U	2004-06-29	AV-043
AV-045	Tony Hawk's Underground	English	NTSC-U	2003-10-28	AV-045
AV-048	Cabela's Deer Hunt: 2004 Season	N/A	NTSC-U	2003-08-26	AV-048
AV-053	Ultimate Spider-Man	French / German / Italian / Spanish	NTSC-U	2005	AV-053
AV-054	Tenchu: Return from Darkness	English / French	PAL	2004-03-09	AV-054
AV-055	Shrek 2	English	PAL	2004-05-04	AV-055
AV-056	DreamWorks Shark Tale: Hajar som Hajar	English	PAL	2004-09-29	AV-056
AV-058	Rapala Pro Fishing	English	NTSC-U	2004	AV-058
AV-059	DreamWorks Madagascar	English	NTSC-U	2005-05-24	AV-059
AV-060	Tony Hawk's Underground 2	English / French / German	NTSC-U	2004	AV-060
AV-061	American Chopper	English	NTSC-U	2004-12-03	AV-061
AV-062	Cabela's Big Game Hunter 2005 Adventures	English	NTSC-U	2004-09-01	AV-062
AV-063	Cabela's Deer Hunt: 2005 Season	English	NTSC-U	2004-08-27	AV-063
AV-064	Bicycle Casino	English	NTSC-U	2004-10-26	AV-064
AV-065	Monster Garage	N/A	NTSC-U	2004-01-26	AV-065
AV-066	Greg Hastings' Tournament Paintball	English	NTSC-U	2004-11-16	AV-066
AV-069	True Crime: New York City	German	NTSC-U	2005-11-16	AV-069
AV-070	X-Men: The Official Game	English	NTSC-U	2006-03-19	AV-070
AV-071	X-Men Legends II: Rise of Apocalypse	English	NTSC-U	2005-09-20	AV-071
AV-072	DreamWorks Shrek: SuperSlam	English	NTSC-U	2005-10-25	AV-072
AV-073	Tony Hawk's American Wasteland	English / French / German / Italian / Spanish	NTSC-U	2005-10-18	AV-073
AV-075	Gun	English / French / Italian / Spanish	NTSC-U	2002-03-19	AV-075
AV-077	Cabela's Outdoor Adventures	English	NTSC-U	2005	AV-077
AV-078	Doom 3: Resurrection of Evil	English / French / Italian / Spanish	NTSC-U	2005-04-03	AV-078
AV-079	American Chopper 2: Full Throttle	English	NTSC-U	2005-11-08	AV-079
AV-080	SeaWorld Adventure Parks: Shamu's Deep Sea Adventures	English	NTSC-U	2005-11-01	AV-080
AV-081	Call of Duty 2: Big Red One	English	NTSC-U	2005-11-01	AV-081
AV-082	Cabela's Dangerous Hunts 2	English	NTSC-U	2005-11	AV-082
AV-084	World Series of Poker	English	NTSC-U	2005	AV-084
AV-085	TY the Tasmanian Tiger: Night of the Quinkan	English	NTSC-U	2005-10-11	AV-085
AV-087	Greg Hastings' Tournament Paintball Max'd	N/A	NTSC-U	2005-10-18	AV-087
AV-088	DreamWorks Over the Hedge	English	NTSC-U	2006-05-09	AV-088
AV-091	The Hustle: Detroit Streets	N/A	NTSC-U	2005-10-26	AV-091
AV-092	Marvel: Ultimate Alliance	English	NTSC-U	2006-10-24	AV-092
AV-093	Call of Duty 3	English	NTSC-U	2006-11-07	AV-093
AV-094	Tony Hawk's Project 8	English / French / German / Italian / Spanish	NTSC-U	2006-11-07	AV-094
AW-001	Guilty Gear Isuka	N/A	NTSC-J	2003-12-03	AW-001
AY-002	Stubbs the Zombie in Rebel Without a Pulse	English	NTSC-U	2005-10-18	AY-002
AY-004	Dreamfall: The Longest Journey	N/A	NTSC-U	2006-04-18	AY-004
BA-001	Digimon Rumble Arena 2	English / French / German / Italian / Spanish	NTSC-U	2004-07-01	BA-001
BA-002	Digimon World X	N/A	NTSC-J	2005-01-06	BA-002
BB-002	Dance:UK	N/A	PAL	2003-10-03	BB-002
BM-001	Chase: Hollywood Stunt Driver	English	NTSC-U	2002-09-24	BM-001
BM-002	Reign of Fire	English	NTSC-U	2002	BM-002
BM-003	Wallace & Gromit in Project Zoo	English	PAL	2003	BM-003
BM-006	Carmen Sandiego: The Secret of the Stolen Drums	English	NTSC-U	2004-09	BM-006
BR-001	Galaxy Angel	Japanese	NTSC-J	2003-01-23	BR-001
BS-001	The Elder Scrolls III: Morrowind	English	NTSC-U	2002-05	BS-001
BS-004	Pirates of the Caribbean	English	NTSC-U	2003-06-30	BS-004
BS-005	The Elder Scrolls III: Morrowind: Game of the Year Edition	English	NTSC-U	2003-10-31	BS-005
BS-006	IHRA Drag Racing 2004	N/A	NTSC-U	2003-12-25	BS-006
BS-007	Call of Cthulhu: Dark Corners of the Earth	English / French / German	NTSC-U	2005-10-24	BS-007
BS-009	AMF Bowling 2004	English	NTSC-U	2003-11-14	BS-009
BS-010	Malice	N/A	NTSC-U	2004-04-08	BS-010
BS-011	Powerdrome	English / French / German / Italian / Spanish	PAL	2004-10-29	BS-011
BS-012	IHRA Professional Drag Racing 2005	N/A	NTSC-U	2004-11	BS-012
BS-015	High Rollers Casino	N/A	NTSC-U	2004	BS-015
BS-017	IHRA Drag Racing: Sportsman Edition	N/A	NTSC-U	2006-06	BS-017
BS-018	Breeders' Cup: World Thoroughbred Championships	English / French / German / Spanish	NTSC-U	2005-09-29	BS-018
BS-020	AMF Xtreme Bowling	N/A	NTSC-U	2006-06-16	BS-020
BU-001	Double S.T.E.A.L. The Second Clash	Japanese	NTSC-J	2005-08-04	BU-001
BU-002	Double S.T.E.A.L. The Second Clash	Japanese	NTSC-J	2005-08-04	BU-002
BU-004	Double S.T.E.A.L. The Second Clash	English / Japanese	NTSC-J	2005-08-04	BU-004
BV-001	Tron 2.0: Killer App	English	NTSC-U	2004-11-04	BV-001
BV-002	Disneys Himmel und Huhn	German	PAL	2006-02-10	BV-002
BV-003	Le Monde de Narnia: Chapitre 1: Le Lion, la Sorcière Blanche et l'Armoire Magique	German	PAL	2006-03-31	BV-003
BV-004	Tim Burton's The Nightmare Before Christmas: Oogie's Revenge	English / French / German / Italian / Spanish	NTSC-U	2004-10-21	BV-004
BW-001	Robot Wars: Extreme Destruction	English	PAL	2002	BW-001
CC-001	Genma Onimusha	English / Japanese	NTSC-U	2002	CC-001
CC-002	Tekki	Japanese	NTSC-J	2002-09-12	CC-002
CC-003	Dino Crisis 3	English	NTSC-U	2003	CC-003
CC-004	UFC: Ultimate Fighting Championship 2: Tapout	Japanese	NTSC-J	2002	CC-004
CC-005	Group S Challenge	English	NTSC-U	2003-08-28	CC-005
CC-006	Genma Onimusha	English / Japanese	NTSC-J	2002	CC-006
CC-007	Marvel vs. Capcom 2: New Age of Heroes	Japanese	NTSC-U	2003-03-27	CC-007
CC-008	Capcom vs. SNK 2 EO: Mark of the Millennium 2001	English	NTSC-J	2003-01-16	CC-008
CC-009	Steel Battalion: Line of Contact	English / Japanese	NTSC-U	2004-02-27	CC-009
CC-010	Spider-Man	N/A	NTSC-J	2002-04-16	CC-010
CC-011	Pro Cast: Sports Fishing Game	English	NTSC-U	2003-08-26	CC-011
CC-012	Robin Hood: Defender of the Crown	English	NTSC-U	2003-02-01	CC-012
CC-013	Tekki Taisen	English / Japanese	NTSC-J	2004-02-26	CC-013
CC-014	Auto Modellista	N/A	NTSC-U	2002-08-22	CC-014
CC-015	Street Fighter Anniversary Collection	English / Japanese	NTSC-U	2005-02-22	CC-015
CC-016	Capcom Fighting Evolution	English / Japanese	NTSC-U	2005-06-14	CC-016
CC-017	Mega Man Anniversary Collection	English	NTSC-U	2005-03-15	CC-017
CC-019	Final Fight: Streetwise	English / French / German / Italian / Spanish	NTSC-U	2006-02-28	CC-019
CC-020	Without Warning	English / French / German / Italian / Spanish	NTSC-U	2005-10-27	CC-020
CC-021	Beat Down: Fists of Vengeance	English	NTSC-U	2005-08-23	CC-021
CC-022	Darkwatch	English	NTSC-U	2005	CC-022
CC-024	Capcom Classics Collection	English	NTSC-U	2005-09-27	CC-024
CC-025	Capcom Classics Collection Volume 2	English	NTSC-U	2006-11-24	CC-025
CK-001	Daisenryaku VII: Modern Military Tactics	Japanese	NTSC-J	2003-05-29	CK-001
CM-001	Colin McRae Rally 3	English / French / German / Italian / Spanish	NTSC-U	2002-10-25	CM-001
CM-002	TOCA Race Driver	Italian	PAL	2004-04-13	CM-002
CM-003	Mike Tyson Heavyweight Boxing	English / French / German / Italian / Spanish	NTSC-U	2002	CM-003
CM-004	Roger Lemerre: La Sélection des Champions 2003	French	PAL	2002-11-29	CM-004
CM-006	IndyCar Series	English / French / German / Italian / Spanish	NTSC-U	2003-06-20	CM-006
CM-008	Prisoner of War	English / French / German / Italian / Spanish	NTSC-U	2002	CM-008
CM-012	Club Football: AC Milan	English / German / Italian	PAL	2003-10-10	CM-012
CM-013	World Championship Snooker 2003	English	PAL	2003-06-20	CM-013
CM-014	V8 Supercars Australia: Race Driver	English	PAL	2003-03-28	CM-014
CM-015	Roger Lemerre: La Sélection des Champions 2004	French	PAL	2004-03-12	CM-015
CM-016	Colin McRae Rally 04	English / French / German / Italian / Spanish	NTSC-U	2003	CM-016
CM-017	V8 Supercars Australia 2	English / French / German / Italian / Spanish	PAL	2004-04-23	CM-017
CM-018	Club Football: Ajax Amsterdam	Dutch / English / French / Italian	PAL	2003-10-10	CM-018
CM-019	Club Football: Arsenal	Dutch / English / French / German	PAL	2003-10-10	CM-019
CM-020	Club Football: Aston Villa	English	PAL	2003-10-10	CM-020
CM-021	Club Football: FC Barcelona	Catalan / English / Italian / Spanish	PAL	2003-10-10	CM-021
CM-022	Club Football: FC Bayern München	English / German / Spanish	PAL	2003-10-10	CM-022
CM-023	Club Football: Borussia Dortmund	German	PAL	2003-10-10	CM-023
CM-024	Club Football: Celtic FC	English	PAL	2003-10-10	CM-024
CM-025	Club Football: Chelsea FC	English	PAL	2003-10-10	CM-025
CM-027	Club Football: FC Internazionale	English / German / Italian	PAL	2003-10-10	CM-027
CM-028	Club Football: Juventus	English / German / Italian	PAL	2003-10-10	CM-028
CM-029	Club Football: Leeds United	English	PAL	2003-10-10	CM-029
CM-030	Club Football: Liverpool FC	English	PAL	2003-10-10	CM-030
CM-031	Club Football: Liverpool FC	Dutch / English / French / German / Italian / Spanish	PAL	2003-10-10	CM-031
CM-032	Club Football: Manchester United	Dutch / English / French / German / Italian / Spanish	PAL	2003-10-10	CM-032
CM-033	Club Football: Rangers FC	English	PAL	2003-10-10	CM-033
CM-034	Club Football: Real Madrid	Dutch / English / French / German / Italian / Spanish	PAL	2003-10-10	CM-034
CM-035	Club Football: Hamburger SV	German	PAL	2003-10-10	CM-035
CM-036	IndyCar Series 2005	English / French / German / Italian / Spanish	NTSC-U	2004-06-22	CM-036
CM-040	England International Football	English	PAL	2004-04-30	CM-040
CM-041	MTV Music Generator 3: This Is the Remix	English / Spanish	NTSC-U	2004-06-22	CM-041
CM-042	World Championship Snooker 2004	English	PAL	2004-06-25	CM-042
CM-043	Colin McRae Rally 2005	English / French / German / Italian / Spanish	NTSC-U	2004-09-22	CM-043
CM-047	Club Football 2005: Manchester United	Dutch / English / French / German / Italian / Spanish	PAL	2004-10-15	CM-047
CM-048	Club Football 2005: Liverpool FC	English	PAL	2004-10-15	CM-048
CM-049	Club Football 2005: Arsenal	English / French	PAL	2004-10-15	CM-049
CM-050	Club Football 2005: Chelsea FC	English	PAL	2004-10-15	CM-050
CM-051	Club Football 2005: Aston Villa	English	PAL	2004-10-15	CM-051
CM-053	Club Football 2005: Celtic FC	English	PAL	2004-10-15	CM-053
CM-054	Club Football 2005: Rangers FC	English	PAL	2004-10-15	CM-054
CM-055	Club Football 2005: Real Madrid	English / French / German / Italian / Spanish	PAL	2004-10-15	CM-055
CM-056	Club Football 2005: FC Barcelona	N/A	PAL	2004-10-15	CM-056
CM-057	Club Football 2005: Ajax Amsterdam	Dutch / English / French / Italian	PAL	2004-10-15	CM-057
CM-058	Club Football 2005: AC Milan	English / German / Italian	PAL	2004-10-15	CM-058
CM-059	Club Football 2005: FC Internazionale	English / German / Italian	PAL	2004-10-15	CM-059
CM-060	Club Football 2005: Juventus	English / German / Italian	PAL	2004-10-15	CM-060
CM-061	Club Football 2005: Hamburger SV	German	PAL	2004-10-15	CM-061
CM-062	Club Football 2005: FC Bayern München	English / German / Spanish	PAL	2004-10-15	CM-062
CM-063	Club Football 2005: Borussia Dortmund	German	PAL	2004-10-15	CM-063
CM-064	Club Football 2005: Newcastle United	English	PAL	2004-10-15	CM-064
CM-065	Club Football 2005: Birmingham City	English	PAL	2004-10-15	CM-065
CM-066	Club Football 2005: Tottenham Hotspur	English	PAL	2004-10-15	CM-066
CM-067	Club Football 2005: Paris Saint-Germain	English / French	PAL	2004-10-15	CM-067
CM-068	Club Football 2005: Olympique de Marseille	English / French	PAL	2004-10-15	CM-068
CM-069	Club Football 2005: Liverpool FC	English / French / German	PAL	2004-10-15	CM-069
CM-070	LMA Manager 2005	English	PAL	2004-10-22	CM-070
CM-071	Second Sight	English / French / German / Italian / Spanish	NTSC-U	2004-09-03	CM-071
CM-073	Manchester United Manager 2005	English	PAL	2004-10-22	CM-073
CM-074	BDFL Manager 2005	German	PAL	2004-10-22	CM-074
CM-075	Roger Lemerre: La Sélection des Champions 2005	French	PAL	2004-10-22	CM-075
CM-076	Football Manager Campionato 2005	Italian	PAL	2004-10-22	CM-076
CM-077	Mánager de Liga 2005	Spanish	PAL	2004-10-22	CM-077
CM-078	Brian Lara International Cricket 2005	English	PAL	2005-07-21	CM-078
CM-080	V8 Supercars Australia 3	English	PAL	2006-10-13	CM-080
CM-082	Worms 4: Mayhem	English / French / German / Italian / Spanish	PAL	2005-07-29	CM-082
CM-084	LMA Manager 2006	English / French / German / Italian / Spanish	PAL	2005-11-18	CM-084
CM-087	Ricky Ponting International Cricket 2005	English	PAL	2005-07-21	CM-087
CM-090	Operation Flashpoint: Elite	English / French / German / Italian	NTSC-U	2005-10-28	CM-090
CM-091	Sensible Soccer 2006	English / French / German / Italian / Spanish	PAL	2006-06-09	CM-091
CT-001	Star Wars: Obi-Wan	Italian	PAL	2001-12-21	CT-001
CV-001	Kabuki Warriors	N/A	NTSC-U	2001-11-15	CV-001
CV-002	UFC: Ultimate Fighting Championship: Tapout	English	NTSC-U	2002-02-17	CV-002
CV-005	Mojo!	English	NTSC-U	2003	CV-005
CV-006	Intellivision Lives!	N/A	NTSC-U	2003-11-28	CV-006
CV-007	Future Tactics: The Uprising	English / French / German / Italian / Spanish	NTSC-U	2004-05-06	CV-007
CV-008	Strike Force Bowling	N/A	NTSC-U	2004-05-06	CV-008
CV-009	Trigger Man	English	NTSC-U	2004	CV-009
CV-010	Pinball Hall of Fame: The Gottlieb Collection	English	NTSC-U	2004-11-16	CV-010
CV-013	World Championship Poker	English	NTSC-U	2005-11	CV-013
CV-014	MX World Tour featuring Jamie Little	N/A	NTSC-U	2005-04-06	CV-014
CV-016	World Championship Poker 2 featuring Howard Lederer	English	NTSC-U	2005-11	CV-016
CV-017	The Bible Game	N/A	NTSC-U	2005-10-19	CV-017
DC-002	Arx Fatalis	English / French / German / Italian / Spanish	NTSC-U	2002-06-28	DC-002
DC-003	Painkiller: Hell Wars	English	NTSC-U	2006-07-25	DC-003
DC-004	Cold War	English / French / German / Italian / Spanish	NTSC-U	2005-09-27	DC-004
DC-006	Cold War	N/A	NTSC-U	2005-09-27	DC-006
DX-001	Miami Vice	English / French / German / Italian / Spanish	PAL	2004-12	DX-001
EA-001	Madden NFL 2002	English	NTSC-U	2001	EA-001
EA-002	NASCAR Thunder 2002	English	NTSC-U	2001-10	EA-002
EA-003	NBA Live 2002	English	NTSC-U	2001-10-30	EA-003
EA-004	SSX Tricky	English / French / German	NTSC-U	2001-11-06	EA-004
EA-005	NHL 2002	English / French / German	NTSC-U	2001-09-18	EA-005
EA-007	F1 2001	English	NTSC-U	2001-10-01	EA-007
EA-009	Triple Play 2002	English	NTSC-U	2002-03-12	EA-009
EA-010	Knockout Kings 2002	English / French / German	NTSC-U	2002-03-08	EA-010
EA-011	2002 FIFA World Cup	Japanese	NTSC-U	2002	EA-011
EA-013	007: Agent Under Fire	English	NTSC-U	2001	EA-013
EA-014	Harry Potter and the Chamber of Secrets	English	NTSC-U	2002-11-14	EA-014
EA-016	The Lord of the Rings: The Two Towers	English	NTSC-U	2002-10-21	EA-016
EA-017	Cel Damage	English	NTSC-U	2001-11-15	EA-017
EA-018	Buffy the Vampire Slayer	English	NTSC-U	2002	EA-018
EA-019	The Simpsons: Road Rage	English	NTSC-U	2001	EA-019
EA-020	F1 2002	English / French / German / Italian	NTSC-J	2002-03-01	EA-020
EA-021	Pirates: The Legend of Black Kat	English	NTSC-U	2002-02-19	EA-021
EA-023	FIFA Soccer 2003	English / French / German / Italian / Spanish	NTSC-U	2002-10-30	EA-023
EA-025	Madden NFL 2003	English	NTSC-U	2002	EA-025
EA-026	Medal of Honor: Frontline	English	NTSC-U	2002-05-29	EA-026
EA-027	NASCAR Thunder 2003	N/A	NTSC-U	2002-09-18	EA-027
EA-028	NBA Live 2003	English	NTSC-U	2002-10-08	EA-028
EA-029	NCAA Football 2003	English	NTSC-U	2002-07-24	EA-029
EA-030	NHL 2003	English	NTSC-U	2002-09-27	EA-030
EA-033	Tiger Woods PGA Tour 2003	English	NTSC-U	2002-10-27	EA-033
EA-034	Star Wars: Obi-Wan	Spanish	PAL	2001-12-21	EA-034
EA-038	007: Nightfire	English	NTSC-U	2002-11-19	EA-038
EA-039	NBA Street Vol. 2	English	NTSC-U	2003-04-29	EA-039
EA-040	Need for Speed: Hot Pursuit 2	English	NTSC-U	2002	EA-040
EA-041	TY the Tasmanian Tiger	English	NTSC-U	2002-10-08	EA-041
EA-042	Freedom Fighters	Spanish	PAL	2003-09	EA-042
EA-044	Dead to Rights	English / French / German / Italian / Spanish	PAL	2002-08-20	EA-044
EA-045	MVP Baseball 2003	English	NTSC-U	2003-03-11	EA-045
EA-046	Freedom Fighters	English	NTSC-U	2003-09	EA-046
EA-047	The Sims	English / French / German / Italian / Spanish	NTSC-U	2003	EA-047
EA-048	NHL 2004	English	NTSC-U	2003-09	EA-048
EA-049	NASCAR Thunder 2004	English / German	NTSC-U	2003-09-16	EA-049
EA-050	F1 Career Challenge	English / French / German / Italian	PAL	2003-06-24	EA-050
EA-053	NCAA Football 2004	N/A	NTSC-U	2003-07-16	EA-053
EA-054	Madden NFL 2004	English	NTSC-U	2003-08-12	EA-054
EA-055	Harry Potter and the Sorcerer's Stone	English / Spanish	NTSC-U	2003	EA-055
EA-056	NBA Live 2004	English	NTSC-U	2003	EA-056
EA-057	Bionicle	Danish / English / French / German / Italian / Spanish	NTSC-U	2003-09-01	EA-057
EA-058	Tiger Woods PGA Tour 2004	English	NTSC-U	2003	EA-058
EA-059	FIFA Soccer 2004	Spanish	NTSC-U	2003	EA-059
EA-060	SSX 3	English / French / German / Spanish	NTSC-U	2003-10-21	EA-060
EA-061	Harry Potter: Quidditch World Cup	English / French / Spanish	NTSC-U	2003-10	EA-061
EA-062	Il Signore degli Anelli: Il ritorno del Re	Italian	PAL	2003-11-14	EA-062
EA-063	Medal of Honor: Soleil Levant	French	PAL	2003-11-28	EA-063
EA-065	Total Club Manager 2004	English / German	PAL	2003-11-21	EA-065
EA-066	007: Everything or Nothing	English	NTSC-U	2004	EA-066
EA-067	The Sims: Bustin' Out	English	NTSC-U	2003-12	EA-067
EA-068	NCAA March Madness 2004	N/A	NTSC-U	2003-11	EA-068
EA-069	MVP Baseball 2004	English	NTSC-U	2004-03-09	EA-069
EA-071	Need for Speed: Underground	English	NTSC-U	2003-11-17	EA-071
EA-072	NFL Street	English	NTSC-U	2004-01-13	EA-072
EA-073	Def Jam: Fight for NY	English / French	NTSC-U	2004	EA-073
EA-074	UEFA Euro 2004: Portugal	Spanish	NTSC-U	2004-05-07	EA-074
EA-075	Fight Night 2004	English	NTSC-U	2004-04-05	EA-075
EA-076	Harry Potter and the Prisoner of Azkaban	English	NTSC-U	2004-06-02	EA-076
EA-077	Madden NFL 2005	English	NTSC-U	2004-08-09	EA-077
EA-078	FIFA Soccer 2005	Spanish	NTSC-U	2004	EA-078
EA-079	NHL 2005	English	NTSC-U	2004-09-14	EA-079
EA-080	NBA Live 2005	English	NTSC-U	2004-09-28	EA-080
EA-081	NCAA Football 2005	English	NTSC-U	2004-07-15	EA-081
EA-082	NCAA March Madness 2005	English	NTSC-U	2004-11-17	EA-082
EA-083	NASCAR 2005: Chase for the Cup	English	NTSC-U	2004-08-31	EA-083
EA-084	Tiger Woods PGA Tour 2005	English / French / German	NTSC-U	2004-09-20	EA-084
EA-085	Fight Night Round 2	English / French / German	NTSC-U	2005-02-28	EA-085
EA-086	MVP Baseball 2005	English	NTSC-U	2005-03-01	EA-086
EA-087	NFL Street 2	English	NTSC-U	2004-12-22	EA-087
EA-088	NBA Street V3	English / French / German	NTSC-U	2005-02-08	EA-088
EA-090	Need for Speed: Underground 2	English	NTSC-U	2004-11-15	EA-090
EA-091	Burnout 3: Takedown	English	NTSC-U	2004-09-08	EA-091
EA-092	Catwoman	English	NTSC-U	2004	EA-092
EA-093	GoldenEye: Rogue Agent	English	NTSC-U	2004	EA-093
EA-094	Medal of Honor: Les Faucons de Guerre	English	PAL	2005-06-17	EA-094
EA-095	Il Signore degli Anelli: La Terza Era	Italian	PAL	2004-11-05	EA-095
EA-096	The Urbz: Sims in the City	Dutch / English / French / German / Italian / Spanish / Swedish	NTSC-U	2004-11-09	EA-096
EA-097	Rugby 2005	English	NTSC-U	2005-03-10	EA-097
EA-098	Battlefield 2: Modern Combat	English	NTSC-U	2005	EA-098
EA-099	TY the Tasmanian Tiger 2: Bush Rescue	English	NTSC-U	2004-11-05	EA-099
EA-101	Total Club Manager 2005	English / French / German	PAL	2004-10-21	EA-101
EA-102	TimeSplitters: Future Perfect	English	NTSC-U	2005-03-21	EA-102
EA-103	Def Jam: Fight for NY	N/A	NTSC-U	2004	EA-103
EA-106	FIFA Football 2005	N/A	PAL	2004-10-08	EA-106
EA-109	Oddworld: Strangers Vergeltung	German	PAL	2005-03-04	EA-109
EA-111	Need for Speed: Underground 2	Dutch / English / French / German / Italian / Swedish	PAL	2004-11-15	EA-111
EA-112	UEFA Champions League 2004-2005	Dutch / English	PAL	2005	EA-112
EA-113	Need for Speed: Underground 2	English	NTSC-J	2004-11-15	EA-113
EA-114	FIFA Street	English / French / German	NTSC-U	2005-02-02	EA-114
EA-116	Cricket 2005	English	PAL	2005-07-21	EA-116
EA-117	Madden NFL 06	English	NTSC-U	2005-08-09	EA-117
EA-118	Burnout Revenge	English	NTSC-U	2005-09-13	EA-118
EA-119	Harry Potter and the Goblet of Fire	English	NTSC-U	2005-11-08	EA-119
EA-120	FIFA Soccer 06	Spanish	NTSC-U	2005	EA-120
EA-121	007: From Russia with Love	English	NTSC-U	2005	EA-121
EA-122	NBA Live 06	English	NTSC-U	2005-09-26	EA-122
EA-123	Need for Speed: Most Wanted: Black Edition	English	NTSC-U	2005-11-17	EA-123
EA-124	NHL 06	English	NTSC-U	2005-09-09	EA-124
EA-125	Der Pate	German	PAL	2006-03-24	EA-125
EA-126	Tiger Woods PGA Tour 06	English	NTSC-U	2005	EA-126
EA-127	Battlefield 2: Modern Combat	N/A	NTSC-U	2005	EA-127
EA-128	NCAA Football 06	English	NTSC-U	2005-07-11	EA-128
EA-129	Burnout Revenge	English	NTSC-U	2005-09-13	EA-129
EA-130	SSX on Tour	English	NTSC-U	2005-10	EA-130
EA-131	Black	English	NTSC-U	2002-03-24	EA-131
EA-133	FIFA Street 2	English / Spanish	NTSC-U	2006-02-28	EA-133
EA-134	Fight Night Round 3	English / French	NTSC-U	2006-02-20	EA-134
EA-135	Rugby 06	English	NTSC-U	2006-02-10	EA-135
EA-136	Need for Speed: Most Wanted	English	NTSC-U	2005-11-15	EA-136
EA-137	Marvel Nemesis: Rise of the Imperfects	N/A	NTSC-U	2005-09-20	EA-137
EA-139	NASCAR 06: Total Team Control	N/A	NTSC-U	2005-08-30	EA-139
EA-141	MVP 06 NCAA Baseball	English	NTSC-U	2006-01-18	EA-141
EA-142	NFL Head Coach	English	NTSC-U	2006-06-20	EA-142
EA-143	FIFA 06	N/A	PAL	2006-01-18	EA-143
EA-144	NCAA March Madness 06	English	NTSC-U	2005-10-11	EA-144
EA-145	Half-Life 2	English / French / German / Italian / Spanish	NTSC-U	2005-11-15	EA-145
EA-147	NASCAR 06: Total Team Control	English	PAL	2005-08-30	EA-147
EA-148	Arena Football	English	NTSC-U	2006-02-07	EA-148
EA-149	Marvel Nemesis: Rise of the Imperfects	English / French / German / Italian	PAL	2005-09-20	EA-149
EA-156	FIFA World Cup Germany 2006	Italian / Spanish	NTSC-U	2006-04-24	EA-156
EA-158	Need for Speed: Carbon	German	NTSC-U	2006-10-30	EA-158
EA-159	Madden NFL 07	N/A	NTSC-U	2006-08-22	EA-159
EA-160	Superman Returns	English	NTSC-U	2006-11-22	EA-160
EA-161	NBA Live 07	English	NTSC-U	2006-10-06	EA-161
EA-162	NCAA Football 07	N/A	NTSC-U	2006-07-17	EA-162
EA-163	NASCAR 07	N/A	NTSC-U	2006-09-06	EA-163
EA-164	Tiger Woods PGA Tour 07	English	NTSC-U	2006-09-22	EA-164
EA-165	NHL 07	English	NTSC-U	2006-09-12	EA-165
EA-166	FIFA Soccer 07	English / Spanish	NTSC-U	2006-09-28	EA-166
EA-168	Madden NFL 07	English	PAL	2006-08-22	EA-168
EA-171	NCAA Football 08	N/A	NTSC-U	2007-07-17	EA-171
EA-172	Madden NFL 08	English	NTSC-U	2007-08-14	EA-172
EA-571	Madden NFL 09	N/A	NTSC-U	2008-08-12	EA-571
EA-905	Batman Begins	English	NTSC-U	2005-06-14	EA-905
EA-906	Marvel Nemesis: Rise of the Imperfects	N/A	NTSC-U	2005-09-20	EA-906
EA-907	The Sims 2	Dutch / English / French / German / Italian / Spanish / Swedish	NTSC-U	2005-10-24	EA-907
EC-001	Circus Maximus: Chariot Wars	N/A	NTSC-U	2002-02-25	EC-001
EC-002	Grooverider: Slot Car Thunder	English	NTSC-U	2003-09-25	EC-002
EC-004	Heroes of the Pacific	English / French / German / Italian / Spanish	NTSC-U	2005-09-23	EC-004
EF-001	Shinchou Mahjong	N/A	NTSC-J	2003-04-24	EF-001
EL-001	American McGee Presents Scrapland	English	NTSC-U	2005-03-07	EL-001
EM-001	Antz Extreme Racing	English / French / German / Italian / Spanish	PAL	2002-07-26	EM-001
EM-002	Big Mutha Truckers	English / French / German / Italian / Spanish	NTSC-U	2002-12-29	EM-002
EM-003	Total Immersion Racing	English / French / German / Italian / Spanish	PAL	2002	EM-003
EM-004	Ghost Master: The Gravenville Chronicles	English / French / German / Italian / Spanish	PAL	2004-08-27	EM-004
EM-005	Starsky & Hutch	English	NTSC-U	2003-06-13	EM-005
EM-007	Ford Racing 2	English / French / German / Italian / Spanish	NTSC-U	2003-11-03	EM-007
EM-008	Bad Boys II	German	PAL	2004-02-25	EM-008
EM-009	FlatOut	English	NTSC-U	2004-11-05	EM-009
EM-010	Mashed: Drive to Survive	English / French / German / Italian / Spanish	PAL	2004-06-18	EM-010
EM-013	Ford Racing 3	English / French / German / Italian / Spanish	NTSC-U	2004-03-22	EM-013
EM-022	Bad Boys: Miami Takedown	English	NTSC-U	2004-03	EM-022
EM-023	Big Mutha Truckers 2: Truck Me Harder	English / French / German / Italian / Spanish	PAL	2005-06-24	EM-023
EM-027	Mashed: Fully Loaded	English / French / German / Italian / Spanish	PAL	2005-03-24	EM-027
EM-028	Taito Legends	English	NTSC-U	2005-10-14	EM-028
EM-029	Ultimate Pro Pinball	English / French / German / Italian / Spanish	PAL	2005-07-22	EM-029
EM-030	Jacked	English / French / German / Italian / Spanish	PAL	2006-01-27	EM-030
EM-031	Ford Bold Moves Street Racing	English / French / German / Italian / Spanish	NTSC-U	2006-09-25	EM-031
EM-032	FlatOut 2	English / French / German / Italian / Spanish	NTSC-U	2006-06-30	EM-032
EM-034	Taito Legends 2	English / French / German / Italian / Spanish	PAL	2006-03-31	EM-034
ES-001	Mad Dash Racing	Japanese	NTSC-U	2001-11-15	ES-001
ES-002	Championship Manager: Season 01/02	English / French / German / Italian / Spanish	PAL	2002-04	ES-002
ES-004	Thief: Deadly Shadows	English	NTSC-U	2004-05-26	ES-004
ES-005	Deus Ex: Invisible War	English	NTSC-U	2003-12-02	ES-005
ES-006	Blood Omen 2	English	NTSC-U	2002-03-21	ES-006
ES-008	Commandos 2: Men of Courage	German	NTSC-U	2002-08-28	ES-008
ES-009	Hitman 2: Silent Assassin	Japanese	NTSC-J	2003-07-03	ES-009
ES-010	TimeSplitters 2	English	NTSC-U	2002-10-18	ES-010
ES-012	Championship Manager: Season 02/03	English / German / Italian	PAL	2002-12	ES-012
ES-013	Backyard Wrestling: Don't Try This at Home	English / French / German / Italian / Spanish	NTSC-U	2003-10-09	ES-013
ES-014	The Italian Job	English	NTSC-U	2003-06-24	ES-014
ES-015	Legacy of Kain: Defiance	English	NTSC-U	2003-11-18	ES-015
ES-017	Whiplash	English	NTSC-U	2003-11-18	ES-017
ES-018	Hitman: Contracts	English	NTSC-U	2004-04-20	ES-018
ES-019	ShellShock: Nam '67	English / French / Italian / Spanish	NTSC-U	2004-09-03	ES-019
ES-020	Crash 'n' Burn	English / French / German / Italian	NTSC-U	2004-11-16	ES-020
ES-022	Backyard Wrestling 2: There Goes the Neighborhood	English	NTSC-U	2004-11-16	ES-022
ES-024	25 to Life	N/A	NTSC-U	2006-01-17	ES-024
ES-025	Project: Snowblind	English / French / German / Italian / Spanish	NTSC-U	2005-02-23	ES-025
ES-026	Scudetto 5	Italian	PAL	2005-05-13	ES-026
ES-029	LEGO Star Wars: The Video Game	English	NTSC-U	2005-03-30	ES-029
FI-002	Futurama	English / French / German / Italian / Spanish	PAL	2003-08-01	FI-002
FL-002	Crusty Demons	N/A	NTSC-U	2006-06-27	FL-002
FS-001	Murakumo	Japanese	NTSC-J	2002-07-25	FS-001
FS-002	Otogi: Myth of Demons	English	NTSC-U	2002-12-12	FS-002
FS-003	Thousand Land	N/A	NTSC-J	2003-03-20	FS-003
FS-004	Otogi: Hyakki Toubatsu Emaki	Japanese	NTSC-J	2003-12-25	FS-004
FS-005	Tenchu 3: Kaiki no Shou	Japanese	NTSC-J	2003-04-24	FS-005
FS-006	Metal Wolf Chaos	N/A	NTSC-J	2004-12-22	FS-006
GE-001	Zan Kabuki	Japanese	NTSC-J	2002-02-28	GE-001
GE-002	Phantom Crash	Japanese	NTSC-J	2002	GE-002
GE-003	Phantom Crash	N/A	NTSC-J	2002	GE-003
GV-001	Pariah	English / French / German / Italian / Spanish	NTSC-U	2005-05-03	GV-001
GV-003	Combat: Task Force 121	N/A	NTSC-U	2005-03-20	GV-003
GV-004	Land of the Dead: Road to Fiddler's Green	N/A	NTSC-U	2005-10-18	GV-004
GV-009	World War II Combat: Road to Berlin	N/A	NTSC-U	2006-01-24	GV-009
GV-010	WarPath	N/A	NTSC-U	2006-07-18	GV-010
GV-011	World War II Combat: Iwo Jima	English	NTSC-U	2006-07-18	GV-011
HE-001	Rugby League	English	PAL	2003-12	HE-001
HE-004	Frankie Dettori Racing	N/A	PAL	2006-12-08	HE-004
HE-005	Rugby League 2	N/A	PAL	2006	HE-005
HP-001	Stolen	English / French / German / Italian / Spanish	NTSC-U	2005-03-25	HP-001
HP-002	Counter Terrorist Special Forces: Fire for Effect	English / French / German / Italian / Spanish	NTSC-U	2005-04-01	HP-002
HP-005	Rugby Challenge 2006	English / French	PAL	2006-02-03	HP-005
HU-001	Bloody Roar: Extreme	English	NTSC-U	2003-05-27	HU-001
HW-001	Drihoo	N/A	NTSC-J	2002-11-28	HW-001
IA-001	Real World Golf	English	NTSC-U	2006-04-11	IA-001
IF-001	Ex-Chaser	Japanese	NTSC-J	2003-05-22	IF-001
IG-001	Test Drive Off-Road: Wide Open	English	NTSC-U	2001-11-14	IG-001
IG-004	TransWorld Snowboarding	English / French / German / Italian / Spanish	NTSC-U	2002-10	IG-004
IG-005	TransWorld Surf	English / French / German / Italian / Spanish	NTSC-U	2001-11-15	IG-005
IG-006	Loons: The Fight for Fame	English	NTSC-U	2002-03-01	IG-006
IG-007	Test Drive	English	NTSC-U	2002-05-29	IG-007
IG-009	NASCAR Heat 2002	English	NTSC-U	2001-11-15	IG-009
IG-011	Furious Karting	English / French / German / Italian / Spanish	NTSC-U	2003-03-28	IG-011
IG-013	Taz: Wanted	English / French / German / Italian / Spanish	NTSC-U	2002	IG-013
IG-014	Magic: The Gathering: Battlegrounds	English / French / German / Italian / Spanish	NTSC-U	2003-11-18	IG-014
IG-015	Monopoly Party	English / French / German / Italian / Spanish	NTSC-U	2002-11-28	IG-015
IG-016	Battle Engine Aquila	English / French / German / Italian / Spanish	NTSC-U	2003	IG-016
IG-017	Slam Tennis	English / French / German / Italian / Spanish	PAL	2002-08-15	IG-017
IG-018	Zapper	English / French / German / Italian / Spanish	NTSC-U	2002-11-05	IG-018
IG-019	Dungeons & Dragons: Heroes	Spanish	NTSC-U	2003-09-23	IG-019
IG-021	Racing Evoluzione	English / French / German / Italian / Spanish	PAL	2003-02-28	IG-021
IG-022	Superman: The Man of Steel	English	NTSC-U	2002-11-12	IG-022
IG-023	GunValkyrie	English / French / German / Italian / Spanish	PAL	2002-05-17	IG-023
IG-024	JSRF: Jet Set Radio Future	English / French / German / Italian / Spanish	PAL	2002-02-22	IG-024
IG-027	Splashdown	English / French / German / Italian / Spanish	NTSC-U	2002-06-15	IG-027
IG-028	Micro Machines	English / French / German / Italian / Spanish	PAL	2002-11-08	IG-028
IG-031	Mission: Impossible: Operation Surma	English / French / German / Italian / Spanish	NTSC-U	2003-12-02	IG-031
IG-034	Enter the Matrix	English	NTSC-U	2003-05-15	IG-034
IG-035	Crazy Taxi 3	English / French / German / Italian / Spanish	PAL	2002	IG-035
IG-036	Unreal Championship	English / French / German / Italian / Spanish	NTSC-U	2002-11-15	IG-036
IG-037	Shadow Ops: Red Mercury	English	NTSC-U	2004-06-15	IG-037
IG-038	The Terminator: Dawn of Fate	English	NTSC-U	2002-09-18	IG-038
IG-039	Dead Man's Hand	English	NTSC-U	2004-03-03	IG-039
IG-040	Nickelodeon Party Blast	English / French / German / Italian / Spanish	NTSC-U	2002-12-06	IG-040
IG-041	Sega Soccer Slam	English	PAL	2002-08-21	IG-041
IG-043	Panzer Dragoon Orta	English / French / German / Italian / Spanish	PAL	2002	IG-043
IG-044	Sega GT 2002	English / French / German / Italian / Japanese / Spanish	PAL	2002-09-03	IG-044
IG-046	RollerCoaster Tycoon	English / French / German / Italian / Spanish	NTSC-U	2003-03	IG-046
IG-052	V-Rally 3	English / French / German / Italian / Spanish	NTSC-U	2003-03	IG-052
IG-056	Driv3r	English / French / German / Italian / Spanish	NTSC-U	2004-06	IG-056
IG-057	Godzilla: Destroy All Monsters Melee	English / French / German / Italian / Spanish	NTSC-U	2003	IG-057
IG-059	Terminator 3: Rise of the Machines	English / French / German / Italian / Spanish	NTSC-U	2003-11-11	IG-059
IG-060	Unreal II: The Awakening	English	NTSC-U	2004-02-10	IG-060
IG-061	Trivial Pursuit: Unhinged	N/A	NTSC-U	2004-03-24	IG-061
IG-062	Terminator 3: The Redemption	English	NTSC-U	2004-09-09	IG-062
IG-064	Dead Man's Hand	English / French / German / Italian / Spanish	PAL	2004-03-03	IG-064
IG-065	Shadow Ops: Red Mercury	English / French / German / Italian / Spanish	PAL	2004-06-15	IG-065
IG-114	Magic: The Gathering: Battlegrounds	N/A	NTSC-J	2004-07-22	IG-114
IG-115	Godzilla: Save the Earth	English	NTSC-U	2004-11-02	IG-115
IG-116	Forgotten Realms: Demon Stone	English	NTSC-U	2004-11-17	IG-116
IG-117	Test Drive: Eve of Destruction	N/A	NTSC-U	2004-08-24	IG-117
IG-121	Atari Anthology	English / French / German / Italian / Spanish	NTSC-U	2004-11-16	IG-121
IG-122	Dragon Ball Z: Sagas	N/A	NTSC-U	2005-03-22	IG-122
IG-123	Indigo Prophecy	English / French / German / Italian / Spanish	NTSC-U	2005-09-15	IG-123
IG-124	The Matrix: Path of Neo	English	NTSC-U	2005-11-08	IG-124
IG-125	Marc Ecko's Getting Up: Contents Under Pressure	English / French / German / Italian / Spanish	NTSC-U	2006-02-14	IG-125
IG-127	Driver: Parallel Lines	English / French / German / Italian / Spanish	NTSC-U	2006-03-14	IG-127
IL-001	Migong Zhengfuzhe	Chinese	NTSC-J	2002	IL-001
IL-002	Braveknight: Leverant Yeongungjeon	Japanese	NTSC-J	2003	IL-002
IL-006	Aoi Namida	N/A	NTSC-J	2004-05-27	IL-006
IM-001	Xbox Playable Starter Pack 2003	German	PAL	2003	IM-001
IM-002	Das Offizielle Xbox-Magazin: Cover-DVD 11/2002	English / French / German / Italian / Spanish	PAL	2002-11	IM-002
IM-003	Das Offizielle Xbox-Magazin: Cover-DVD 12/2002	German	PAL	2002-12	IM-003
IM-004	Official Xbox Magazine Game Disc 05	English	NTSC-U	2002-04-30	IM-004
IM-005	Official Xbox Magazine Game Disc 06	English	NTSC-U	2002-05-30	IM-005
IM-006	Official Xbox Magazine Game Disc 07	English	NTSC-U	2002-06-30	IM-006
IM-007	Official Xbox Magazine Game Disc 08	English	NTSC-U	2002-07-30	IM-007
IM-008	Official Xbox Magazine Game Disc 09	English	NTSC-U	2002-08-30	IM-008
IM-009	Official Xbox Magazine Game Disc 10	English	NTSC-U	2002-09-30	IM-009
IM-010	Official Xbox Magazine Game Disc 11	English	NTSC-U	2002-10-30	IM-010
IM-011	Official Xbox Magazine Game Disc 12	English	NTSC-U	2002-11-30	IM-011
IM-012	Das Offizielle Xbox-Magazin: Cover-DVD 01/2003	English / French / German / Italian / Spanish	PAL	2003-01	IM-012
IM-013	Das Offizielle Xbox-Magazin: Cover-DVD 02/2003	English / French / German / Italian / Spanish	PAL	2003-02	IM-013
IM-014	Official Xbox Magazine Game Disc 15	English	NTSC-U	2003-02-01	IM-014
IM-015	Das Offizielle Xbox-Magazin: Cover-DVD 04/2003	English / German	PAL	2003-04	IM-015
IM-016	Official Xbox Magazine Game Disc 17	English	NTSC-U	2003-04-30	IM-016
IM-017	Das Offizielle Xbox-Magazin: Cover-DVD 06/2003	German	PAL	2003-06	IM-017
IM-018	The Ultimate Halo Companion DVD Set	English / French / German / Italian / Polish / Spanish	PAL	2003	IM-018
IM-019	Das Offizielle Xbox-Magazin: Cover-DVD 08/2003	English / French / German / Italian / Polish / Spanish	PAL	2003-08	IM-019
IM-020	Official Xbox Magazine Game Disc 21	English	NTSC-U	2003-08-30	IM-020
IM-021	Das Offizielle Xbox-Magazin: Cover-DVD 10/2003	English / French / German / Italian / Polish / Spanish	PAL	2003-10	IM-021
IM-022	Das Offizielle Xbox-Magazin: Cover-DVD 11/2003	German	PAL	2003-11	IM-022
IM-023	Official Xbox Magazine Game Disc 24	English	NTSC-U	2003-11-30	IM-023
IM-024	Das Offizielle Xbox-Magazin: Cover-DVD 01/2004	English / French / German / Italian / Portuguese / Spanish	PAL	2004-01	IM-024
IM-025	Official Xbox Magazine Game Disc 26	English	NTSC-U	2003-12-25	IM-025
IM-026	Official Xbox Magazine Game Disc 26	English / French / German / Italian / Portuguese / Spanish	PAL	2003-12-25	IM-026
IM-027	Official Xbox Magazine Game Disc 27	English	PAL	2004-01-30	IM-027
IM-028	Official Xbox Magazine Game Disc 28	English	NTSC-U	2004-02-01	IM-028
IM-029	Das Offizielle Xbox-Magazin: Cover-DVD 06/2004	English / French / German / Italian / Portuguese / Spanish	PAL	2004-06	IM-029
IM-030	Das Offizielle Xbox-Magazin: Cover-DVD 07/2004	English / French / German / Italian / Portuguese / Spanish	PAL	2004-07	IM-030
IM-031	Official Xbox Magazine Game Disc 31	English	NTSC-U	2004-05-01	IM-031
IM-032	Das Offizielle Xbox-Magazin: Cover-DVD 09/2004	English / German	PAL	2004-09	IM-032
IM-033	Official Xbox Magazine Game Disc 33	English	NTSC-U	2004-07-01	IM-033
IM-034	Das Offizielle Xbox-Magazin: Cover-DVD 10/2004	German	PAL	2004-10	IM-034
IM-035	Das Offizielle Xbox-Magazin: Cover-DVD 11/2004	English / French / German / Italian / Portuguese / Spanish	PAL	2004-11	IM-035
IM-036	Official Xbox Magazine Game Disc 36	English	NTSC-U	2004-10-01	IM-036
IM-037	Official Xbox Magazine Game Disc 37	English	NTSC-U	2004-11-01	IM-037
IM-038	Das Offizielle Xbox-Magazin: Cover-DVD 03/2005	English / French / German / Italian / Portuguese / Spanish	PAL	2005-03	IM-038
IM-039	Das Offizielle Xbox-Magazin: Cover-DVD 04/2005	English / French / German / Italian / Portuguese / Spanish	PAL	2005-04	IM-039
IM-040	Das Offizielle Xbox-Magazin: Cover-DVD 05/2005	English / French / German / Italian / Portuguese / Spanish	PAL	2005-05	IM-040
IM-041	Das Offizielle Xbox-Magazin: Cover-DVD 06/2005	English / French / German / Italian / Portuguese / Spanish	PAL	2005-06	IM-041
IM-042	Das Offizielle Xbox-Magazin: Cover-DVD 07/2005	English / French / German / Italian / Portuguese / Spanish	PAL	2005-07	IM-042
IM-043	Das Offizielle Xbox-Magazin: Cover-DVD 08/2005	English / French / German / Italian / Portuguese / Spanish	PAL	2005-08	IM-043
IM-044	Das Offizielle Xbox-Magazin: Cover-DVD 09/2005	English / French / German / Italian / Portuguese / Spanish	PAL	2005-09	IM-044
IM-045	Das Offizielle Xbox-Magazin: Cover-DVD 10/2005	English / French / German / Italian / Portuguese / Spanish	PAL	2005-10	IM-045
IM-046	Das Offizielle Xbox-Magazin: Cover-DVD 11/2005	German	PAL	2005-11	IM-046
IM-047	Official Xbox Magazine Game Disc 47	English / French / German / Italian / Portuguese / Spanish	PAL	2005-08-01	IM-047
IM-048	Das Offizielle Xbox-Magazin: Cover-DVD 12/2005	German	PAL	2005-12	IM-048
IM-049	Xbox Magazine Ufficiale Game Disc 49: Dicembre 2005	English / French / German / Italian / Portuguese / Spanish	PAL	2005-12	IM-049
IM-050	Official Xbox Magazine Game Disc 50	English / French / German / Italian / Portuguese / Spanish	PAL	2005-11-01	IM-050
IM-067	Official Xbox Magazine Game Disc 40	English	NTSC-U	2005-01-01	IM-067
IM-068	Official Xbox Magazine Game Disc 41	English	NTSC-U	2005-02-01	IM-068
IM-069	Official Xbox Magazine Game Disc 42	English	NTSC-U	2005-03-01	IM-069
IM-070	Official Xbox Magazine Game Disc 43	English	NTSC-U	2005-04-01	IM-070
IM-071	Official Xbox Magazine Game Disc 44	English	NTSC-U	2005-05-01	IM-071
IM-074	Official Xbox Magazine Game Disc 45	English	NTSC-U	2005-06-01	IM-074
IM-075	Official Xbox Magazine Game Disc 46	English	NTSC-U	2005-07-01	IM-075
IM-076	Official Xbox Magazine Game Disc 47	English	NTSC-U	2005-08-01	IM-076
IM-077	Official Xbox Magazine Game Disc 48	English	NTSC-U	2005-09-01	IM-077
IM-078	Official Xbox Magazine Game Disc 49	English	NTSC-U	2005-10-01	IM-078
IM-080	Official Xbox Magazine Game Disc 50	English	NTSC-U	2005-11-01	IM-080
IM-081	Official Xbox Magazine Game Disc 51	English	NTSC-U	2005-12-01	IM-081
IM-082	Official Xbox Magazine Game Disc 52	English	NTSC-U	2005-12-25	IM-082
IM-203	Xbox 360: The Official Xbox Magazine Issue 03: December 2005	English / French / German / Italian / Portuguese / Spanish	PAL	2005-12	IM-203
IM-204	Official Xbox Magazine Game Disc 53	English	NTSC-U	2005-01-01	IM-204
IM-205	Official Xbox Magazine Game Disc 51	English / French / German / Italian / Portuguese	PAL	2005-12-01	IM-205
IM-207	Xbox 360: The Official Xbox Magazine Issue 04: February 2006	English / French / German / Italian / Portuguese / Spanish	PAL	2006-02	IM-207
IM-208	Official Xbox Magazine Game Disc 54	English	NTSC-U	2006-02-01	IM-208
IM-209	Official Xbox Magazine Game Disc 55	English	NTSC-U	2005-03-01	IM-209
IM-210	Official Xbox Magazine Game Disc 52	English / French / Portuguese	PAL	2005-12-25	IM-210
IM-211	Xbox 360: The Official Xbox Magazine Issue 07: May 2006	English / French / German / Italian / Portuguese / Spanish	PAL	2006-05	IM-211
IM-212	Official Xbox Magazine Game Disc 53	English / French / Portuguese	PAL	2005-01-01	IM-212
IM-213	Official Xbox Magazine Game Disc 56	English	NTSC-U	2006-04-01	IM-213
IM-214	Official Xbox Magazine Game Disc 54	English / French / German / Italian / Portuguese	PAL	2006-02-01	IM-214
IM-215	Official Xbox Magazine Game Disc 57	English	NTSC-U	2006-05-01	IM-215
IM-216	Official Xbox Magazine Game Disc 58	English	NTSC-U	2006-06-01	IM-216
IM-217	Official Xbox Magazine Game Disc 55	English / French / German / Italian / Portuguese	PAL	2005-03-01	IM-217
IM-218	Official Xbox Magazine Game Disc 59	English	NTSC-U	2006-07-01	IM-218
IM-220	Official Xbox Magazine Game Disc 61	English	NTSC-U	2006-09-01	IM-220
IM-221	Official Xbox Magazine Game Disc 62	English	NTSC-U	2006-10-01	IM-221
IM-222	Official Xbox Magazine Game Disc 63	English	NTSC-U	2006-11-01	IM-222
IM-223	Official Xbox Magazine Game Disc 64	English	NTSC-U	2006-12-01	IM-223
IM-224	Xbox 360: The Official Xbox Magazine Issue 08: June 2006	N/A	PAL	2006-06	IM-224
IM-225	Official Xbox Magazine Game Disc 56	N/A	PAL	2006-04-01	IM-225
IM-226	Xbox 360: The Official Xbox Magazine Issue 12: October 2006	German	PAL	2006-10	IM-226
IM-227	Official Xbox Magazine Game Disc 59	English	PAL	2006-07-01	IM-227
IM-228	Xbox 360: The Official Xbox Magazine Issue 13: November 2006	German	PAL	2006-11	IM-228
IM-229	Official Xbox Magazine Game Disc 61	N/A	PAL	2006-09-01	IM-229
IO-003	Animaniacs: The Great Edgar Hunt	English / French / German / Italian / Spanish	PAL	2005-08-12	IO-003
IO-005	Metal Slug 3	English / French / German / Italian / Spanish	PAL	2004	IO-005
IP-006	RLH: Run Like Hell	English	NTSC-U	2003-04-09	IP-006
IP-008	Fallout: Brotherhood of Steel	English	NTSC-U	2004-01-13	IP-008
IP-010	Baldur's Gate: Dark Alliance II	English	NTSC-U	2004-01-20	IP-010
IX-001	The Bard's Tale	English	NTSC-U	2004-10-28	IX-001
JA-001	Pulse Racer	N/A	NTSC-U	2002-12	JA-001
JA-002	Nightcaster II: Equinox	English	NTSC-U	2002-12-11	JA-002
JA-004	Super Bubble Pop	English / French / German / Italian / Spanish	NTSC-U	2002-12-17	JA-004
JA-005	Goblin Commander: Unleash the Horde	English	NTSC-U	2003-11-11	JA-005
JA-006	Room Zoom: Race for Impact	English	NTSC-U	2003-10-27	JA-006
JA-007	World Championship Pool 2004	English / French / German	NTSC-U	2004-12-21	JA-007
JW-002	Neighbours from Hell	English / French / German / Italian / Spanish	PAL	2005-03-04	JW-002
JW-003	Kao the Kangaroo: Round 2	English / French / German / Italian / Spanish	PAL	2004-12-01	JW-003
JW-004	Yetisports Arctic Adventures	English / French / German / Italian / Spanish	PAL	2005-07-18	JW-004
JW-005	Ski Racing 2005	English / French / German / Italian / Spanish	PAL	2004-12-03	JW-005
JW-009	Panzer Elite Action: Fields of Glory	English / French / German / Italian / Spanish	PAL	2006-08-11	JW-009
JW-010	Ski Racing 2006	English / French / German / Italian / Norwegian	PAL	2005-12	JW-010
KA-001	Jikkyou World Soccer 2002	N/A	NTSC-J	2002-05-23	KA-001
KA-002	The Baseball 2002: Battle Ball Park Sengen	N/A	NTSC-J	2002-07-11	KA-002
KB-001	Batman: Dark Tomorrow	English	NTSC-U	2003-03-18	KB-001
KB-002	Eggo Mania	English / French / German	PAL	2002-10-25	KB-002
KB-003	Rogue Ops	N/A	NTSC-J	2003-10-28	KB-003
KB-004	Rogue Ops	English	NTSC-U	2003-10-28	KB-004
KB-005	Chicago Enforcer	English	NTSC-U	2005-02-22	KB-005
KB-006	Yager	N/A	NTSC-U	2003-05-03	KB-006
KB-007	Top Gear: RPM Tuning	N/A	NTSC-U	2005-02-16	KB-007
KD-002	WWE Raw	N/A	NTSC-J	2003-09-15	KD-002
KI-001	Shikigami no Shiro Evolution	Japanese	NTSC-J	2002-12-19	KI-001
KI-002	Shikigami no Shiro II	N/A	NTSC-J	2004-04-15	KI-002
KK-001	Triangle Again	Japanese	NTSC-J	2002-06-27	KK-001
KK-002	Triangle Again 2	Japanese	NTSC-J	2002-12-19	KK-002
KK-003	Exaskeleton	N/A	NTSC-J	2003-12-18	KK-003
KN-001	Whiteout	English	NTSC-U	2002-12-13	KN-001
KN-002	Deadly Skies	English / German	PAL	2002-04-12	KN-002
KN-003	ESPN NFL PrimeTime 2002	N/A	NTSC-U	2002-02-15	KN-003
KN-004	Silent Hill 2: Restless Dreams	English / Japanese	NTSC-U	2001-12-20	KN-004
KN-005	ESPN MLS ExtraTime 2002	N/A	NTSC-U	2002	KN-005
KN-006	ESPN NBA 2Night 2002	English	NTSC-U	2002	KN-006
KN-007	Metal Gear Solid 2: Substance	English	NTSC-U	2002-11-05	KN-007
KN-008	International Superstar Soccer 2	English / French / German / Italian / Spanish	PAL	2002	KN-008
KN-009	Winter X Games Snowboarding 2002	English / French / German	NTSC-U	2002	KN-009
KN-010	Hyper Sports 2002 Winter	Japanese	NTSC-J	2002-02-22	KN-010
KN-011	ESPN International Winter Sports 2002	English / French / German / Italian	NTSC-U	2002-02	KN-011
KN-014	Shadow of Memories	English / French / German / Italian / Spanish	PAL	2001-02-22	KN-014
KN-015	Le Tour de France	English / French / German / Italian / Spanish	PAL	2002	KN-015
KN-016	WTA Tour Tennis Pro Evolution	English	NTSC-J	2002-08-29	KN-016
KN-017	Crash Bandicoot 4: Sakuretsu! Majin Power	Japanese	NTSC-J	2002-10-24	KN-017
KN-018	NBA Starting Five	N/A	NTSC-U	2002-10	KN-018
KN-019	Frogger Beyond	N/A	NTSC-U	2002-12-10	KN-019
KN-025	Dance Dance Revolution Ultramix	N/A	NTSC-U	2003-11-20	KN-025
KN-026	Silent Scope Complete	English / French / German / Italian / Spanish	NTSC-U	2004-02-10	KN-026
KN-027	Teenage Mutant Ninja Turtles	English / French / German / Italian / Spanish	NTSC-U	2003-10-21	KN-027
KN-028	Crime Life: Gang Wars	English / French / German / Italian / Spanish	NTSC-U	2005-11-10	KN-028
KN-029	Dancing Stage Unleashed	English	PAL	2004-02-20	KN-029
KN-030	Yu-Gi-Oh! The Dawn of Destiny	English / French / German / Italian / Spanish	NTSC-U	2004-03-23	KN-030
KN-031	Silent Hill 4: The Room	English / Japanese / Korean	NTSC-U	2004	KN-031
KN-032	TMNT: Mutant Melee	N/A	NTSC-U	2005-03-15	KN-032
KN-033	Dancing Stage Unleashed 2	English / French / German / Italian / Spanish	PAL	2005-04-01	KN-033
KN-034	Pro Evolution Soccer 4	English / French / German / Italian / Spanish	PAL	2004-11-26	KN-034
KN-035	Teenage Mutant Ninja Turtles 2: Battle Nexus	English / French / German / Italian / Spanish	NTSC-U	2004-10-19	KN-035
KN-036	King Arthur	English / French / German / Italian / Spanish	NTSC-U	2004-11-16	KN-036
KN-037	Karaoke Revolution	N/A	NTSC-U	2004-11-10	KN-037
KN-039	World Soccer Winning Eleven 8: International	English / Spanish	NTSC-U	2005-02-02	KN-039
KN-041	Dancing Stage Unleashed 3	English / French / German / Italian / Spanish	PAL	2006-03-17	KN-041
KN-042	Teenage Mutant Ninja Turtles 3: Mutant Nightmare	English / French / German / Italian / Spanish	NTSC-U	2005-11-01	KN-042
KN-044	Frogger: Ancient Shadow	N/A	NTSC-U	2005-09-27	KN-044
KN-045	Castlevania: Curse of Darkness	English	NTSC-U	2005-11-01	KN-045
KN-046	Karaoke Revolution Party	N/A	NTSC-U	2005-11-08	KN-046
KN-047	World Soccer Winning Eleven 9	English / Spanish	NTSC-U	2006-02-07	KN-047
KN-048	Pro Evolution Soccer 5	English / French / German / Italian / Spanish	PAL	2005-10-21	KN-048
KN-052	Wallace & Gromit: The Curse of the Were-Rabbit	English / French / German / Italian / Spanish	NTSC-U	2005-08-29	KN-052
KN-055	Dance Dance Revolution Ultramix 4	English / French / Spanish	NTSC-U	2006-11-14	KN-055
KN-056	Xiaolin Showdown	English / French / German / Italian / Spanish	NTSC-U	2006-11-15	KN-056
KO-001	Nobunaga no Yabou: Ranseiki	Japanese	NTSC-J	2002-02-22	KO-001
KO-002	Kurenai no Umi: Crimson Sea	Japanese	NTSC-J	2002-12-12	KO-002
KO-003	Shin Sangoku Musou 2	English / Japanese	NTSC-J	2002-09-26	KO-003
KO-004	Shin Sangoku Musou 3	Japanese	NTSC-J	2003-09-04	KO-004
KO-005	Sengoku Musou	N/A	NTSC-J	2004-07-29	KO-005
KO-006	Samurai Warriors	French / German	NTSC-U	2004-07-13	KO-006
KO-007	Shin Sangoku Musou 4	English / Japanese	NTSC-J	2005-08-25	KO-007
KO-008	WinBack 2: Project Poseidon	English	NTSC-U	2006-04-25	KO-008
KT-001	Silent Hill 2: Saigo no Uta	English / Japanese	NTSC-J	2002-02-22	KT-001
KU-001	Innocent Tears	Japanese	NTSC-J	2002-12-05	KU-001
LA-001	Star Wars: Obi-Wan	English	NTSC-U	2001-12-21	LA-001
LA-002	Star Wars: Starfighter Special Edition	English	NTSC-U	2001-11-26	LA-002
LA-003	Star Wars: Knights of the Old Republic	English	NTSC-U	2003-07-15	LA-003
LA-004	Star Wars: The Clone Wars	English	NTSC-U	2003-04-22	LA-004
LA-005	Star Wars: Jedi Starfighter	English	NTSC-U	2002	LA-005
LA-006	Secret Weapons over Normandy	Spanish	NTSC-U	2003-11-18	LA-006
LA-007	Indiana Jones and the Emperor's Tomb	English	NTSC-U	2003-02-24	LA-007
LA-008	Gladius	German	NTSC-U	2003-10-29	LA-008
LA-009	Star Wars: Jedi Knight II: Jedi Outcast	English	NTSC-U	2002-03-26	LA-009
LA-011	Star Wars: Jedi Knight: Jedi Academy	English / French / German	NTSC-U	2003-11-19	LA-011
LA-013	Armed and Dangerous	English	NTSC-U	2003-12-02	LA-013
LA-015	Wrath Unleashed	English / French / German / Italian / Spanish	NTSC-U	2002-02-10	LA-015
LA-016	LucasArts Xbox Experience Volume 01	English	NTSC-U	2003-12-25	LA-016
LA-017	Star Wars: Battlefront	English	NTSC-U	2004-09-21	LA-017
LA-019	Star Wars: Republic Commando	English	NTSC-U	2005-02-17	LA-019
LA-020	Star Wars: Knights of the Old Republic II: The Sith Lords	English	NTSC-U	2004-12-06	LA-020
LA-021	Mercenaries	English	NTSC-U	2005-01-11	LA-021
LA-023	Star Wars: Episode III: Revenge of the Sith	English	NTSC-U	2005-05-04	LA-023
LA-025	Star Wars: Republic Commando	Japanese	NTSC-J	2005-02-17	LA-025
LA-026	Star Wars: Battlefront II	English / Italian / Spanish	NTSC-U	2005-11-01	LA-026
LA-031	LEGO Star Wars II: The Original Trilogy	Danish / English / French / German / Italian / Spanish	NTSC-U	2006-09-12	LA-031
LA-034	Thrillville	N/A	NTSC-U	2006-11-21	LA-034
LS-002	SCAR: Squadra Corse Alfa Romeo	English / French / German / Italian / Spanish	PAL	2005-05	LS-002
MD-003	Dennou Taisen: DroneZ	N/A	NTSC-J	2004-04-22	MD-003
MD-004	Stake: Fortune Fighters	English / French / German / Italian / Spanish	NTSC-U	2003-05-06	MD-004
ME-001	C.A.T: Cyber Attack Team	Japanese	NTSC-J	2003-06-26	ME-001
MI-003	Tennis Masters Series 2003	English / French / German / Italian / Portuguese / Spanish	NTSC-U	2002-10-26	MI-003
MI-004	Knight's Apprentice: Memorick's Adventures	English / French / German / Italian / Spanish	NTSC-U	2004-06-15	MI-004
MI-006	Syberia	English / French / German / Italian / Spanish	NTSC-U	2003-07-23	MI-006
MI-008	Syberia II	English / French / German / Italian / Spanish	NTSC-U	2004-05-06	MI-008
MI-009	ObsCure	German / Spanish	NTSC-U	2004-06-17	MI-009
MI-011	Still Life	English / French / German / Italian / Spanish	NTSC-U	2005-04-14	MI-011
MI-012	RPM Tuning	English / French / German / Italian / Portuguese / Spanish	PAL	2005-02-16	MI-012
MI-013	Sniper Elite	English / French / German / Italian / Spanish	NTSC-U	2005-09-30	MI-013
MJ-001	BloodRayne	English	NTSC-U	2002-10-15	MJ-001
MJ-002	Totaled!	N/A	NTSC-U	2002	MJ-002
MJ-003	Gun Metal	N/A	NTSC-U	2002-08-01	MJ-003
MJ-008	Blowout	English	NTSC-U	2003-11-06	MJ-008
MJ-009	Advent Rising	English	NTSC-U	2005-05-31	MJ-009
MJ-011	Drake of the 99 Dragons	English	NTSC-U	2003-11-03	MJ-011
MJ-012	Ultra Puzzle Bobble	English / French / German / Italian / Spanish	NTSC-J	2005-01-27	MJ-012
MJ-013	BloodRayne 2	German	NTSC-U	2004-10-12	MJ-013
MJ-015	Jaws Unleashed	English	NTSC-U	2006-05-23	MJ-015
MJ-017	Raze's Hell	English / French / German	NTSC-U	2005-04-21	MJ-017
MJ-018	Psychonauts	English	NTSC-U	2005-04-20	MJ-018
MJ-019	Teen Titans	N/A	NTSC-U	2006-11-13	MJ-019
MJ-020	Aeon Flux	English	NTSC-U	2005-11-17	MJ-020
MJ-023	Worms 4: Mayhem	English	NTSC-U	2005-07-29	MJ-023
MM-001	Stacked with Daniel Negreanu	English	NTSC-U	2006-05-31	MM-001
MP-001	Myst III: Exile	Japanese	NTSC-J	2002-02-05	MP-001
MP-002	Shikigami no Shiro	N/A	NTSC-J	2002-03-14	MP-002
MS-001	Oddworld: Munch's Oddysee	English	NTSC-U	2001-11-15	MS-001
MS-002	Fuzion Frenzy	English	NTSC-U	2001-11	MS-002
MS-003	Project Gotham Racing	Japanese	NTSC-J	2002-02-22	MS-003
MS-004	Halo: Combat Evolved	English	NTSC-U	2001-11-15	MS-004
MS-005	Amped: Freestyle Snowboarding	English	NTSC-U	2001-11-20	MS-005
MS-006	NFL Fever 2002	English	NTSC-U	2001-11-15	MS-006
MS-007	Azurik: Rise of Perathia	English	NTSC-U	2001-11-28	MS-007
MS-008	NightCaster: Defeat the Darkness	English / French / German	NTSC-U	2002-01-21	MS-008
MS-009	Tao Feng: Fist of the Lotus	N/A	NTSC-U	2003-03-18	MS-009
MS-010	Sudeki: Sennen no Akatsuki no Monogatari	Japanese	NTSC-J	2005-07-14	MS-010
MS-011	NBA Inside Drive 2004	English	NTSC-U	2003	MS-011
MS-012	Kakuto Chojin	N/A	NTSC-U	2002-11-11	MS-012
MS-013	Fable	English	NTSC-U	2004	MS-013
MS-015	RalliSport Challenge	English	NTSC-U	2002-03-14	MS-015
MS-016	Blood Wake	English	NTSC-U	2001-12-30	MS-016
MS-017	NBA Inside Drive 2002	English	NTSC-U	2002-01	MS-017
MS-019	Blinx: The Time Sweeper	English / Japanese	NTSC-U	2002-09-08	MS-019
MS-020	Tao Feng: Fist of the Lotus	English	NTSC-U	2003-03-18	MS-020
MS-021	Quantum Redshift	English	NTSC-J	2002-11-21	MS-021
MS-023	MechAssault	English / French / German	NTSC-U	2002-11-15	MS-023
MS-030	Brute Force	English / French / German / Italian / Spanish	NTSC-U	2003-05-27	MS-030
MS-033	Crimson Skies: High Road to Revenge	Chinese / English / French / German / Korean	NTSC-U	2003-10-21	MS-033
MS-035	Sneakers	Japanese	NTSC-U	2002-02-22	MS-035
MS-039	Whacked!	English	NTSC-U	2002-10-08	MS-039
MS-040	NFL Fever 2003	English	NTSC-U	2002-08	MS-040
MS-042	Midtown Madness 3	English	NTSC-U	2003-06-17	MS-042
MS-045	Dead or Alive 3	English / French / German / Italian / Japanese / Spanish	PAL	2001-11-15	MS-045
MS-046	Maximum Chase	Japanese	NTSC-U	2002-09-26	MS-046
MS-047	Tenku: Freestyle Snowboarding	English / Japanese	NTSC-J	2002-02-22	MS-047
MS-048	Jockey's Road	Japanese	NTSC-J	2002-10-10	MS-048
MS-049	Kung Fu Panic	English / French / German	NTSC-J	2003-05-29	MS-049
MS-050	Shenmue II	English	NTSC-U	2002-10-30	MS-050
MS-051	RalliSport Challenge	Japanese	NTSC-J	2002-03-14	MS-051
MS-052	Inside Pitch 2003	English	NTSC-U	2003-05-20	MS-052
MS-053	Top Spin	English / French / German	NTSC-U	2003-10-28	MS-053
MS-054	Counter-Strike	English / French / Italian / Korean / Spanish	NTSC-U	2003-10-12	MS-054
MS-055	NFL Fever 2003	N/A	NTSC-U	2002-08	MS-055
MS-057	RalliSport Challenge 2	English / French / German / Italian / Japanese / Spanish	NTSC-U	2004-05-17	MS-057
MS-060	N.U.D.E.@: Natural Ultimate Digital Experiment	Japanese	NTSC-J	2003-04-24	MS-060
MS-061	Sega GT 2002 + JSRF: Jet Set Radio Future	English / Japanese	NTSC-U	2002-10-15	MS-061
MS-065	Tenku 2	English	NTSC-J	2004-02-26	MS-065
MS-067	Phantasy Star Online: Episode I & II	N/A	NTSC-J	2003-04-15	MS-067
MS-069	NBA Inside Drive 2003	English	NTSC-U	2002-10-15	MS-069
MS-070	Phantom Dust	N/A	NTSC-U	2004-09-23	MS-070
MS-072	The Wild Rings	Japanese	NTSC-J	2003-04-10	MS-072
MS-074	Phantasy Star Online Episode I & II	English / French / German / Japanese / Spanish	NTSC-U	2002-09-12	MS-074
MS-075	Project Gotham Racing 2	Chinese / English / French / German / Italian / Japanese / Korean / Spanish	NTSC-U	2003	MS-075
MS-077	NFL Fever 2004	English	NTSC-U	2003-08-26	MS-077
MS-078	NHL Rivals 2004	English	NTSC-U	2003-11-18	MS-078
MS-081	Conker: Live & Reloaded	English	NTSC-U	2005-06	MS-081
MS-083	Grabbed by the Ghoulies	English / French / German / Italian / Spanish	NTSC-U	2003-10-21	MS-083
MS-087	Halo: Combat Evolved	Chinese / English	NTSC-J	2001-11-15	MS-087
MS-088	Halo: Jeonjaengui Seomak	English / Korean	NTSC-J	2002	MS-088
MS-089	Project Zero	English / French / German / Italian / Spanish	PAL	2002-08-30	MS-089
MS-090	Xbox Music Mixer	English	NTSC-U	2003-10-27	MS-090
MS-093	Links 2004	English	NTSC-U	2003	MS-093
MS-095	Voodoo Vince	English / French / German / Spanish	NTSC-U	2003	MS-095
MS-100	Halo 2	Chinese / English / French / German / Italian / Japanese / Korean / Spanish	NTSC-U	2004-11	MS-100
MS-101	Blinx 2: Masters of Time & Space	English / French / German / Italian / Japanese / Spanish	NTSC-U	2004-11-16	MS-101
MS-102	Magatama	Japanese	NTSC-J	2003-11	MS-102
MS-105	Dinosaur Hunting: Ushinawareta Daichi	N/A	NTSC-J	2003-09-18	MS-105
MS-107	MechAssault 2: Lone Wolf	English / French / German / Italian / Japanese / Spanish	NTSC-U	2004-12-28	MS-107
MS-109	Jade Empire: Hisui no Teikoku	English / Italian / Spanish	NTSC-J	2005-06-16	MS-109
MS-110	Forza Motorsport	Chinese / English / French / German / Italian / Japanese / Korean / Spanish	NTSC-U	2005-05-03	MS-110
MS-115	Halo 2	English	NTSC-U	2004-01	MS-115
MS-121	Project Gotham Racing 2	N/A	NTSC-U	2003	MS-121
MS-123	Crimson Skies: High Road to Revenge	N/A	NTSC-J	2003-10-21	MS-123
MS-124	Xbox Video Chat	N/A	NTSC-J	2004-11-25	MS-124
MS-125	Phantom Dust	Japanese	NTSC-J	2004-09-23	MS-125
MS-128	Fable (Limited Edition Bonus DVD)	N/A	NTSC-U	2004-09-14	MS-128
MS-130	Halo 2	English	NTSC-U	2004-11	MS-130
MS-131	MechAssault 2: Lone Wolf (Bonus Disc)	English / French / German / Italian / Japanese / Spanish	NTSC-U	2004-12-28	MS-131
MS-132	Volvo: Drive for Life	English	NTSC-U	2005-11	MS-132
MS-133	Jade Empire (Bonus Disc)	English / French / German / Italian / Spanish	NTSC-U	2005-04-12	MS-133
MS-200	Xbox Live Arcade	Chinese / English / French / German / Italian / Japanese / Korean / Portuguese / Spanish	NTSC-U	2004-11-04	MS-200
MS-202	MechAssault 2: Lone Wolf	English	NTSC-U	2004-12-28	MS-202
MS-205	Halo 2 Multiplayer Map Pack	Chinese / English / French / German / Italian / Japanese / Korean / Spanish	NTSC-U	2005-07-05	MS-205
MS-209	Fable: The Lost Chapters	English / Spanish	NTSC-U	2005-10-18	MS-209
MS-210	Big Bumpin'	English	NTSC-U	2006-11-19	MS-210
MS-211	Sneak King	English	NTSC-U	2006-11-19	MS-211
MS-212	PocketBike Racer	English	NTSC-U	2006-11-19	MS-212
MW-001	NFL Blitz 2002	N/A	NTSC-U	2002-03-18	MW-001
MW-002	Arctic Thunder	English	NTSC-U	2001-11-15	MW-002
MW-003	NHL Hitz 2002	English	NTSC-U	2001-11-14	MW-003
MW-004	Spy Hunter	English	NTSC-U	2002-03-14	MW-004
MW-005	Area 51	English	NTSC-U	2005-04-25	MW-005
MW-006	Defender	English	NTSC-U	2002-11-05	MW-006
MW-007	Freaky Flyers	English	NTSC-U	2003-08-04	MW-007
MW-008	MLB SlugFest 2003	N/A	NTSC-U	2002-08-26	MW-008
MW-009	MLB SlugFest 2004	N/A	NTSC-U	2003-03-16	MW-009
MW-010	NFL Blitz 2003	N/A	NTSC-U	2002-08-12	MW-010
MW-011	NHL Hitz 2003	English	NTSC-U	2002-09-16	MW-011
MW-012	Mortal Kombat: Deadly Alliance	English	NTSC-U	2002-11-19	MW-012
MW-013	Gravity Games Bike: Street. Vert. Dirt.	English / French / German / Italian / Spanish	NTSC-U	2002-09-04	MW-013
MW-014	Gauntlet: Dark Legacy	English	NTSC-U	2002-04-24	MW-014
MW-015	RedCard 20-03	English / French / German / Italian / Spanish	NTSC-U	2002-06-24	MW-015
MW-016	NBA Ballers	N/A	NTSC-U	2004-04-05	MW-016
MW-017	Dr. Muto	English / French / German / Italian / Spanish	NTSC-U	2002-11-11	MW-017
MW-018	Fire Blade	English / French / German / Italian / Spanish	NTSC-U	2002-11-17	MW-018
MW-020	NFL Blitz Pro	N/A	NTSC-U	2003-11	MW-020
MW-021	The Suffering	English	NTSC-U	2004	MW-021
MW-022	Psi-Ops: The Mindgate Conspiracy	English / French / German / Italian / Spanish	NTSC-U	2004-06-14	MW-022
MW-023	Freestyle Metal X	English / French / German / Italian / Spanish	NTSC-U	2003-09-14	MW-023
MW-024	RoadKill	English / French / Italian / Spanish	NTSC-U	2003-10-14	MW-024
MW-025	Mortal Kombat: Deception	English	NTSC-U	2004-10-06	MW-025
MW-026	NHL Hitz Pro	English	NTSC-U	2003-09-22	MW-026
MW-027	Spy Hunter 2	English	NTSC-U	2003-12-03	MW-027
MW-028	Midway Arcade Treasures	English	NTSC-U	2003-11-24	MW-028
MW-029	MLB SlugFest: Loaded	N/A	NTSC-U	2004-06-23	MW-029
MW-032	Midway Arcade Treasures 2	English	NTSC-U	2004-10-12	MW-032
MW-033	Unreal Championship 2: The Liandri Conflict	English / French / German / Italian / Spanish	NTSC-U	2005-04	MW-033
MW-034	Gauntlet: Seven Sorrows	English	NTSC-U	2005-12-12	MW-034
MW-035	Mortal Kombat: Deception	English / French / German / Italian / Spanish	PAL	2004-10-06	MW-035
MW-036	Narc	English	NTSC-U	2005-03-21	MW-036
MW-037	L.A. Rush	English / French / German / Italian / Spanish	NTSC-U	2005-10-11	MW-037
MW-038	Blitz: The League	N/A	NTSC-U	2005-10-18	MW-038
MW-040	Unreal Championship 2: The Liandri Conflict	English	NTSC-U	2005-04	MW-040
MW-041	Mortal Kombat: Shaolin Monks	English / French / German / Italian / Spanish	NTSC-U	2005-09-19	MW-041
MW-044	The Suffering: Ties That Bind	English / French	NTSC-U	2005	MW-044
MW-045	Midway Arcade Treasures 3	English	NTSC-U	2005-09-26	MW-045
MW-046	NBA Ballers: Phenom	N/A	NTSC-U	2006-03-29	MW-046
MW-050	Ed, Edd n Eddy: The Mis-Edventures	English / French	NTSC-U	2005-11-01	MW-050
MW-051	Gauntlet: Seven Sorrows	English / French / German / Italian / Spanish	PAL	2005-12-12	MW-051
MW-052	Mortal Kombat: Armageddon	English	NTSC-U	2006-10-17	MW-052
MW-054	NBA Ballers: Phenom	N/A	NTSC-U	2006-03-29	MW-054
MW-055	Spy Hunter: Nowhere to Run	English	NTSC-U	2006-09-05	MW-055
MW-056	MLB SlugFest 2006	N/A	NTSC-U	2006-06-05	MW-056
MX-001	Dreamfall: The Longest Journey	English / French / German	PAL	2006-04-18	MX-001
NK-001	Tom and Jerry in War of the Whiskers	English	NTSC-U	2003-12-16	NK-001
NL-002	Delta Force: Black Hawk Down	English / French / German / Italian / Spanish	NTSC-U	2005-07-26	NL-002
NM-001	Smashing Drive	N/A	NTSC-U	2002-05-13	NM-001
NM-003	Soulcalibur II	English	NTSC-U	2003	NM-003
NM-005	Dead to Rights	Japanese	NTSC-U	2002-08-20	NM-005
NM-006	Pac-Man World 2	N/A	NTSC-U	2002-10-15	NM-006
NM-007	Namco Museum	English	NTSC-U	2002-10-09	NM-007
NM-008	R: Racing Evolution	English / French / German / Italian / Spanish	NTSC-J	2003-11-27	NM-008
NM-009	Breakdown	English	NTSC-U	2004-01-29	NM-009
NM-011	kill.switch	English	NTSC-U	2003-10-28	NM-011
NM-012	Spawn: Armageddon	English / French / German / Italian / Spanish	NTSC-U	2003-11-21	NM-012
NM-015	I-Ninja	N/A	NTSC-U	2003-12-04	NM-015
NM-018	Breakdown	N/A	NTSC-U	2004-01-29	NM-018
NM-019	SRS: Street Racing Syndicate	English / French / German / Italian / Spanish	NTSC-U	2004-08-31	NM-019
NM-021	Dead to Rights II	English	NTSC-U	2005-04-12	NM-021
NM-022	Namco Museum 50th Anniversary	English / French / German / Italian / Spanish	NTSC-U	2005-08-30	NM-022
NM-023	Pac-Man World 3	English / French / German / Italian / Spanish	NTSC-U	2005-11-15	NM-023
NM-025	Curious George	N/A	NTSC-U	2006-02	NM-025
OX-001	Conspiracy: Weapons of Mass Destruction	English / French / German / Italian / Spanish	PAL	2005-08	OX-001
OX-002	Pilot Down: Behind Enemy Lines	English / French / German / Italian / Spanish	PAL	2005-09-09	OX-002
OX-004	ProStroke Golf: World Tour 2007	English / French / German / Italian / Spanish	NTSC-U	2006-11-11	OX-004
PC-001	Xyanide	English / French / German / Spanish	NTSC-U	2006-08-15	PC-001
PL-001	Phantom Crash	English	NTSC-U	2002	PL-001
PL-002	Kingdom Under Fire: The Crusaders	English / Korean	NTSC-U	2004-10-12	PL-002
PL-004	Kingdom Under Fire: The Crusaders	English / French / German / Italian	PAL	2004-10-12	PL-004
PL-005	Kingdom Under Fire: The Crusaders	N/A	NTSC-J	2004-10-12	PL-005
PL-006	Kingdom Under Fire: Heroes	English / French / German / Italian / Korean / Spanish	NTSC-U	2005-09-20	PL-006
RA-001	Lamborghini	English / French / German / Italian / Spanish	NTSC-U	2003	RA-001
RA-003	David Beckham Soccer	English / French / German / Italian / Spanish	PAL	2002-06	RA-003
RA-006	Crash	English / French / German / Italian / Spanish	PAL	2002-04-26	RA-006
RA-007	Rocky	English / French / German / Italian / Spanish	PAL	2002-11-12	RA-007
RA-008	Gun Metal	English / French / German / Italian / Spanish	PAL	2002-06-28	RA-008
RD-001	Yourself!Fitness	N/A	NTSC-U	2004	RD-001
SA-002	Guilty Gear XX #Reload	Japanese	NTSC-J	2004-04-29	SA-002
SA-003	Iron Phoenix	N/A	NTSC-U	2005-03-25	SA-003
SA-006	Guilty Gear X2 #Reload	English	PAL	2004-11-26	SA-006
SC-001	Conflict: Desert Storm	English	PAL	2002	SC-001
SC-003	The Great Escape	English	NTSC-U	2003	SC-003
SC-005	Richard Burns Rally	English / French / German / Italian / Spanish	PAL	2004-07-16	SC-005
SC-006	Conflict: Desert Storm II: Back to Baghdad	English / French / German / Italian / Spanish	NTSC-U	2003-10-08	SC-006
SC-007	Rolling	English / French / German / Italian / Spanish	PAL	2003-10-24	SC-007
SC-010	Conflict: Vietnam	English	NTSC-U	2004-09	SC-010
SC-011	Galleon	English / French / German	PAL	2004-06-11	SC-011
SC-012	Conflict: Global Terror	English / French / German / Italian / Spanish	NTSC-U	2005-09-09	SC-012
SC-014	Rogue Trooper	English / French / German / Italian	NTSC-U	2006-04-19	SC-014
SC-015	Constantine	English	NTSC-U	2005-02-14	SC-015
SC-016	Total Overdose	English / French / German / Italian / Spanish	NTSC-U	2005-09-16	SC-016
SC-247	Urban Chaos: Riot Response	English / French / German / Italian / Spanish	NTSC-U	2006-05-19	SC-247
SC-249	Commandos: Strike Force	English / French / German / Italian / Spanish	NTSC-U	2006-03-15	SC-249
SC-250	Hitman: Blood Money	English	NTSC-U	2006-05-25	SC-250
SC-251	Just Cause	English / French / German	NTSC-U	2006-09-22	SC-251
SC-253	Tomb Raider: Legend	English / French / German / Italian / Spanish	NTSC-U	2006-04-11	SC-253
SC-255	Reservoir Dogs	English	NTSC-U	2006-08-25	SC-255
SC-256	Championship Manager 2006	English / French / Italian	PAL	2006-05	SC-256
SE-002	NBA 2K2	N/A	NTSC-U	2002-02	SE-002
SE-003	Sega GT 2002	English / Japanese	NTSC-U	2002-09-03	SE-003
SE-004	Crazy Taxi 3: High Roller	English / Japanese	NTSC-U	2002	SE-004
SE-006	NFL 2K2	English	NTSC-U	2002-01-08	SE-006
SE-007	Panzer Dragoon Orta	English	NTSC-U	2002	SE-007
SE-008	The House of the Dead III	English	NTSC-U	2002-10-22	SE-008
SE-010	JSRF: Jet Set Radio Future	English	NTSC-U	2002-02-22	SE-010
SE-011	GunValkyrie	English / Japanese	NTSC-U	2002-03-18	SE-011
SE-014	World Series Baseball	English	NTSC-U	2002-05-22	SE-014
SE-015	ToeJam & Earl III: Mission to Earth	English	NTSC-U	2002-10-22	SE-015
SE-016	NCAA College Football 2K3	English	NTSC-U	2002-08-13	SE-016
SE-017	NFL 2K3	N/A	NTSC-U	2002-08-14	SE-017
SE-019	NBA 2K3	English	NTSC-U	2002-10-08	SE-019
SE-020	Sega Soccer Slam	N/A	NTSC-U	2002-08-21	SE-020
SE-022	JSRF: Jet Set Radio Future	Japanese	NTSC-J	2002-02-22	SE-022
SE-023	NHL 2K3	English	NTSC-U	2002-11-19	SE-023
SE-024	NCAA College Basketball 2K3	English	NTSC-U	2002-12-02	SE-024
SE-025	Crazy Taxi 3: High Roller	Japanese	NTSC-J	2002	SE-025
SE-026	World Series Baseball 2K3	English	NTSC-U	2003-03-10	SE-026
SE-028	Panzer Dragoon Orta	English	NTSC-U	2002	SE-028
SE-029	Rent a Hero No. 1	N/A	NTSC-J	2003-09-04	SE-029
SE-030	NBA 2K3	English	PAL	2002-10-08	SE-030
SE-031	NFL 2K3	English	PAL	2002-08-14	SE-031
SE-032	NHL 2K3	English	PAL	2002-11-19	SE-032
SE-033	Sega GT Online	English / Japanese	NTSC-U	2003-12-25	SE-033
SE-034	ESPN NFL Football	English	NTSC-U	2003-09-02	SE-034
SE-035	ESPN NBA Basketball	English	NTSC-U	2003-10-21	SE-035
SE-036	ESPN College Hoops	N/A	NTSC-U	2004-11-17	SE-036
SE-037	Headhunter: Redemption	English / French / German / Italian / Spanish	NTSC-U	2004-08-26	SE-037
SE-038	ESPN NHL Hockey	N/A	NTSC-U	2003-09-09	SE-038
SE-039	Puyo Puyo Fever	English / French / German / Italian / Japanese / Spanish	NTSC-J	2004-04-24	SE-039
SE-040	ESPN Major League Baseball	English	NTSC-U	2004-04-06	SE-040
SE-041	Spikeout: Battle Street	English / French / German / Italian / Japanese / Spanish	NTSC-U	2005-03-24	SE-041
SE-042	Worms 3D	English / French / German / Italian / Spanish	NTSC-U	2003-10-24	SE-042
SE-043	Sonic Heroes	English / French / German / Italian / Japanese / Spanish	NTSC-U	2003-12-30	SE-043
SE-044	ESPN NFL Football	English	PAL	2003-09-02	SE-044
SE-045	ESPN NHL Hockey	English	PAL	2003-09-09	SE-045
SE-046	ESPN NBA Basketball	English	PAL	2003-10-21	SE-046
SE-048	ESPN NFL 2K5	English	NTSC-U	2004-07-20	SE-048
SE-049	ESPN NBA 2K5	English	NTSC-U	2004-09-28	SE-049
SE-050	ESPN NHL 2K5	English	NTSC-U	2004-08-30	SE-050
SE-051	ESPN College Hoops 2K5	English	NTSC-U	2004-11-17	SE-051
SE-053	Worms Forts: Under Siege	English / French	NTSC-U	2004-11-19	SE-053
SE-054	OutRun 2	English	NTSC-U	2004-06-25	SE-054
SE-055	Major League Baseball 2K5	N/A	NTSC-U	2005-02-24	SE-055
SE-056	Super Monkey Ball Deluxe	English	NTSC-U	2005-03-15	SE-056
SE-057	OutRun 2	N/A	PAL	2004-06-25	SE-057
SE-060	Sonic Mega Collection Plus	English / Japanese	NTSC-U	2004-11-02	SE-060
SE-128	ESPN NBA 2K5	English	PAL	2004-09-28	SE-128
SE-129	World Snooker Championship 2005	English	PAL	2005-04-15	SE-129
SE-132	Spartan: Total Warrior	English / French / German / Italian / Spanish	PAL	2005-10-07	SE-132
SE-134	Shadow the Hedgehog	English / French / German / Italian / Japanese / Spanish	NTSC-U	2005-11-15	SE-134
SE-135	Sonic Riders	English / French / German / Italian / Japanese / Spanish	NTSC-U	2006	SE-135
SE-136	OutRun 2006: Coast 2 Coast	English / French / German / Italian / Spanish	NTSC-U	2006-03-31	SE-136
SE-138	Spartan: Total Warrior	English	NTSC-U	2005-10-07	SE-138
SE-139	Spartan: Total Warrior	N/A	NTSC-U	2005-10-07	SE-139
SN-001	SNK vs. Capcom: SVC Chaos	English / Japanese	NTSC-U	2004-09-28	SN-001
SN-002	Metal Slug 3	English / Japanese	NTSC-U	2004	SN-002
SN-003	The King of Fighters 2003	English / Japanese	NTSC-U	2005-08-25	SN-003
SN-004	Samurai Shodown V	English / French / German / Italian / Japanese / Spanish	NTSC-U	2006-01-18	SN-004
SN-005	Metal Slug 4	English / French / German / Italian / Japanese / Spanish	NTSC-U	2005-02-24	SN-005
SN-006	The King of Fighters 2002	English / French / German / Italian / Japanese / Spanish	NTSC-U	2005-03-24	SN-006
SN-007	The King of Fighters: Maximum Impact: Maniax	Japanese	NTSC-U	2005-06-28	SN-007
SN-008	Metal Slug 5	English / French / German / Italian / Japanese / Spanish	NTSC-U	2005-04-28	SN-008
SN-010	The King of Fighters: Neowave	English / French / German / Italian / Japanese / Spanish	NTSC-U	2006-03-30	SN-010
SP-001	Combat Elite: WWII Paratroopers	N/A	NTSC-U	2005-11-21	SP-001
SS-003	Outlaw Volleyball: Red Hot	English	NTSC-U	2003-10-01	SS-003
SS-005	Outlaw Golf: Holiday Golf	English	NTSC-U	2002-12-23	SS-005
SS-006	Outlaw Golf: 9 More Holes of X-Mas	English	NTSC-U	2003-11-15	SS-006
SS-007	Outlaw Volleyball	English / French / German	PAL	2003-07-09	SS-007
ST-001	Zillernet	N/A	NTSC-J	2005-06-10	ST-001
SU-001	Bistro Cupid	N/A	NTSC-J	2002-06-13	SU-001
SU-002	Nakajima Tetsuya no Othello Seminar	N/A	NTSC-J	2002-06-13	SU-002
SU-003	Umezawa Yukari no Igo Seminar	N/A	NTSC-J	2002-06-13	SU-003
SU-004	Yonenaga Kunio no Shougi Seminar	N/A	NTSC-J	2002-06-13	SU-004
SU-005	Takahashi Junko no Mahjong Seminar	N/A	NTSC-J	2002-06-13	SU-005
SU-006	Tetris Worlds	Japanese	NTSC-J	2002-06-25	SU-006
SU-007	Angelic Concert	Japanese	NTSC-J	2003-03-13	SU-007
SU-008	Bistro Cupid 2	N/A	NTSC-J	2003-08-28	SU-008
SU-009	Psyvariar 2: Extend Edition	N/A	NTSC-J	2004-10-28	SU-009
SW-001	Enclave	English / French / German	PAL	2002	SW-001
TA-001	Kikou Heidan J-Phoenix +	Japanese	NTSC-J	2002-12-05	TA-001
TC-001	Dead or Alive 3	English / Japanese	NTSC-U	2001-11-15	TC-001
TC-003	Ninja Gaiden	English / Japanese	NTSC-U	2004-02-28	TC-003
TC-004	Fatal Frame: Special Edition	N/A	NTSC-J	2003-02-06	TC-004
TC-005	Ninja Gaiden Video + Dead or Alive X-Treme Beach Volleyball Video + DOA 3 Bonus Materials	N/A	NTSC-U	2002	TC-005
TC-006	Dead or Alive 2 Ultimate	English / Japanese	NTSC-U	2004-10-26	TC-006
TC-007	Dead or Alive Xtreme Beach Volleyball	English / Japanese	NTSC-U	2003-01-22	TC-007
TC-009	Gungriffon: Allied Strike	English / Japanese / Korean	NTSC-U	2004-12-14	TC-009
TC-010	Project Zero II: Crimson Butterfly: Director's Cut	English / French / German / Italian / Spanish	PAL	2005-02-04	TC-010
TC-012	Gungriffon: Allied Strike	English / French / German / Italian / Spanish	PAL	2004-12-14	TC-012
TC-013	Ninja Gaiden Black	English / Japanese	NTSC-U	2005-09-20	TC-013
TC-014	Tecmo Classic Arcade	English / French / German / Italian / Japanese / Spanish	NTSC-U	2005-09-13	TC-014
TD-006	High Heat Major League Baseball 2004	English	NTSC-U	2003-03-11	TD-006
TK-001	Magi Death Fight!	N/A	NTSC-J	2002-07-04	TK-001
TK-004	Plus Plumb 2	Japanese	NTSC-J	2004-01-15	TK-004
TM-001	Shrek	English / French / German / Italian / Spanish	NTSC-U	2001-11-15	TM-001
TM-002	Robotech: Battlecry	English	NTSC-U	2002-09-23	TM-002
TM-003	Aquaman: Battle for Atlantis	English	NTSC-U	2003-07-30	TM-003
TM-004	Shrek Super Party	English / French / German / Italian / Spanish	NTSC-U	2002-11-29	TM-004
TM-005	World Racing	English	NTSC-U	2005-09-29	TM-005
TM-006	Outlaw Golf	English / French / German	PAL	2002-06-12	TM-006
TM-007	Knights of the Temple: Infernal Crusade	English / French / German / Spanish	PAL	2004-03-03	TM-007
TM-008	Conan	English / French / German / Italian / Spanish	PAL	2004-04-07	TM-008
TM-009	SeaBlade	English / French / German	PAL	2002-10-16	TM-009
TM-010	UFC: Ultimate Fighting Championship: Tapout 2	N/A	NTSC-U	2003-03-20	TM-010
TM-011	Corvette	English	NTSC-U	2003-12-10	TM-011
TM-013	Disney's The Haunted Mansion	English	PAL	2003-10-14	TM-013
TM-015	Dinotopia: The Sunstone Odyssey	English / French	NTSC-U	2003	TM-015
TM-016	Star Trek: Shattered Universe	English	NTSC-U	2004-01-14	TM-016
TM-017	Gene Troopers	English / French / German / Italian / Spanish	PAL	2006-01-05	TM-017
TM-018	World Racing 2	English / French / German / Italian / Spanish	NTSC-U	2005-09-29	TM-018
TM-019	Knights of the Temple II	English / French / German / Italian / Spanish	PAL	2005-11-24	TM-019
TQ-001	New Legends	English	NTSC-U	2002	TQ-001
TQ-002	WWF Raw	English	NTSC-U	2002-02-12	TQ-002
TQ-003	MX 2002 featuring Ricky Carmichael	English	NTSC-U	2001-12-04	TQ-003
TQ-004	Dark Summit	English	NTSC-U	2001-11-15	TQ-004
TQ-005	Red Faction II	English / French / German	NTSC-U	2003	TQ-005
TQ-006	Yager	English / French / German	NTSC-J	2003-05-03	TQ-006
TQ-007	Toxic Grind	English	NTSC-U	2002	TQ-007
TQ-008	MotoGP	English	NTSC-U	2003	TQ-008
TQ-009	FILA World Tour Tennis	English	PAL	2002	TQ-009
TQ-010	Tetris Worlds	English / French / German	NTSC-U	2002-06-25	TQ-010
TQ-011	Evil Dead: A Fistful of Boomstick	English	NTSC-U	2003	TQ-011
TQ-012	Circus Maximus: Chariot Wars	English	PAL	2002-02-25	TQ-012
TQ-013	WWE Raw 2	English	NTSC-U	2003-09-15	TQ-013
TQ-014	Scooby-Doo! Mystery Mayhem	English / French / German	NTSC-U	2004-03-02	TQ-014
TQ-015	Alter Echo	English	NTSC-U	2003-08-19	TQ-015
TQ-016	MX SuperFly	English	NTSC-U	2002-11-20	TQ-016
TQ-019	Metal Dungeon	English	PAL	2002	TQ-019
TQ-022	MotoGP URT2 Online Challenge	English / French / German / Italian / Japanese / Spanish	NTSC-J	2003-07-17	TQ-022
TQ-024	The Punisher	English	NTSC-U	2005-01-18	TQ-024
TQ-026	Nickelodeon SpongeBob SquarePants: Battle for Bikini Bottom	English	NTSC-U	2003-10-31	TQ-026
TQ-028	Tetris Worlds	English	NTSC-U	2002-06-25	TQ-028
TQ-029	Broken Sword: The Sleeping Dragon	English	NTSC-U	2003	TQ-029
TQ-030	Disney/Pixar Nemo-reul Chajaseo	Danish / Finnish / Norwegian / Swedish	NTSC-J	2003-12-06	TQ-030
TQ-031	Scooby-Doo! Night of 100 Frights	N/A	NTSC-U	2003-08-27	TQ-031
TQ-032	The Fairly OddParents: Breakin' da Rules	N/A	NTSC-U	2003-11-03	TQ-032
TQ-033	MX Unleashed	English	NTSC-U	2004	TQ-033
TQ-034	Full Spectrum Warrior	English	NTSC-U	2004-06-01	TQ-034
TQ-035	Sphinx and the Cursed Mummy	English	NTSC-U	2003-11-10	TQ-035
TQ-036	WWE WrestleMania 21	N/A	NTSC-U	2005-04-20	TQ-036
TQ-037	Evil Dead: Regeneration	English	NTSC-U	2005-09-13	TQ-037
TQ-038	Destroy All Humans!	English	NTSC-U	2005-06-21	TQ-038
TQ-039	The SpongeBob SquarePants Movie	English	NTSC-U	2004-10-27	TQ-039
TQ-040	Disney/Pixar The Incredibles	English	NTSC-U	2004-10-31	TQ-040
TQ-136	MotoGP: Ultimate Racing Technology 3	English / French / German / Spanish	NTSC-U	2005-08-30	TQ-136
TQ-137	Hot Wheels: Stunt Track Challenge	English	NTSC-U	2004-11-16	TQ-137
TQ-139	Tak 2: The Staff of Dreams	English / German	NTSC-U	2004-10-11	TQ-139
TQ-237	MX vs. ATV Unleashed	English	NTSC-U	2005-03-24	TQ-237
TQ-239	Juiced	English / French / German / Italian / Spanish	NTSC-U	2005-06-14	TQ-239
TQ-242	Disney/Pixar Cars	German	NTSC-U	2006-06-06	TQ-242
TQ-243	Juiced	English / French / German / Italian / Spanish	PAL	2005-06-14	TQ-243
TQ-244	Tak: The Great Juju Challenge	English	NTSC-U	2005-09-19	TQ-244
TQ-245	AFL Live Premiership Edition	English	PAL	2004-04-29	TQ-245
TQ-246	Disney/Pixar The Incredibles: Rise of the Underminer	English / French / German / Italian / Spanish	NTSC-U	2005-11-01	TQ-246
TQ-247	Scooby-Doo! Unmasked	English / French / Italian / Spanish	NTSC-U	2005-09-12	TQ-247
TQ-248	Full Spectrum Warrior: Ten Hammers	German	NTSC-U	2006-03-28	TQ-248
TQ-249	WWE WrestleMania 21	English	PAL	2005-04-20	TQ-249
TQ-250	Nickelodeon SpongeBob SquarePants: Lights, Camera, Pants!	English / Swedish	NTSC-U	2005-10-21	TQ-250
TQ-257	AFL Premiership	N/A	PAL	2005	TQ-257
TQ-258	Full Spectrum Warrior: Ten Hammers	English	NTSC-U	2006-03-28	TQ-258
TQ-261	Nickelodeon Avatar: The Last Airbender	N/A	NTSC-U	2006-10-10	TQ-261
TQ-262	Destroy All Humans! 2	English / French / German / Italian / Spanish	NTSC-U	2006-10-17	TQ-262
TQ-265	Disney/Pixar Ratatouille	N/A	NTSC-U	2007-06-26	TQ-265
TS-002	Barbarian	English / French / German / Italian / Spanish	PAL	2003	TS-002
TS-005	RoboCop	English / French / German / Italian / Spanish	NTSC-U	2003	TS-005
TT-001	4x4 Evo 2	English	NTSC-U	2001-11	TT-001
TT-003	Max Payne	English	NTSC-U	2001-12-17	TT-003
TT-004	Serious Sam	English	NTSC-U	2005-10-13	TT-004
TT-005	Conflict: Desert Storm	English	NTSC-U	2002	TT-005
TT-006	State of Emergency	English	NTSC-U	2003	TT-006
TT-008	Midnight Club II	English / French / German / Italian / Spanish	NTSC-U	2003-06-03	TT-008
TT-009	Mafia	English	NTSC-U	2004-03-08	TT-009
TT-010	Vietcong: Purple Haze	English / French / German / Italian / Spanish	NTSC-U	2004-09-15	TT-010
TT-011	MTV Celebrity Deathmatch	English	NTSC-U	2003-10-14	TT-011
TT-012	Max Payne 2: The Fall of Max Payne	English	NTSC-U	2003-11-25	TT-012
TT-013	Serious Sam II	English / French / German / Italian	NTSC-U	2005-10-11	TT-013
TT-014	Grand Theft Auto III	English	NTSC-U	2003-11-04	TT-014
TT-015	Grand Theft Auto: Vice City	English	NTSC-U	2003-11-04	TT-015
TT-016	Carve	English / French / German / Italian / Spanish	NTSC-U	2004-02-24	TT-016
TT-017	Pure Pinball	English	NTSC-U	2004-08-05	TT-017
TT-018	Close Combat: First to Fight	English / French / German / Italian	NTSC-U	2005-04-06	TT-018
TT-020	Army Men: Sarge's War	English / French / German / Italian / Spanish	NTSC-U	2004-08-02	TT-020
TT-021	Motocross Mania 3	English / French / German / Italian / Spanish	NTSC-U	2005-04-27	TT-021
TT-022	Virtual Pool: Tournament Edition	English / French / German / Italian	NTSC-U	2005-05-11	TT-022
TT-023	Outlaw Golf 2	English	NTSC-U	2004-10-21	TT-023
TT-024	Wings of War	English / French / German / Italian	NTSC-U	2004-08-30	TT-024
TT-025	Manhunt	English	NTSC-U	2004-04-20	TT-025
TT-026	Red Dead Revolver	Japanese	NTSC-U	2004-05-03	TT-026
TT-027	Robotech: Invasion	English	NTSC-U	2004-10-05	TT-027
TT-115	Grand Theft Auto: Vice City	English	NTSC-U	2003-11-04	TT-115
TT-118	Outlaw Tennis	English / French / German / Italian / Spanish	NTSC-U	2005-07-26	TT-118
TT-119	Ford Mustang: The Legend Lives	English / French / German / Spanish	NTSC-U	2005-04-20	TT-119
TT-121	Midnight Club 3: DUB Edition Remix	English / French / German / Italian / Spanish	NTSC-U	2006-03-13	TT-121
TT-122	Scaler	English / French / German	NTSC-U	2004-10-20	TT-122
TT-123	The Guy Game	N/A	NTSC-U	2004-08-30	TT-123
TT-124	Spy vs. Spy	N/A	NTSC-U	2005-04-06	TT-124
TT-125	Classified: The Sentinel Crisis	English	NTSC-U	2006-04-14	TT-125
TT-126	Gotcha!	English / French / German	PAL	2005-04-15	TT-126
TT-127	Robotech: Invasion	English / French / German / Italian / Spanish	PAL	2005-01-14	TT-127
TT-129	Charlie and the Chocolate Factory	English / French / German / Italian	NTSC-U	2005-07-11	TT-129
TT-130	Grand Theft Auto: San Andreas	English / Spanish	NTSC-U	2005-06-07	TT-130
TT-131	Shattered Union	English / French / German / Italian	NTSC-U	2005-10-17	TT-131
TT-132	Spy vs. Spy	English / French / German / Spanish	PAL	2005-04-29	TT-132
TT-134	Grand Theft Auto: San Andreas	English / French / German / Italian / Spanish	PAL	2005-06-10	TT-134
TT-135	World Poker Tour	English / French / German	NTSC-U	2005-10-18	TT-135
TT-136	Army Men: Major Malfunction	English	NTSC-U	2006-04-14	TT-136
TT-137	Ford vs. Chevy	N/A	NTSC-U	2005-11-09	TT-137
TT-138	Codename: Kids Next Door: Operation: V.I.D.E.O.G.A.M.E.	English / German	NTSC-U	2005-10-11	TT-138
TT-140	Zathura	N/A	NTSC-U	2005-11-02	TT-140
TT-141	NHL 2K6	English	NTSC-U	2005-09-06	TT-141
TT-143	Sid Meier's Pirates!	English / French / German / Italian / Spanish	NTSC-U	2005-07-11	TT-143
TT-144	NBA 2K6	English	NTSC-U	2005-09-26	TT-144
TT-145	College Hoops 2K6	English	NTSC-U	2005-11-21	TT-145
TT-146	Major League Baseball 2K6	N/A	NTSC-U	2006-04-03	TT-146
TT-147	Splat Magazine Renegade Paintball	English	NTSC-U	2005-10-11	TT-147
TT-149	Grand Theft Auto: San Andreas	English / German	PAL	2005-06-10	TT-149
TT-150	Major League Baseball 2K5: World Series Edition	N/A	NTSC-U	2005-10-18	TT-150
TT-155	The Warriors	English / French / German / Italian / Spanish	NTSC-U	2005-10-17	TT-155
TT-156	Hummer Badlands	N/A	NTSC-U	2006-04-14	TT-156
TT-161	NBA 2K6	English / French / German / Italian / Spanish	PAL	2006-03-10	TT-161
TT-162	NHL 2K6	English / French / German	PAL	2005-09-07	TT-162
TT-163	Grand Theft Auto: San Andreas	English / Spanish	NTSC-U	2004-10-26	TT-163
TT-164	Grand Theft Auto: San Andreas	English / French / German / Italian / Spanish	PAL	2004-10-26	TT-164
TT-165	Grand Theft Auto: San Andreas	N/A	PAL	2004-10-26	TT-165
TT-167	Zathura	English / French / German / Italian / Spanish	PAL	2005-11-03	TT-167
TT-169	Torino 2006	English / French / German / Italian / Spanish	NTSC-U	2006-01-24	TT-169
TT-171	The Da Vinci Code	English / French / German / Italian / Spanish	NTSC-U	2006	TT-171
TT-173	NHL 2K7	English	NTSC-U	2006	TT-173
TT-174	NBA 2K7	English	NTSC-U	2006-09-25	TT-174
TT-175	College Hoops 2K7	N/A	NTSC-U	2006-11-20	TT-175
TT-176	Family Guy	English	NTSC-U	2006-10-02	TT-176
TT-177	Major League Baseball 2K7	N/A	NTSC-U	2007-02-27	TT-177
US-001	Batman: Vengeance	English / French / Spanish	NTSC-U	2001-10-16	US-001
US-002	Rayman 3: Hoodlum Havoc	English / French / German / Italian / Spanish	NTSC-U	2003	US-002
US-003	Rayman Arena	N/A	NTSC-U	2001	US-003
US-004	Deathrow	English / French / German	NTSC-U	2002-10-17	US-004
US-005	Tom Clancy's Ghost Recon 2	English / French / German / Italian / Spanish	NTSC-U	2005-08	US-005
US-006	Tom Clancy's Ghost Recon	English	NTSC-U	2001-11-13	US-006
US-007	Tom Clancy's Ghost Recon: Island Thunder	English	NTSC-U	2002-09-25	US-007
US-008	Far Cry Instincts	English / French / Italian / Spanish	NTSC-U	2005-09-27	US-008
US-009	XIII	English / French / German / Italian / Spanish	NTSC-U	2003	US-009
US-010	Tom Clancy's Ghost Recon	English	NTSC-J	2001-11-13	US-010
US-011	Largo Winch: Empire Under Threat	English / French / German / Italian / Spanish	PAL	2002-09	US-011
US-012	Tom Clancy's Splinter Cell	English / French	NTSC-U	2002-11	US-012
US-013	UFC: Ultimate Fighting Championship: Tapout	English	PAL	2002-09-20	US-013
US-015	Star Wars: Obi-Wan	French	PAL	2001-12-21	US-015
US-017	Myst III: Exile	English / French / German / Italian / Spanish	NTSC-U	2001	US-017
US-018	Dragon's Lair 3D: Return to the Lair	English	NTSC-U	2002-11-18	US-018
US-019	Tom Clancy's Rainbow Six 3	English / French / German / Italian / Spanish	NTSC-U	2004-08	US-019
US-020	Rocky	N/A	NTSC-U	2002-11-12	US-020
US-021	The Elder Scrolls III: Morrowind	English / French / German	PAL	2002-05	US-021
US-022	Murakumo: Renegade Mech Pursuit	English	NTSC-U	2002-07-25	US-022
US-024	Beyond Good & Evil	English / French / Spanish	NTSC-U	2003	US-024
US-025	Tom Clancy's Splinter Cell: Pandora Tomorrow	English / French / German / Italian / Spanish	NTSC-U	2004	US-025
US-028	Batman: Rise of Sin Tzu	English / French / Spanish	NTSC-U	2003	US-028
US-029	Prince of Persia: The Sands of Time	English / French / Spanish	NTSC-U	2003	US-029
US-031	Tom Clancy's Rainbow Six 3	English	NTSC-U	2004-08	US-031
US-032	Crouching Tiger, Hidden Dragon	English / French / German / Italian / Spanish	NTSC-U	2003-12-09	US-032
US-052	Rocky Legends	English / French / German	NTSC-U	2004-09-28	US-052
US-054	187: Ride or Die	English / French / German / Italian / Spanish	NTSC-U	2005-08-25	US-054
US-055	Tom Clancy's Rainbow Six 3: Black Arrow	English / French / German / Italian / Spanish	NTSC-U	2004-08	US-055
US-056	Tom Clancy's Splinter Cell: Chaos Theory	English / French / German / Italian / Spanish	NTSC-U	2005-03-28	US-056
US-057	Chessmaster	English	NTSC-U	2004-08-16	US-057
US-058	The Dukes of Hazzard: Return of the General Lee	English / French / Spanish	NTSC-U	2004-09-28	US-058
US-059	Prince of Persia: Warrior Within	English / French / German / Italian / Spanish	NTSC-U	2004	US-059
US-060	Brothers in Arms: Road to Hill 30	English / French / German / Italian / Spanish	NTSC-U	2005-03	US-060
US-061	XIII: Daitouryou o Koroshita Otoko	N/A	NTSC-J	2004-08-05	US-061
US-063	CSI: Crime Scene Investigation	English / French / German / Italian / Spanish	NTSC-U	2004-12-14	US-063
US-064	Tork: Prehistoric Punk	N/A	NTSC-U	2005-01-12	US-064
US-067	America's Army: Rise of a Soldier	English	NTSC-U	2005-11-17	US-067
US-072	Tom Clancy's Rainbow Six: Lockdown	English / French / German / Italian / Spanish	NTSC-U	2005-09-06	US-072
US-073	Monster 4x4: World Circuit	N/A	NTSC-U	2006-03-23	US-073
US-074	Myst IV: Revelation	N/A	NTSC-U	2004-09-10	US-074
US-075	Cold Fear	English / French / German / Italian / Spanish	NTSC-U	2005-03	US-075
US-076	Peter Jackson's King Kong: The Official Game of the Movie	Danish / Dutch / English / Finnish / French / German / Italian / Norwegian / Spanish / Swedish	NTSC-U	2005	US-076
US-077	Tom Clancy's Ghost Recon 2: Summit Strike	English / French / German / Italian / Spanish	NTSC-U	2005-08	US-077
US-084	Tom Clancy's Ghost Recon: Advanced Warfighter	English / French / German / Italian / Spanish	NTSC-U	2006-03	US-084
US-086	AND 1 Streetball	English / French / German / Italian / Spanish	NTSC-U	2006-06-06	US-086
US-087	Blazing Angels: Squadrons of WWII	English / French / German / Italian / Spanish	NTSC-U	2006	US-087
US-088	Prince of Persia: The Two Thrones	English / French / German / Italian / Spanish	NTSC-U	2005	US-088
US-090	Brothers in Arms: Earned in Blood	English / French / German / Italian / Spanish	NTSC-U	2005	US-090
US-091	Brothers in Arms: Road to Hill 30	English / Japanese	NTSC-J	2005-03	US-091
US-092	Darkwatch	English / French / German / Italian / Spanish	PAL	2005	US-092
US-094	Tom Clancy's Splinter Cell: Double Agent	English / French / German / Italian / Spanish	NTSC-U	2006	US-094
US-095	Tom Clancy's Rainbow Six: Critical Hour	English / French	NTSC-U	2006-03-14	US-095
US-096	Far Cry Instincts: Evolution	English / French / German / Italian / Spanish	NTSC-U	2006-03-28	US-096
US-097	Open Season	English / French / German / Italian / Spanish	NTSC-U	2006-05-31	US-097
VC-001	Muzzle Flash	English / Japanese	NTSC-J	2003-02-27	VC-001
VN-004	Hunter: The Reckoning	English / French / German / Italian / Spanish	PAL	2002-05-14	VN-004
VN-006	Baldur's Gate: Dark Alliance	English / French / German / Italian / Spanish	PAL	2001-12	VN-006
VU-003	Crash Bandicoot: The Wrath of Cortex	English	NTSC-U	2001-11	VU-003
VU-004	The Lord of the Rings: The Fellowship of the Ring	English	NTSC-U	2002-09-24	VU-004
VU-005	Buffy the Vampire Slayer: Chaos Bleeds	English	NTSC-U	2003-08-26	VU-005
VU-007	Hunter: The Reckoning	English	NTSC-U	2002-05-14	VU-007
VU-008	Futurama	N/A	NTSC-U	2003-08-01	VU-008
VU-009	Antz Extreme Racing	N/A	NTSC-U	2002-07-26	VU-009
VU-010	Metal Arms: Glitch in the System	English	NTSC-U	2003-11-19	VU-010
VU-013	The Thing	English	NTSC-U	2002	VU-013
VU-014	Enclave	English / French / German	NTSC-U	2002	VU-014
VU-015	Battlestar Galactica	English	NTSC-U	2003-11-15	VU-015
VU-016	Outlaw Golf	English	NTSC-U	2002-06-12	VU-016
VU-017	Hulk	English	NTSC-U	2003-05-27	VU-017
VU-019	Total Immersion Racing	English	NTSC-U	2002	VU-019
VU-020	James Cameron's Dark Angel	English	NTSC-U	2002-11-18	VU-020
VU-021	The Simpsons: Hit & Run	English	NTSC-U	2003-09-16	VU-021
VU-022	Bruce Lee: Quest of the Dragon	N/A	NTSC-U	2002	VU-022
VU-023	SeaBlade	English	NTSC-U	2002-10-16	VU-023
VU-024	Mace Griffin: Bounty Hunter	N/A	NTSC-U	2003	VU-024
VU-025	Men of Valor	English	NTSC-U	2004	VU-025
VU-026	Baldur's Gate: Dark Alliance	English	NTSC-U	2001-12	VU-026
VU-027	Outlaw Golf: 9 Holes of X-Mas	N/A	NTSC-U	2002	VU-027
VU-031	Crash Nitro Kart	English	NTSC-U	2003-11-11	VU-031
VU-033	Jurassic Park: Operation Genesis	English	NTSC-U	2003	VU-033
VU-034	Aliens Versus Predator: Extinction	English	NTSC-U	2003	VU-034
VU-035	The Hobbit: The Prelude to the Lord of the Rings	English	NTSC-U	2003-11-11	VU-035
VU-038	The Chronicles of Riddick: Escape from Butcher Bay	English	NTSC-U	2004-06-01	VU-038
VU-039	Red Ninja: End of Honour	English	PAL	2005-04-01	VU-039
VU-040	Dr. Seuss' The Cat in the Hat	English	NTSC-U	2003-11-04	VU-040
VU-041	Van Helsing	English	NTSC-U	2004-05-06	VU-041
VU-042	Barbie Horse Adventures: Wild Horse Rescue	English / French / German / Italian / Spanish	NTSC-U	2003-11	VU-042
VU-045	Hunter: The Reckoning: Redeemer	English	NTSC-U	2003-10-28	VU-045
VU-046	Metal Arms: Glitch in the System	English	NTSC-U	2003-11-19	VU-046
VU-047	Fight Club	English	NTSC-U	2004-11-16	VU-047
VU-048	Predator: Concrete Jungle	English	NTSC-U	2005-04-15	VU-048
VU-049	Leisure Suit Larry: Magna Cum Laude	English	NTSC-U	2004-10-05	VU-049
VU-052	Spyro: A Hero's Tail	English	NTSC-U	2004-11-02	VU-052
VU-054	Crash Twinsanity	English / French / German / Italian	NTSC-U	2004-09-28	VU-054
VU-055	Robots	English	NTSC-U	2005	VU-055
VU-057	The Incredible Hulk: Ultimate Destruction	English	NTSC-U	2005-08-23	VU-057
VU-059	The Chronicles of Riddick: Escape from Butcher Bay	N/A	PAL	2004-06-01	VU-059
VU-063	Scarface: The World Is Yours	English	NTSC-U	2006-10	VU-063
VU-064	Men of Valor	German	PAL	2004	VU-064
VU-065	Crash Tag Team Racing	Dutch / English / French / German / Italian / Spanish	NTSC-U	2005-10-14	VU-065
VU-066	50 Cent: Bulletproof	English	NTSC-U	2005-11-17	VU-066
VU-067	Eragon	English	NTSC-U	2006-11-14	VU-067
VU-072	Bass Pro Shops: Trophy Hunter 2007	N/A	NTSC-U	2006-11-17	VU-072
VU-073	Bass Pro Shops: Trophy Bass 2007	N/A	NTSC-U	2006	VU-073
VU-074	The Legend of Spyro: A New Beginning	English / French / German / Italian / Spanish	NTSC-U	2006	VU-074
VU-075	Ice Age 2: The Meltdown	Dutch / English / German / Italian / Spanish	NTSC-U	2006-03-14	VU-075
VV-001	Crash Bandicoot: The Wrath of Cortex	Dutch / English / French / German / Italian / Spanish	PAL	2001-11	VV-001
VV-002	Bruce Lee: Quest of the Dragon	English / French / German / Italian / Spanish	PAL	2002	VV-002
VV-003	The Thing	German	PAL	2002	VV-003
VV-005	The Lord of the Rings: The Fellowship of the Ring	English / French / German / Italian / Spanish	PAL	2002-09-24	VV-005
VV-008	Hulk	English / French / German / Italian / Spanish	PAL	2003-05-27	VV-008
VV-010	Jurassic Park: Operation Genesis	English / French / German / Italian / Spanish	PAL	2003	VV-010
VV-013	Judge Dredd: Dredd vs. Death	English / German	PAL	2003-10-17	VV-013
VV-016	James Cameron's Dark Angel	English / French / German	PAL	2002-11-18	VV-016
VV-017	Mace Griffin: Bounty Hunter	English / German	PAL	2003	VV-017
VV-033	BloodRayne	English / French / Italian / Spanish	PAL	2002-10-15	VV-033
VV-037	SWAT: Global Strike Team	English / German	NTSC-U	2003	VV-037
VV-041	Die Hard: Vendetta	English / German	PAL	2002-11-08	VV-041
WE-001	Ultimate Beach Soccer	English / French / German / Italian / Portuguese / Spanish	NTSC-U	2003-08-27	WE-001
WE-005	Curse: The Eye of Isis	English / French / German / Italian / Portuguese / Spanish	NTSC-U	2003-10-24	WE-005
WR-001	Justice League Heroes	English	NTSC-U	2006-10-17	WR-001
XB-001	Test Equipment Boot Loader Utility	N/A	NTSC-U	2001-09	XB-001
XB-011	Xbox Hardware Refresh Disc	N/A	NTSC-U	2001	XB-011
XD-007	Xbox-ism: TGS2002 Playable Disc	Japanese	NTSC-J	2002-09-20	XD-007
XD-010	Xbox-ism: Winter 2002	N/A	NTSC-J	2002	XD-010
XI-001	Metal Dungeon	English	NTSC-U	2002	XI-001
XI-004	Black Stone: Magic & Steel	English	NTSC-U	2003	XI-004
XI-005	Motor Trend Presents Lotus Challenge	English / French / German / Italian / Spanish	NTSC-U	2003-04-30	XI-005
XI-007	Judge Dredd: Dredd vs. Death	English	NTSC-U	2005-02-23	XI-007
XK-001	Xbox Demo Disk Version 1.0	N/A	NTSC-U	2001	XK-001
XK-002	Xbox Demo Disk Version 1.1	English	NTSC-U	2001	XK-002
XK-003	Xbox Retailer's Demo Disc Vol. 1	Japanese	NTSC-J	2002	XK-003
XK-004	Xbox Demo Disk Version 4.0	English	PAL	2003	XK-004
XK-005	Xbox Demo Disk Version 5.0	German	PAL	2003	XK-005
XK-006	Xbox Demo Disk Version 2.0	N/A	NTSC-U	2002	XK-006
XK-007	Xbox Demo Disk Version 7.0	English / German	PAL	2003	XK-007
XK-008	Xbox Line-up Movies 2002 Summer	N/A	NTSC-J	2002	XK-008
XK-009	Xbox Exhibition	English	NTSC-U	2002-01-01	XK-009
XK-010	Xbox the Best of Demo Disk Version 10.0	Dutch / English / French / German / Italian / Spanish / Swedish	PAL	2004	XK-010
XK-011	Xbox Demo Disc Version 2.2a	English	NTSC-U	2003	XK-011
XK-012	Xbox Exhibition Volume 2	English	NTSC-U	2003-03-05	XK-012
XK-013	Xbox Demo Disk Version 13	N/A	PAL	2004	XK-013
XK-015	Xbox Demo Disc Version 2.3	English	NTSC-U	2003	XK-015
XK-016	Xbox Demo Disc Version 2.4	English	NTSC-U	2003	XK-016
XK-017	Xbox-ism: Spring 2003	Japanese	NTSC-J	2003	XK-017
XK-018	Xbox Exhibition Volume 3	English	NTSC-U	2003-07-17	XK-018
XK-020	Xbox Demo Disc Version 2.5	English	NTSC-U	2003	XK-020
XK-022	Xbox Demo Disc Version 3.0	English	NTSC-U	2003	XK-022
XK-024	Xbox Demo Disc Version 3.1	N/A	NTSC-U	2003	XK-024
XK-025	Xbox Demo Disc Version 3.2	English	NTSC-U	2003	XK-025
XK-026	Xbox Demo Disc Version 3.3	English	NTSC-U	2003	XK-026
XK-027	Xbox Demo Disc Version 3.4	English	NTSC-U	2003	XK-027
XK-028	Xbox Demo Disc Version 3.5	English	NTSC-U	2003	XK-028
XK-030	Xbox-ism: Tokyo Game Show 2003 (Disc 1) (Eizou-shuu + Taikenban)	N/A	NTSC-J	2003-09-26	XK-030
XK-031	Xbox Exhibition Volume 4	English	NTSC-U	2003-11-26	XK-031
XK-032	Xbox-ism: Winter 2003	N/A	NTSC-J	2003	XK-032
XK-033	Xbox-ism: New Year 2004	Japanese	NTSC-J	2004	XK-033
XK-035	Xbox-ism: Spring 2004	Japanese	NTSC-J	2004	XK-035
XK-036	Xbox Exhibition Volume 5	English	NTSC-U	2004-05-27	XK-036
XK-037	Xbox Demo Disc Version 3.6	English	NTSC-U	2003	XK-037
XK-038	Xbox-ism: Summer 2004	Japanese	NTSC-J	2004	XK-038
XK-039	Xbox Demo Disc Version 4.0	N/A	NTSC-U	2003	XK-039
XK-041	Xbox Demo Disc Version 4.1	English	NTSC-U	2003	XK-041
XK-042	Xbox-ism: Tokyo Game Show 2004 (Disc 1) (Taikenban)	N/A	NTSC-J	2004-09-24	XK-042
XK-043	Xbox Exhibition Volume 6	English	NTSC-U	2004-11-17	XK-043
XK-044	Xbox Demo Disc Version 4.2	English	NTSC-U	2003	XK-044
XK-045	Xbox Exhibition Volume 7	English	NTSC-U	2004-12	XK-045
XK-047	Xbox Demo Disc Version 4.3	English	NTSC-U	2003	XK-047
XK-049	Microsoft Game Studios New Year 2005	N/A	NTSC-J	2005-01-01	XK-049
XK-050	Xbox Demo Disc Version 4.4	English	NTSC-U	2003	XK-050
XK-051	Xbox Demo Disc Version 4.5	English	NTSC-U	2003	XK-051
XK-053	Xbox Demo Disc Version 4.6	N/A	NTSC-U	2003	XK-053
XL-004	Xbox Live Beta Starter Kit Disc v. 1.0	N/A	NTSC-U	2002	XL-004
XL-006	Xbox Live Beta Starter Kit Disc	English	NTSC-U	2002	XL-006
XL-007	Xbox Live Starter Kit Disc	English / French / German / Italian / Japanese / Spanish	NTSC-U	2002	XL-007
XL-008	Re-Volt	English / French / German / Italian / Japanese / Spanish	NTSC-U	2002-02-26	XL-008
XL-011	Xbox Live Starter Kit Disc / Zunou Taisen Live	Japanese	NTSC-J	2002	XL-011
XL-013	Star Wars: The Clone Wars + Tetris Worlds	English	NTSC-U	2003	XL-013
XL-015	NCAA Football 2005 + Top Spin	English / French / German	NTSC-U	2005-10-31	XL-015
XL-016	Xbox Live Starter Kit Disc	N/A	NTSC-U	2002	XL-016
XL-019	MechAssault 2: Lone Wolf + OutRun 2	English	NTSC-U	2004	XL-019
XL-020	Forza Motorsport + Xbox Live Arcade	Chinese / English / French / German / Italian / Japanese / Korean / Spanish	NTSC-U	2005-05-03	XL-020
XM-002	Malice	English / French / German / Italian / Spanish	PAL	2004-04-08	XM-002
XM-003	Championship Bowling	N/A	NTSC-U	2006-03-01	XM-003
XP-001	Gui Yi	N/A	NTSC-J	2003	XP-001
XP-004	Hello Kitty: Roller Rescue	English / French / German / Italian / Spanish	PAL	2005	XP-004
XX-007	Microsoft Windows Media Center Extender for Xbox v1.01	English	NTSC-U	2005	XX-007
YB-001	Murakumo	Korean	NTSC-J	2002-07-25	YB-001
YB-002	Otogi	Korean	NTSC-J	2002-12-12	YB-002
ZD-001	Pool Shark 2	English / French / German / Italian / Spanish	PAL	2004-11-19	ZD-001
ZD-004	Alien Hominid	English / French / German / Italian / Spanish	PAL	2004-11-21	ZD-004
